﻿﻿All CPC Ads Report - Shopee Philippines
User Name:,pgolayofficialstore
Shop Name:,Olay Official Store
Shop ID:,221352938
Report Creation Time:,18/03/2024 10:01
Date Period:,17/03/2024 - 17/03/2024

Sequence,Ad Name,Status,Ads Type,Product ID,Audience Targeting,Creative,Bidding Method,Placement,Keyword/Location,Match Type,Start Date,End Date,Impression,Clicks,CTR,Conversions,Direct Conversions,Conversion Rate,Direct Conversion Rate,Cost per Conversion,Cost per Direct Conversion,Items Sold,Direct Items Sold,GMV,Direct GMV,Expense,ROAS,Direct ROAS,ACOS,Direct ACOS,Product Impressions,Product Clicks,Product CTR
1,Olay Regenerist Miracle Boost Youth Pre-Essence 40 ml [5],Ended,Product Ad,5017252295,-,Smart Creative Disabled,Auto Bidding,Discovery,Auto Selected,-,30/11/2023 00:00:00,Unlimited,252,4,1.59%,0,0,0.00%,0.00%,0.00,0.00,0,0,0.00,0.00,8.89,0.00,0.00,0.00%,0.00%,-,-,-
2,Olay Regenerist Miracle Boost Youth Pre-Essence 40 ml [5],Ended,Product Ad,5017252295,-,Smart Creative Disabled,Auto Bidding,Search,Auto Selected,-,30/11/2023 00:00:00,Unlimited,127,5,3.94%,0,0,0.00%,0.00%,0.00,0.00,0,0,0.00,0.00,57.04,0.00,0.00,0.00%,0.00%,-,-,-
3,Olay Niacinamide Anti Aging Day Cream + Night Cream Regenerist Skincare 50g [4],Ongoing,Product Ad,4719436395,Auto Targeting,Smart Creative Disabled,Manual Bidding,Discovery,You May Also Like,-,24/08/2023 00:00:00,Unlimited,3986,72,1.81%,2,0,2.78%,0.00%,211.00,0.00,2,0,1798.00,0.00,422.00,4.26,0.00,23.47%,0.00%,-,-,-
4,Olay Niacinamide Anti Aging Day Cream + Night Cream Regenerist Skincare 50g [4],Ongoing,Product Ad,4719436395,Auto Targeting,Smart Creative Disabled,Manual Bidding,Discovery,Daily Discover,-,24/08/2023 00:00:00,Unlimited,2474,38,1.54%,0,0,0.00%,0.00%,0.00,0.00,0,0,0.00,0.00,228.00,0.00,0.00,0.00%,0.00%,-,-,-
5,Olay Total Effects Niacinamide Anti Aging Day Cream Moisturizer & Night Skincare Cream 50g + 50g [2],Ongoing,Product Ad,7717328129,Auto Targeting,Smart Creative Disabled,Manual Bidding,Discovery,You May Also Like,-,24/08/2023 00:00:00,Unlimited,2765,58,2.10%,5,4,8.62%,6.90%,66.63,83.29,5,4,3658.00,3596.00,333.17,10.98,10.79,9.11%,9.26%,-,-,-
6,Olay Total Effects Niacinamide Anti Aging Day Cream Moisturizer & Night Skincare Cream 50g + 50g [2],Ongoing,Product Ad,7717328129,Auto Targeting,Smart Creative Disabled,Manual Bidding,Discovery,Daily Discover,-,24/08/2023 00:00:00,Unlimited,2492,45,1.81%,4,4,8.89%,8.89%,66.71,66.71,5,5,4495.00,4495.00,266.83,16.85,16.85,5.94%,5.94%,-,-,-
7,Olay Total Effects Niacinamide Anti Aging Day Cream Moisturizer & Night Skincare Cream 50g + 50g [5],Ongoing,Product Ad,7717328129,-,Smart Creative Disabled,Auto Bidding,Discovery,Auto Selected,-,07/11/2023 00:00:00,Unlimited,3704,69,1.86%,3,2,4.35%,2.90%,64.00,96.00,10,2,2294.00,1798.00,192.00,11.95,9.36,8.37%,10.68%,-,-,-
8,Olay Total Effects Niacinamide Anti Aging Day Cream Moisturizer & Night Skincare Cream 50g + 50g [5],Ongoing,Product Ad,7717328129,-,Smart Creative Disabled,Auto Bidding,Search,Auto Selected,-,07/11/2023 00:00:00,Unlimited,912,76,8.33%,10,10,13.16%,13.16%,40.80,40.80,10,10,11998.00,11998.00,408.00,29.41,29.41,3.40%,3.40%,-,-,-
9,Olay Total Effects Niacinamide Anti Aging Serum Skincare 50ml [4],Ongoing,Product Ad,5517254914,Auto Targeting,Smart Creative Disabled,Manual Bidding,Discovery,You May Also Like,-,24/08/2023 00:00:00,Unlimited,2301,62,2.69%,0,0,0.00%,0.00%,0.00,0.00,0,0,0.00,0.00,368.00,0.00,0.00,0.00%,0.00%,-,-,-
10,Olay Total Effects Niacinamide Anti Aging Serum Skincare 50ml [4],Ongoing,Product Ad,5517254914,Auto Targeting,Smart Creative Disabled,Manual Bidding,Discovery,Daily Discover,-,24/08/2023 00:00:00,Unlimited,1296,22,1.70%,0,0,0.00%,0.00%,0.00,0.00,0,0,0.00,0.00,132.00,0.00,0.00,0.00%,0.00%,-,-,-
11,Olay Retinol Anti Aging Serum 30ml + Niacinamide Vitamin C Brightening Serum Luminous Skincare 30ml [4],Ongoing,Product Ad,6969166109,Auto Targeting,Smart Creative Disabled,Manual Bidding,Discovery,Daily Discover,-,24/08/2023 00:00:00,Unlimited,1705,26,1.52%,0,0,0.00%,0.00%,0.00,0.00,0,0,0.00,0.00,78.00,0.00,0.00,0.00%,0.00%,-,-,-
12,Olay Retinol Anti Aging Serum 30ml + Niacinamide Vitamin C Brightening Serum Luminous Skincare 30ml [4],Ongoing,Product Ad,6969166109,Auto Targeting,Smart Creative Disabled,Manual Bidding,Discovery,You May Also Like,-,24/08/2023 00:00:00,Unlimited,1433,24,1.67%,0,0,0.00%,0.00%,0.00,0.00,0,0,0.00,0.00,72.00,0.00,0.00,0.00%,0.00%,-,-,-
13,Olay Niacinamide + Vitamin C Brightening Serum Luminous Skincare 30ml​ [4],Ongoing,Product Ad,7369177119,Auto Targeting,Smart Creative Disabled,Manual Bidding,Discovery,You May Also Like,-,24/08/2023 00:00:00,Unlimited,3010,85,2.82%,0,0,0.00%,0.00%,0.00,0.00,0,0,0.00,0.00,500.00,0.00,0.00,0.00%,0.00%,-,-,-
14,Olay Total Effects Night Cream Moisturizer 50 g [2],Ongoing,Product Ad,3715815506,Auto Targeting,Smart Creative Disabled,Manual Bidding,Discovery,You May Also Like,-,24/08/2023 00:00:00,Unlimited,1819,48,2.64%,0,0,0.00%,0.00%,0.00,0.00,0,0,0.00,0.00,286.00,0.00,0.00,0.00%,0.00%,-,-,-
15,Olay Total Effects Night Cream Moisturizer 50 g [2],Ongoing,Product Ad,3715815506,Auto Targeting,Smart Creative Disabled,Manual Bidding,Discovery,Daily Discover,-,24/08/2023 00:00:00,Unlimited,1087,19,1.75%,0,0,0.00%,0.00%,0.00,0.00,0,0,0.00,0.00,114.00,0.00,0.00,0.00%,0.00%,-,-,-
16,Olay Niacinamide Anti Aging Cream Regenerist 50g + Retinol Anti-Aging Cream Skincare 50g​ [5],Ongoing,Product Ad,15866804253,-,Smart Creative Disabled,Auto Bidding,Discovery,Auto Selected,-,06/10/2023 00:00:00,Unlimited,2326,35,1.50%,2,2,5.71%,5.71%,48.00,48.00,2,2,5098.00,5098.00,96.00,53.10,53.10,1.88%,1.88%,-,-,-
17,Olay Niacinamide Anti Aging Cream Regenerist 50g + Retinol Anti-Aging Cream Skincare 50g​ [5],Ongoing,Product Ad,15866804253,-,Smart Creative Disabled,Auto Bidding,Search,Auto Selected,-,06/10/2023 00:00:00,Unlimited,415,16,3.86%,3,2,18.75%,12.50%,68.00,102.00,3,2,7783.00,5098.00,204.00,38.15,24.99,2.62%,4.00%,-,-,-
18,Olay Regenerist Collagen Peptide24 Skincare Cream Moisturizer & Serum 50 g + 30 ml [4],Ongoing,Product Ad,17934366448,Auto Targeting,Smart Creative Disabled,Manual Bidding,Discovery,You May Also Like,-,24/08/2023 00:00:00,Unlimited,1764,44,2.49%,0,0,0.00%,0.00%,0.00,0.00,0,0,0.00,0.00,260.00,0.00,0.00,0.00%,0.00%,-,-,-
19,Olay Regenerist Collagen Peptide24 Skincare Cream Moisturizer & Serum 50 g + 30 ml [4],Ongoing,Product Ad,17934366448,Auto Targeting,Smart Creative Disabled,Manual Bidding,Discovery,Daily Discover,-,24/08/2023 00:00:00,Unlimited,600,15,2.50%,0,0,0.00%,0.00%,0.00,0.00,0,0,0.00,0.00,90.00,0.00,0.00,0.00%,0.00%,-,-,-
20,Olay Retinol 24 Anti Aging Face Cream Skincare 50g [4],Ongoing,Product Ad,6153607771,Auto Targeting,Smart Creative Disabled,Manual Bidding,Discovery,You May Also Like,-,24/08/2023 00:00:00,Unlimited,1197,31,2.59%,0,0,0.00%,0.00%,0.00,0.00,0,0,0.00,0.00,202.00,0.00,0.00,0.00%,0.00%,-,-,-
21,Olay Retinol 24 Anti Aging Face Cream Skincare 50g [4],Ongoing,Product Ad,6153607771,Auto Targeting,Smart Creative Disabled,Manual Bidding,Discovery,Daily Discover,-,24/08/2023 00:00:00,Unlimited,973,14,1.44%,0,0,0.00%,0.00%,0.00,0.00,0,0,0.00,0.00,98.00,0.00,0.00,0.00%,0.00%,-,-,-
22,Olay White Radiance Niacinamide + Vitamin C Super Serum 30mL Set of 2 [4],Ongoing,Product Ad,5569165898,Auto Targeting,Smart Creative Disabled,Manual Bidding,Discovery,You May Also Like,-,11/11/2023 00:00:00,Unlimited,1356,21,1.55%,0,0,0.00%,0.00%,0.00,0.00,0,0,0.00,0.00,141.84,0.00,0.00,0.00%,0.00%,-,-,-
23,Olay White Radiance Niacinamide + Vitamin C Super Serum 30mL Set of 2 [4],Ongoing,Product Ad,5569165898,Auto Targeting,Smart Creative Disabled,Manual Bidding,Discovery,Daily Discover,-,11/11/2023 00:00:00,Unlimited,575,9,1.57%,0,0,0.00%,0.00%,0.00,0.00,0,0,0.00,0.00,58.16,0.00,0.00,0.00%,0.00%,-,-,-
24,Olay Retinol 24 Anti Aging Face Cream Skincare 50g [5],Ongoing,Product Ad,6153607771,-,Smart Creative Disabled,Auto Bidding,Discovery,Auto Selected,-,07/11/2023 00:00:00,Unlimited,1721,35,2.03%,0,0,0.00%,0.00%,0.00,0.00,0,0,0.00,0.00,96.00,0.00,0.00,0.00%,0.00%,-,-,-
25,Olay Retinol 24 Anti Aging Face Cream Skincare 50g [5],Ongoing,Product Ad,6153607771,-,Smart Creative Disabled,Auto Bidding,Search,Auto Selected,-,07/11/2023 00:00:00,Unlimited,190,25,13.16%,1,0,4.00%,0.00%,204.00,0.00,1,0,1415.00,0.00,204.00,6.94,0.00,14.42%,0.00%,-,-,-
26,Olay Niacinamide + Vitamin C Brightening Serum Luminous Skincare 30ml​ [5],Ongoing,Product Ad,7369177119,-,Smart Creative Disabled,Auto Bidding,Discovery,Auto Selected,-,07/11/2023 00:00:00,Unlimited,1523,24,1.58%,1,0,4.17%,0.00%,64.00,0.00,1,0,2499.00,0.00,64.00,39.05,0.00,2.56%,0.00%,-,-,-
27,Olay Niacinamide + Vitamin C Brightening Serum Luminous Skincare 30ml​ [5],Ongoing,Product Ad,7369177119,-,Smart Creative Disabled,Auto Bidding,Search,Auto Selected,-,07/11/2023 00:00:00,Unlimited,359,16,4.46%,0,0,0.00%,0.00%,0.00,0.00,0,0,0.00,0.00,136.00,0.00,0.00,0.00%,0.00%,-,-,-
28,Olay Retinol 24 Face Cream 50g Set of 2,Ongoing,Product Ad,22620730145,Auto Targeting,Smart Creative Disabled,Manual Bidding,Discovery,You May Also Like,-,11/11/2023 00:00:00,Unlimited,1247,28,2.25%,0,0,0.00%,0.00%,0.00,0.00,0,0,0.00,0.00,218.86,0.00,0.00,0.00%,0.00%,-,-,-
29,Olay Retinol 24 Face Cream 50g Set of 2,Ongoing,Product Ad,22620730145,Auto Targeting,Smart Creative Disabled,Manual Bidding,Discovery,Daily Discover,-,11/11/2023 00:00:00,Unlimited,557,10,1.80%,0,0,0.00%,0.00%,0.00,0.00,0,0,0.00,0.00,81.14,0.00,0.00,0.00%,0.00%,-,-,-
30,Olay Regenerist Collagen Peptide 24 Anti Aging Moisturizer Skincare 50g [2],Ongoing,Product Ad,13513458778,Auto Targeting,Smart Creative Disabled,Manual Bidding,Discovery,You May Also Like,-,24/08/2023 00:00:00,Unlimited,1130,36,3.19%,0,0,0.00%,0.00%,0.00,0.00,0,0,0.00,0.00,216.00,0.00,0.00,0.00%,0.00%,-,-,-
31,Olay Regenerist Collagen Peptide 24 Anti Aging Moisturizer Skincare 50g [2],Ongoing,Product Ad,13513458778,Auto Targeting,Smart Creative Disabled,Manual Bidding,Discovery,Daily Discover,-,24/08/2023 00:00:00,Unlimited,651,14,2.15%,0,0,0.00%,0.00%,0.00,0.00,0,0,0.00,0.00,84.00,0.00,0.00,0.00%,0.00%,-,-,-
32,Olay Niacinamide Anti Aging Day Cream + Night Cream Regenerist Skincare 50g [2],Ongoing,Product Ad,4719436395,Auto Targeting,Smart Creative Disabled,Manual Bidding,Search,olay,Broad Match,25/08/2023 00:00:00,Unlimited,754,24,3.18%,4,0,16.67%,0.00%,39.85,0.00,4,0,1230.00,0.00,159.38,7.72,0.00,12.96%,0.00%,-,-,-
33,Olay Niacinamide Anti Aging Day Cream + Night Cream Regenerist Skincare 50g [2],Ongoing,Product Ad,4719436395,Auto Targeting,Smart Creative Disabled,Manual Bidding,Search,olay total effects night cream,Broad Match,25/08/2023 00:00:00,Unlimited,320,5,1.56%,0,0,0.00%,0.00%,0.00,0.00,0,0,0.00,0.00,43.89,0.00,0.00,0.00%,0.00%,-,-,-
34,Olay Niacinamide Anti Aging Day Cream + Night Cream Regenerist Skincare 50g [2],Ongoing,Product Ad,4719436395,Auto Targeting,Smart Creative Disabled,Manual Bidding,Search,night cream,Broad Match,25/08/2023 00:00:00,Unlimited,157,3,1.91%,0,0,0.00%,0.00%,0.00,0.00,0,0,0.00,0.00,31.02,0.00,0.00,0.00%,0.00%,-,-,-
35,Olay Niacinamide Anti Aging Day Cream + Night Cream Regenerist Skincare 50g [2],Ongoing,Product Ad,4719436395,Auto Targeting,Smart Creative Disabled,Manual Bidding,Search,olay official store,Broad Match,25/08/2023 00:00:00,Unlimited,140,2,1.43%,0,0,0.00%,0.00%,0.00,0.00,0,0,0.00,0.00,13.55,0.00,0.00,0.00%,0.00%,-,-,-
36,Olay Niacinamide Anti Aging Day Cream + Night Cream Regenerist Skincare 50g [2],Ongoing,Product Ad,4719436395,Auto Targeting,Smart Creative Disabled,Manual Bidding,Search,face cream,Broad Match,25/08/2023 00:00:00,Unlimited,129,2,1.55%,0,0,0.00%,0.00%,0.00,0.00,0,0,0.00,0.00,17.37,0.00,0.00,0.00%,0.00%,-,-,-
37,Olay Niacinamide Anti Aging Day Cream + Night Cream Regenerist Skincare 50g [2],Ongoing,Product Ad,4719436395,Auto Targeting,Smart Creative Disabled,Manual Bidding,Search,cream,Broad Match,25/08/2023 00:00:00,Unlimited,110,0,0.00%,0,0,0.00%,0.00%,0.00,0.00,0,0,0.00,0.00,0.00,0.00,0.00,0.00%,0.00%,-,-,-
38,Olay Niacinamide Anti Aging Day Cream + Night Cream Regenerist Skincare 50g [2],Ongoing,Product Ad,4719436395,Auto Targeting,Smart Creative Disabled,Manual Bidding,Search,anti aging,Broad Match,25/08/2023 00:00:00,Unlimited,92,2,2.17%,0,0,0.00%,0.00%,0.00,0.00,0,0,0.00,0.00,16.60,0.00,0.00,0.00%,0.00%,-,-,-
39,Olay Niacinamide Anti Aging Day Cream + Night Cream Regenerist Skincare 50g [2],Ongoing,Product Ad,4719436395,Auto Targeting,Smart Creative Disabled,Manual Bidding,Search,olay total effects,Broad Match,25/08/2023 00:00:00,Unlimited,31,2,6.45%,0,0,0.00%,0.00%,0.00,0.00,0,0,0.00,0.00,18.19,0.00,0.00,0.00%,0.00%,-,-,-
40,Olay Niacinamide Anti Aging Day Cream + Night Cream Regenerist Skincare 50g [2],Ongoing,Product Ad,4719436395,Auto Targeting,Smart Creative Disabled,Manual Bidding,Search,skin care,Broad Match,25/08/2023 00:00:00,Unlimited,12,0,0.00%,0,0,0.00%,0.00%,0.00,0.00,0,0,0.00,0.00,0.00,0.00,0.00,0.00%,0.00%,-,-,-
41,Olay Niacinamide Anti Aging Day Cream + Night Cream Regenerist Skincare 50g [2],Ongoing,Product Ad,4719436395,Auto Targeting,Smart Creative Disabled,Manual Bidding,Search,regenerist cream,Broad Match,25/08/2023 00:00:00,Unlimited,8,0,0.00%,0,0,0.00%,0.00%,0.00,0.00,0,0,0.00,0.00,0.00,0.00,0.00,0.00%,0.00%,-,-,-
42,Olay Niacinamide Anti Aging Day Cream + Night Cream Regenerist Skincare 50g [2],Ongoing,Product Ad,4719436395,Auto Targeting,Smart Creative Disabled,Manual Bidding,Search,moisturizer,Broad Match,25/08/2023 00:00:00,Unlimited,2,0,0.00%,0,0,0.00%,0.00%,0.00,0.00,0,0,0.00,0.00,0.00,0.00,0.00,0.00%,0.00%,-,-,-
43,Olay Niacinamide Anti Aging Day Cream + Night Cream Regenerist Skincare 50g [5],Ongoing,Product Ad,4719436395,-,Smart Creative Disabled,Auto Bidding,Discovery,Auto Selected,-,07/11/2023 00:00:00,Unlimited,1445,25,1.73%,2,0,8.00%,0.00%,32.00,0.00,2,0,2964.00,0.00,64.00,46.31,0.00,2.16%,0.00%,-,-,-
44,Olay Niacinamide Anti Aging Day Cream + Night Cream Regenerist Skincare 50g [5],Ongoing,Product Ad,4719436395,-,Smart Creative Disabled,Auto Bidding,Search,Auto Selected,-,07/11/2023 00:00:00,Unlimited,157,12,7.64%,2,1,16.67%,8.33%,68.00,136.00,2,1,2614.00,2299.00,136.00,19.22,16.90,5.20%,5.92%,-,-,-
45,Olay Luminous Niacinamide + AHA Brightening Serum 30ml + Moisturizer 50g Skincare [5],Ongoing,Product Ad,15246652336,-,Smart Creative Disabled,Auto Bidding,Discovery,Auto Selected,-,07/11/2023 00:00:00,Unlimited,1284,15,1.17%,0,0,0.00%,0.00%,0.00,0.00,0,0,0.00,0.00,40.84,0.00,0.00,0.00%,0.00%,-,-,-
46,Olay Luminous Niacinamide + AHA Brightening Serum 30ml + Moisturizer 50g Skincare [5],Ongoing,Product Ad,15246652336,-,Smart Creative Disabled,Auto Bidding,Search,Auto Selected,-,07/11/2023 00:00:00,Unlimited,231,7,3.03%,0,0,0.00%,0.00%,0.00,0.00,0,0,0.00,0.00,92.10,0.00,0.00,0.00%,0.00%,-,-,-
47,Olay Total Effects Niacinamide Anti Aging Day Cream Moisturizer & Night Skincare Cream 50g + 50g [4],Ongoing,Product Ad,7717328129,Auto Targeting,Smart Creative Disabled,Manual Bidding,Search,olay,Broad Match,25/08/2023 00:00:00,Unlimited,526,19,3.61%,0,0,0.00%,0.00%,0.00,0.00,0,0,0.00,0.00,138.92,0.00,0.00,0.00%,0.00%,-,-,-
48,Olay Total Effects Niacinamide Anti Aging Day Cream Moisturizer & Night Skincare Cream 50g + 50g [4],Ongoing,Product Ad,7717328129,Auto Targeting,Smart Creative Disabled,Manual Bidding,Search,anti aging cream,Broad Match,25/08/2023 00:00:00,Unlimited,251,5,1.99%,0,0,0.00%,0.00%,0.00,0.00,0,0,0.00,0.00,43.43,0.00,0.00,0.00%,0.00%,-,-,-
49,Olay Total Effects Niacinamide Anti Aging Day Cream Moisturizer & Night Skincare Cream 50g + 50g [4],Ongoing,Product Ad,7717328129,Auto Targeting,Smart Creative Disabled,Manual Bidding,Search,olay moisturizer,Broad Match,25/08/2023 00:00:00,Unlimited,207,6,2.90%,0,0,0.00%,0.00%,0.00,0.00,0,0,0.00,0.00,42.52,0.00,0.00,0.00%,0.00%,-,-,-
50,Olay Total Effects Niacinamide Anti Aging Day Cream Moisturizer & Night Skincare Cream 50g + 50g [4],Ongoing,Product Ad,7717328129,Auto Targeting,Smart Creative Disabled,Manual Bidding,Search,olay cream,Broad Match,25/08/2023 00:00:00,Unlimited,183,8,4.37%,2,1,25.00%,12.50%,25.52,51.03,2,1,1337.00,1275.00,51.03,26.20,24.98,3.82%,4.00%,-,-,-
51,Olay Total Effects Niacinamide Anti Aging Day Cream Moisturizer & Night Skincare Cream 50g + 50g [4],Ongoing,Product Ad,7717328129,Auto Targeting,Smart Creative Disabled,Manual Bidding,Search,olay retinol,Broad Match,25/08/2023 00:00:00,Unlimited,80,4,5.00%,0,0,0.00%,0.00%,0.00,0.00,0,0,0.00,0.00,36.31,0.00,0.00,0.00%,0.00%,-,-,-
52,Olay Total Effects Niacinamide Anti Aging Day Cream Moisturizer & Night Skincare Cream 50g + 50g [4],Ongoing,Product Ad,7717328129,Auto Targeting,Smart Creative Disabled,Manual Bidding,Search,olay cream day and night,Broad Match,25/08/2023 00:00:00,Unlimited,61,3,4.92%,0,0,0.00%,0.00%,0.00,0.00,0,0,0.00,0.00,27.57,0.00,0.00,0.00%,0.00%,-,-,-
53,Olay Total Effects Niacinamide Anti Aging Day Cream Moisturizer & Night Skincare Cream 50g + 50g [4],Ongoing,Product Ad,7717328129,Auto Targeting,Smart Creative Disabled,Manual Bidding,Search,olay night cream,Broad Match,25/08/2023 00:00:00,Unlimited,61,2,3.28%,0,0,0.00%,0.00%,0.00,0.00,0,0,0.00,0.00,15.20,0.00,0.00,0.00%,0.00%,-,-,-
54,Olay Total Effects Niacinamide Anti Aging Day Cream Moisturizer & Night Skincare Cream 50g + 50g [4],Ongoing,Product Ad,7717328129,Auto Targeting,Smart Creative Disabled,Manual Bidding,Search,olay total effects,Broad Match,25/08/2023 00:00:00,Unlimited,24,3,12.50%,0,0,0.00%,0.00%,0.00,0.00,0,0,0.00,0.00,10.79,0.00,0.00,0.00%,0.00%,-,-,-
55,Olay Total Effects Niacinamide Anti Aging Day Cream Moisturizer & Night Skincare Cream 50g + 50g [4],Ongoing,Product Ad,7717328129,Auto Targeting,Smart Creative Disabled,Manual Bidding,Search,collagen cream,Broad Match,25/08/2023 00:00:00,Unlimited,23,1,4.35%,0,0,0.00%,0.00%,0.00,0.00,0,0,0.00,0.00,11.25,0.00,0.00,0.00%,0.00%,-,-,-
56,Olay Total Effects Niacinamide Anti Aging Day Cream Moisturizer & Night Skincare Cream 50g + 50g [4],Ongoing,Product Ad,7717328129,Auto Targeting,Smart Creative Disabled,Manual Bidding,Search,olay anti aging cream,Broad Match,25/08/2023 00:00:00,Unlimited,19,3,15.79%,0,0,0.00%,0.00%,0.00,0.00,0,0,0.00,0.00,22.96,0.00,0.00,0.00%,0.00%,-,-,-
57,Olay Total Effects Niacinamide Anti Aging Day Cream Moisturizer & Night Skincare Cream 50g + 50g [4],Ongoing,Product Ad,7717328129,Auto Targeting,Smart Creative Disabled,Manual Bidding,Search,cream,Broad Match,25/08/2023 00:00:00,Unlimited,2,0,0.00%,0,0,0.00%,0.00%,0.00,0.00,0,0,0.00,0.00,0.00,0.00,0.00,0.00%,0.00%,-,-,-
58,Olay Total Effects Niacinamide Anti Aging Day Cream Moisturizer & Night Skincare Cream 50g + 50g [4],Ongoing,Product Ad,7717328129,Auto Targeting,Smart Creative Disabled,Manual Bidding,Search,moisturizer,Broad Match,25/08/2023 00:00:00,Unlimited,2,0,0.00%,0,0,0.00%,0.00%,0.00,0.00,0,0,0.00,0.00,0.00,0.00,0.00,0.00%,0.00%,-,-,-
59,Olay Regenerist Collagen Peptide24 Moisturiser 50g Set of 2,Ongoing,Product Ad,18972050720,Auto Targeting,Smart Creative Disabled,Manual Bidding,Discovery,You May Also Like,-,11/11/2023 00:00:00,Unlimited,1370,19,1.39%,0,0,0.00%,0.00%,0.00,0.00,0,0,0.00,0.00,141.00,0.00,0.00,0.00%,0.00%,-,-,-
60,Olay Regenerist Collagen Peptide24 Moisturiser 50g Set of 2,Ongoing,Product Ad,18972050720,Auto Targeting,Smart Creative Disabled,Manual Bidding,Discovery,Daily Discover,-,11/11/2023 00:00:00,Unlimited,65,2,3.08%,0,0,0.00%,0.00%,0.00,0.00,0,0,0.00,0.00,9.00,0.00,0.00,0.00%,0.00%,-,-,-
61,Olay Total Effects Niacinamide Anti Aging Serum Skincare 50ml [2],Ongoing,Product Ad,5517254914,Auto Targeting,Smart Creative Disabled,Manual Bidding,Search,olay cream,Broad Match,25/08/2023 00:00:00,Unlimited,798,18,2.26%,1,1,5.56%,5.56%,124.25,124.25,1,1,863.00,863.00,124.25,6.95,6.95,14.40%,14.40%,-,-,-
62,Olay Total Effects Niacinamide Anti Aging Serum Skincare 50ml [2],Ongoing,Product Ad,5517254914,Auto Targeting,Smart Creative Disabled,Manual Bidding,Search,face serum,Broad Match,25/08/2023 00:00:00,Unlimited,436,11,2.52%,0,0,0.00%,0.00%,0.00,0.00,0,0,0.00,0.00,76.40,0.00,0.00,0.00%,0.00%,-,-,-
63,Olay Total Effects Niacinamide Anti Aging Serum Skincare 50ml [2],Ongoing,Product Ad,5517254914,Auto Targeting,Smart Creative Disabled,Manual Bidding,Search,olay total effects,Broad Match,25/08/2023 00:00:00,Unlimited,80,1,1.25%,2,0,200.00%,0.00%,3.09,0.00,2,0,1510.00,0.00,6.18,244.22,0.00,0.41%,0.00%,-,-,-
64,Olay Total Effects Niacinamide Anti Aging Serum Skincare 50ml [2],Ongoing,Product Ad,5517254914,Auto Targeting,Smart Creative Disabled,Manual Bidding,Search,anti aging serum,Broad Match,25/08/2023 00:00:00,Unlimited,47,7,14.89%,0,0,0.00%,0.00%,0.00,0.00,0,0,0.00,0.00,43.16,0.00,0.00,0.00%,0.00%,-,-,-
65,Olay Total Effects Niacinamide Anti Aging Serum Skincare 50ml [2],Ongoing,Product Ad,5517254914,Auto Targeting,Smart Creative Disabled,Manual Bidding,Search,niacinamide serum,Broad Match,25/08/2023 00:00:00,Unlimited,24,0,0.00%,0,0,0.00%,0.00%,0.00,0.00,0,0,0.00,0.00,0.00,0.00,0.00,0.00%,0.00%,-,-,-
66,Olay Total Effects Niacinamide Anti Aging Serum Skincare 50ml [2],Ongoing,Product Ad,5517254914,Auto Targeting,Smart Creative Disabled,Manual Bidding,Search,olay niacinamide,Broad Match,25/08/2023 00:00:00,Unlimited,2,0,0.00%,0,0,0.00%,0.00%,0.00,0.00,0,0,0.00,0.00,0.00,0.00,0.00,0.00%,0.00%,-,-,-
67,Olay Retinol 24 Anti Aging Serum Skincare 30ml​ [4],Ongoing,Product Ad,6153610671,Auto Targeting,Smart Creative Disabled,Manual Bidding,Discovery,You May Also Like,-,24/08/2023 00:00:00,Unlimited,659,21,3.19%,0,0,0.00%,0.00%,0.00,0.00,0,0,0.00,0.00,126.00,0.00,0.00,0.00%,0.00%,-,-,-
68,Olay Retinol 24 Anti Aging Serum Skincare 30ml​ [4],Ongoing,Product Ad,6153610671,Auto Targeting,Smart Creative Disabled,Manual Bidding,Discovery,Daily Discover,-,24/08/2023 00:00:00,Unlimited,645,13,2.02%,0,0,0.00%,0.00%,0.00,0.00,0,0,0.00,0.00,74.00,0.00,0.00,0.00%,0.00%,-,-,-
69,Olay Retinol 24 Anti Aging Serum Skincare 30ml​ [5],Ongoing,Product Ad,6153610671,-,Smart Creative Disabled,Auto Bidding,Discovery,Auto Selected,-,07/11/2023 00:00:00,Unlimited,1016,34,3.35%,0,0,0.00%,0.00%,0.00,0.00,0,0,0.00,0.00,96.00,0.00,0.00,0.00%,0.00%,-,-,-
70,Olay Retinol 24 Anti Aging Serum Skincare 30ml​ [5],Ongoing,Product Ad,6153610671,-,Smart Creative Disabled,Auto Bidding,Search,Auto Selected,-,07/11/2023 00:00:00,Unlimited,281,18,6.41%,4,0,22.22%,0.00%,51.00,0.00,4,0,5808.00,0.00,204.00,28.47,0.00,3.51%,0.00%,-,-,-
71,Olay Niacinamide Anti Aging Cream Regenerist 50g + Retinol Anti-Aging Cream Skincare,Ongoing,Product Ad,4853962533,Auto Targeting,Smart Creative Disabled,Manual Bidding,Discovery,You May Also Like,-,24/08/2023 00:00:00,Unlimited,1281,50,3.90%,0,0,0.00%,0.00%,0.00,0.00,0,0,0.00,0.00,300.00,0.00,0.00,0.00%,0.00%,-,-,-
72,Olay Luminous Niacinamide + AHA Serum 30ml (Acne Mark / Dark Spot) [2],Ongoing,Product Ad,15232912019,Auto Targeting,Smart Creative Disabled,Manual Bidding,Discovery,You May Also Like,-,24/08/2023 00:00:00,Unlimited,1245,17,1.37%,0,0,0.00%,0.00%,0.00,0.00,0,0,0.00,0.00,100.00,0.00,0.00,0.00%,0.00%,-,-,-
73,Olay Luminous Foaming Cleanser Brightening Skincare 100 g [5],Ongoing,Product Ad,7817321843,-,Smart Creative Disabled,Auto Bidding,Search,Auto Selected,-,30/11/2023 00:00:00,Unlimited,754,12,1.59%,2,1,16.67%,8.33%,68.00,136.00,2,1,514.00,315.00,136.00,3.78,2.32,26.46%,43.17%,-,-,-
74,Olay Luminous Foaming Cleanser Brightening Skincare 100 g [5],Ongoing,Product Ad,7817321843,-,Smart Creative Disabled,Auto Bidding,Discovery,Auto Selected,-,30/11/2023 00:00:00,Unlimited,486,17,3.50%,0,0,0.00%,0.00%,0.00,0.00,0,0,0.00,0.00,42.93,0.00,0.00,0.00%,0.00%,-,-,-
75,Olay Retinol 24 Anti Aging Face Cream Skincare 50g [2],Ongoing,Product Ad,6153607771,Auto Targeting,Smart Creative Disabled,Manual Bidding,Search,olay,Broad Match,25/08/2023 00:00:00,Unlimited,388,15,3.87%,0,0,0.00%,0.00%,0.00,0.00,0,0,0.00,0.00,113.23,0.00,0.00,0.00%,0.00%,-,-,-
76,Olay Retinol 24 Anti Aging Face Cream Skincare 50g [2],Ongoing,Product Ad,6153607771,Auto Targeting,Smart Creative Disabled,Manual Bidding,Search,retinol cream,Broad Match,25/08/2023 00:00:00,Unlimited,208,6,2.88%,1,0,16.67%,0.00%,60.55,0.00,1,0,2549.00,0.00,60.55,42.10,0.00,2.38%,0.00%,-,-,-
77,Olay Retinol 24 Anti Aging Face Cream Skincare 50g [2],Ongoing,Product Ad,6153607771,Auto Targeting,Smart Creative Disabled,Manual Bidding,Search,olay cream,Broad Match,25/08/2023 00:00:00,Unlimited,204,4,1.96%,0,0,0.00%,0.00%,0.00,0.00,0,0,0.00,0.00,27.78,0.00,0.00,0.00%,0.00%,-,-,-
78,Olay Retinol 24 Anti Aging Face Cream Skincare 50g [2],Ongoing,Product Ad,6153607771,Auto Targeting,Smart Creative Disabled,Manual Bidding,Search,olay retinol,Broad Match,25/08/2023 00:00:00,Unlimited,183,28,15.30%,0,0,0.00%,0.00%,0.00,0.00,0,0,0.00,0.00,167.74,0.00,0.00,0.00%,0.00%,-,-,-
79,Olay Retinol 24 Anti Aging Face Cream Skincare 50g [2],Ongoing,Product Ad,6153607771,Auto Targeting,Smart Creative Disabled,Manual Bidding,Search,cream,Broad Match,25/08/2023 00:00:00,Unlimited,113,0,0.00%,0,0,0.00%,0.00%,0.00,0.00,0,0,0.00,0.00,0.00,0.00,0.00,0.00%,0.00%,-,-,-
80,Olay Retinol 24 Anti Aging Face Cream Skincare 50g [2],Ongoing,Product Ad,6153607771,Auto Targeting,Smart Creative Disabled,Manual Bidding,Search,face cream,Broad Match,25/08/2023 00:00:00,Unlimited,68,3,4.41%,0,0,0.00%,0.00%,0.00,0.00,0,0,0.00,0.00,19.91,0.00,0.00,0.00%,0.00%,-,-,-
81,Olay Retinol 24 Anti Aging Face Cream Skincare 50g [2],Ongoing,Product Ad,6153607771,Auto Targeting,Smart Creative Disabled,Manual Bidding,Search,anti aging,Broad Match,25/08/2023 00:00:00,Unlimited,23,1,4.35%,0,0,0.00%,0.00%,0.00,0.00,0,0,0.00,0.00,10.79,0.00,0.00,0.00%,0.00%,-,-,-
82,Olay Retinol 24 Anti Aging Face Cream Skincare 50g [2],Ongoing,Product Ad,6153607771,Auto Targeting,Smart Creative Disabled,Manual Bidding,Search,anti aging cream,Broad Match,25/08/2023 00:00:00,Unlimited,16,0,0.00%,0,0,0.00%,0.00%,0.00,0.00,0,0,0.00,0.00,0.00,0.00,0.00,0.00%,0.00%,-,-,-
83,Olay Retinol 24 Anti Aging Face Cream Skincare 50g [2],Ongoing,Product Ad,6153607771,Auto Targeting,Smart Creative Disabled,Manual Bidding,Search,gift for women,Broad Match,25/08/2023 00:00:00,Unlimited,2,0,0.00%,0,0,0.00%,0.00%,0.00,0.00,0,0,0.00,0.00,0.00,0.00,0.00,0.00%,0.00%,-,-,-
84,Olay Retinol 24 Anti Aging Face Cream Skincare 50g [2],Ongoing,Product Ad,6153607771,Auto Targeting,Smart Creative Disabled,Manual Bidding,Search,niacinamide,Broad Match,25/08/2023 00:00:00,Unlimited,2,0,0.00%,0,0,0.00%,0.00%,0.00,0.00,0,0,0.00,0.00,0.00,0.00,0.00,0.00%,0.00%,-,-,-
85,Olay Retinol 24 Serum 30mL + White radiance Essence 30mL [4],Ongoing,Product Ad,6854282453,Auto Targeting,Smart Creative Disabled,Manual Bidding,Discovery,You May Also Like,-,11/11/2023 00:00:00,Unlimited,1040,21,2.02%,1,0,4.76%,0.00%,150.00,0.00,1,0,2499.00,0.00,150.00,16.66,0.00,6.00%,0.00%,-,-,-
86,Olay Retinol 24 Serum 30mL + White radiance Essence 30mL [4],Ongoing,Product Ad,6854282453,Auto Targeting,Smart Creative Disabled,Manual Bidding,Discovery,Daily Discover,-,11/11/2023 00:00:00,Unlimited,1,0,0.00%,0,0,0.00%,0.00%,0.00,0.00,0,0,0.00,0.00,0.00,0.00,0.00,0.00%,0.00%,-,-,-
87,Olay Luminous Niacinamide + Hyaluron Moisturizer 50g,Ongoing,Product Ad,22087480279,-,Smart Creative Disabled,Auto Bidding,Discovery,Auto Selected,-,12/12/2023 00:00:00,Unlimited,785,9,1.15%,0,0,0.00%,0.00%,0.00,0.00,0,0,0.00,0.00,23.71,0.00,0.00,0.00%,0.00%,-,-,-
88,Olay Luminous Niacinamide + Hyaluron Moisturizer 50g,Ongoing,Product Ad,22087480279,-,Smart Creative Disabled,Auto Bidding,Search,Auto Selected,-,12/12/2023 00:00:00,Unlimited,162,2,1.23%,0,0,0.00%,0.00%,0.00,0.00,0,0,0.00,0.00,32.15,0.00,0.00,0.00%,0.00%,-,-,-
89,Olay Luminous Hyaluron+Niacinamide Gel Cream and Serum Set,Ongoing,Product Ad,25102396653,-,Smart Creative Disabled,Auto Bidding,Discovery,Auto Selected,-,12/12/2023 00:00:00,Unlimited,755,7,0.93%,0,0,0.00%,0.00%,0.00,0.00,0,0,0.00,0.00,17.99,0.00,0.00,0.00%,0.00%,-,-,-
90,Olay Luminous Hyaluron+Niacinamide Gel Cream and Serum Set,Ongoing,Product Ad,25102396653,-,Smart Creative Disabled,Auto Bidding,Search,Auto Selected,-,12/12/2023 00:00:00,Unlimited,101,1,0.99%,0,0,0.00%,0.00%,0.00,0.00,0,0,0.00,0.00,1.49,0.00,0.00,0.00%,0.00%,-,-,-
91,Olay Retinol 24 MAX Anti Aging Serum Skincare 30ml,Ongoing,Product Ad,25506491547,Auto Targeting,Smart Creative Disabled,Manual Bidding,Search,olay,Broad Match,24/01/2024 00:00:00,Unlimited,343,4,1.17%,0,0,0.00%,0.00%,0.00,0.00,0,0,0.00,0.00,24.03,0.00,0.00,0.00%,0.00%,-,-,-
92,Olay Retinol 24 MAX Anti Aging Serum Skincare 30ml,Ongoing,Product Ad,25506491547,Auto Targeting,Smart Creative Disabled,Manual Bidding,Search,retinol,Broad Match,24/01/2024 00:00:00,Unlimited,131,3,2.29%,0,0,0.00%,0.00%,0.00,0.00,0,0,0.00,0.00,15.14,0.00,0.00,0.00%,0.00%,-,-,-
93,Olay Retinol 24 MAX Anti Aging Serum Skincare 30ml,Ongoing,Product Ad,25506491547,Auto Targeting,Smart Creative Disabled,Manual Bidding,Search,olay serum,Broad Match,24/01/2024 00:00:00,Unlimited,130,0,0.00%,0,0,0.00%,0.00%,0.00,0.00,0,0,0.00,0.00,0.00,0.00,0.00,0.00%,0.00%,-,-,-
94,Olay Retinol 24 MAX Anti Aging Serum Skincare 30ml,Ongoing,Product Ad,25506491547,Auto Targeting,Smart Creative Disabled,Manual Bidding,Search,olay retinol,Broad Match,24/01/2024 00:00:00,Unlimited,70,5,7.14%,0,0,0.00%,0.00%,0.00,0.00,0,0,0.00,0.00,27.90,0.00,0.00,0.00%,0.00%,-,-,-
95,Olay Retinol 24 MAX Anti Aging Serum Skincare 30ml,Ongoing,Product Ad,25506491547,Auto Targeting,Smart Creative Disabled,Manual Bidding,Search,serum,Broad Match,24/01/2024 00:00:00,Unlimited,63,2,3.17%,0,0,0.00%,0.00%,0.00,0.00,0,0,0.00,0.00,12.54,0.00,0.00,0.00%,0.00%,-,-,-
96,Olay Retinol 24 MAX Anti Aging Serum Skincare 30ml,Ongoing,Product Ad,25506491547,Auto Targeting,Smart Creative Disabled,Manual Bidding,Search,retinol cream,Broad Match,24/01/2024 00:00:00,Unlimited,47,0,0.00%,0,0,0.00%,0.00%,0.00,0.00,0,0,0.00,0.00,0.00,0.00,0.00,0.00%,0.00%,-,-,-
97,Olay Retinol 24 MAX Anti Aging Serum Skincare 30ml,Ongoing,Product Ad,25506491547,Auto Targeting,Smart Creative Disabled,Manual Bidding,Search,anti aging,Broad Match,24/01/2024 00:00:00,Unlimited,12,0,0.00%,0,0,0.00%,0.00%,0.00,0.00,0,0,0.00,0.00,0.00,0.00,0.00,0.00%,0.00%,-,-,-
98,Olay Retinol 24 MAX Anti Aging Serum Skincare 30ml,Ongoing,Product Ad,25506491547,Auto Targeting,Smart Creative Disabled,Manual Bidding,Search,skin care,Broad Match,24/01/2024 00:00:00,Unlimited,8,0,0.00%,0,0,0.00%,0.00%,0.00,0.00,0,0,0.00,0.00,0.00,0.00,0.00,0.00%,0.00%,-,-,-
99,Olay Retinol 24 MAX Anti Aging Serum Skincare 30ml,Ongoing,Product Ad,25506491547,Auto Targeting,Smart Creative Disabled,Manual Bidding,Search,skincare,Broad Match,24/01/2024 00:00:00,Unlimited,2,0,0.00%,0,0,0.00%,0.00%,0.00,0.00,0,0,0.00,0.00,0.00,0.00,0.00,0.00%,0.00%,-,-,-
100,Olay Retinol 24 MAX Anti Aging Face Cream Skincare 50g,Ongoing,Product Ad,24256492294,Auto Targeting,Smart Creative Disabled,Manual Bidding,Search,olay,Broad Match,24/01/2024 00:00:00,Unlimited,414,5,1.21%,0,0,0.00%,0.00%,0.00,0.00,0,0,0.00,0.00,32.81,0.00,0.00,0.00%,0.00%,-,-,-
101,Olay Retinol 24 MAX Anti Aging Face Cream Skincare 50g,Ongoing,Product Ad,24256492294,Auto Targeting,Smart Creative Disabled,Manual Bidding,Search,olay retinol,Broad Match,24/01/2024 00:00:00,Unlimited,161,6,3.73%,0,0,0.00%,0.00%,0.00,0.00,0,0,0.00,0.00,34.09,0.00,0.00,0.00%,0.00%,-,-,-
102,Olay Retinol 24 MAX Anti Aging Face Cream Skincare 50g,Ongoing,Product Ad,24256492294,Auto Targeting,Smart Creative Disabled,Manual Bidding,Search,retinol,Broad Match,24/01/2024 00:00:00,Unlimited,108,5,4.63%,0,0,0.00%,0.00%,0.00,0.00,0,0,0.00,0.00,26.13,0.00,0.00,0.00%,0.00%,-,-,-
103,Olay Retinol 24 MAX Anti Aging Face Cream Skincare 50g,Ongoing,Product Ad,24256492294,Auto Targeting,Smart Creative Disabled,Manual Bidding,Search,cream,Broad Match,24/01/2024 00:00:00,Unlimited,41,0,0.00%,0,0,0.00%,0.00%,0.00,0.00,0,0,0.00,0.00,0.00,0.00,0.00,0.00%,0.00%,-,-,-
104,Olay Retinol 24 MAX Anti Aging Face Cream Skincare 50g,Ongoing,Product Ad,24256492294,Auto Targeting,Smart Creative Disabled,Manual Bidding,Search,anti aging cream,Broad Match,24/01/2024 00:00:00,Unlimited,23,0,0.00%,0,0,0.00%,0.00%,0.00,0.00,0,0,0.00,0.00,0.00,0.00,0.00,0.00%,0.00%,-,-,-
105,Olay Retinol 24 MAX Anti Aging Face Cream Skincare 50g,Ongoing,Product Ad,24256492294,Auto Targeting,Smart Creative Disabled,Manual Bidding,Search,moisturizer,Broad Match,24/01/2024 00:00:00,Unlimited,12,0,0.00%,0,0,0.00%,0.00%,0.00,0.00,0,0,0.00,0.00,0.00,0.00,0.00,0.00%,0.00%,-,-,-
106,Olay Retinol 24 MAX Anti Aging Face Cream Skincare 50g,Ongoing,Product Ad,24256492294,Auto Targeting,Smart Creative Disabled,Manual Bidding,Search,face cream,Broad Match,24/01/2024 00:00:00,Unlimited,11,0,0.00%,0,0,0.00%,0.00%,0.00,0.00,0,0,0.00,0.00,0.00,0.00,0.00,0.00%,0.00%,-,-,-
107,Olay Retinol 24 MAX Anti Aging Face Cream Skincare 50g,Ongoing,Product Ad,24256492294,Auto Targeting,Smart Creative Disabled,Manual Bidding,Search,skin care,Broad Match,24/01/2024 00:00:00,Unlimited,9,1,11.11%,0,0,0.00%,0.00%,0.00,0.00,0,0,0.00,0.00,6.98,0.00,0.00,0.00%,0.00%,-,-,-
108,Olay Retinol 24 MAX Anti Aging Face Cream Skincare 50g,Ongoing,Product Ad,24256492294,Auto Targeting,Smart Creative Disabled,Manual Bidding,Search,regenerist cream,Broad Match,24/01/2024 00:00:00,Unlimited,1,0,0.00%,0,0,0.00%,0.00%,0.00,0.00,0,0,0.00,0.00,0.00,0.00,0.00,0.00%,0.00%,-,-,-
109,Olay Niacinamide Anti Aging Cream Regenerist 50g + Retinol Anti-Aging Cream Skincare [3],Ongoing,Product Ad,4853962533,Auto Targeting,Smart Creative Disabled,Manual Bidding,Search,olay regenerist,Broad Match,12/12/2023 00:00:00,Unlimited,343,8,2.33%,0,0,0.00%,0.00%,0.00,0.00,0,0,0.00,0.00,41.83,0.00,0.00,0.00%,0.00%,-,-,-
110,Olay Niacinamide Anti Aging Cream Regenerist 50g + Retinol Anti-Aging Cream Skincare [3],Ongoing,Product Ad,4853962533,Auto Targeting,Smart Creative Disabled,Manual Bidding,Search,regenerist cream,Broad Match,12/12/2023 00:00:00,Unlimited,123,4,3.25%,0,0,0.00%,0.00%,0.00,0.00,0,0,0.00,0.00,19.92,0.00,0.00,0.00%,0.00%,-,-,-
111,Olay Niacinamide Anti Aging Cream Regenerist 50g + Retinol Anti-Aging Cream Skincare [3],Ongoing,Product Ad,4853962533,Auto Targeting,Smart Creative Disabled,Manual Bidding,Search,retinol cream,Broad Match,12/12/2023 00:00:00,Unlimited,100,2,2.00%,0,0,0.00%,0.00%,0.00,0.00,0,0,0.00,0.00,11.92,0.00,0.00,0.00%,0.00%,-,-,-
112,Olay Niacinamide Anti Aging Cream Regenerist 50g + Retinol Anti-Aging Cream Skincare [3],Ongoing,Product Ad,4853962533,Auto Targeting,Smart Creative Disabled,Manual Bidding,Search,face cream,Broad Match,12/12/2023 00:00:00,Unlimited,82,5,6.10%,0,0,0.00%,0.00%,0.00,0.00,0,0,0.00,0.00,26.33,0.00,0.00,0.00%,0.00%,-,-,-
113,Olay Niacinamide Anti Aging Cream Regenerist 50g + Retinol Anti-Aging Cream Skincare [3],Ongoing,Product Ad,4853962533,Auto Targeting,Smart Creative Disabled,Manual Bidding,Search,retinol,Broad Match,12/12/2023 00:00:00,Unlimited,29,0,0.00%,0,0,0.00%,0.00%,0.00,0.00,0,0,0.00,0.00,0.00,0.00,0.00,0.00%,0.00%,-,-,-
114,Olay Niacinamide Anti Aging Cream Regenerist 50g + Retinol Anti-Aging Cream Skincare [3],Ongoing,Product Ad,4853962533,Auto Targeting,Smart Creative Disabled,Manual Bidding,Search,skincare,Broad Match,12/12/2023 00:00:00,Unlimited,17,0,0.00%,0,0,0.00%,0.00%,0.00,0.00,0,0,0.00,0.00,0.00,0.00,0.00,0.00%,0.00%,-,-,-
115,Olay Niacinamide Anti Aging Cream Regenerist 50g + Retinol Anti-Aging Cream Skincare [3],Ongoing,Product Ad,4853962533,Auto Targeting,Smart Creative Disabled,Manual Bidding,Search,niacinamide,Broad Match,12/12/2023 00:00:00,Unlimited,15,0,0.00%,0,0,0.00%,0.00%,0.00,0.00,0,0,0.00,0.00,0.00,0.00,0.00,0.00%,0.00%,-,-,-
116,Olay Niacinamide Anti Aging Cream Regenerist 50g + Retinol Anti-Aging Cream Skincare [3],Ongoing,Product Ad,4853962533,Auto Targeting,Smart Creative Disabled,Manual Bidding,Search,skin care,Broad Match,12/12/2023 00:00:00,Unlimited,6,0,0.00%,0,0,0.00%,0.00%,0.00,0.00,0,0,0.00,0.00,0.00,0.00,0.00,0.00%,0.00%,-,-,-
117,Olay Niacinamide Anti Aging Cream Regenerist 50g + Retinol Anti-Aging Cream Skincare [3],Ongoing,Product Ad,4853962533,Auto Targeting,Smart Creative Disabled,Manual Bidding,Search,regenerist,Broad Match,12/12/2023 00:00:00,Unlimited,3,0,0.00%,0,0,0.00%,0.00%,0.00,0.00,0,0,0.00,0.00,0.00,0.00,0.00,0.00%,0.00%,-,-,-
118,Olay Regenerist Collagen Peptide 24 Anti Aging Moisturizer Skincare 50g [4],Ongoing,Product Ad,13513458778,Auto Targeting,Smart Creative Disabled,Manual Bidding,Search,olay,Broad Match,25/08/2023 00:00:00,Unlimited,290,2,0.69%,0,0,0.00%,0.00%,0.00,0.00,0,0,0.00,0.00,8.32,0.00,0.00,0.00%,0.00%,-,-,-
119,Olay Regenerist Collagen Peptide 24 Anti Aging Moisturizer Skincare 50g [4],Ongoing,Product Ad,13513458778,Auto Targeting,Smart Creative Disabled,Manual Bidding,Search,olay cream,Broad Match,25/08/2023 00:00:00,Unlimited,125,4,3.20%,0,0,0.00%,0.00%,0.00,0.00,0,0,0.00,0.00,24.28,0.00,0.00,0.00%,0.00%,-,-,-
120,Olay Regenerist Collagen Peptide 24 Anti Aging Moisturizer Skincare 50g [4],Ongoing,Product Ad,13513458778,Auto Targeting,Smart Creative Disabled,Manual Bidding,Search,moisturizer,Broad Match,25/08/2023 00:00:00,Unlimited,73,2,2.74%,0,0,0.00%,0.00%,0.00,0.00,0,0,0.00,0.00,12.18,0.00,0.00,0.00%,0.00%,-,-,-
121,Olay Regenerist Collagen Peptide 24 Anti Aging Moisturizer Skincare 50g [4],Ongoing,Product Ad,13513458778,Auto Targeting,Smart Creative Disabled,Manual Bidding,Search,collagen,Broad Match,25/08/2023 00:00:00,Unlimited,57,1,1.75%,0,0,0.00%,0.00%,0.00,0.00,0,0,0.00,0.00,8.98,0.00,0.00,0.00%,0.00%,-,-,-
122,Olay Regenerist Collagen Peptide 24 Anti Aging Moisturizer Skincare 50g [4],Ongoing,Product Ad,13513458778,Auto Targeting,Smart Creative Disabled,Manual Bidding,Search,olay anti aging,Broad Match,25/08/2023 00:00:00,Unlimited,56,3,5.36%,1,0,33.33%,0.00%,23.36,0.00,1,0,2499.00,0.00,23.36,106.99,0.00,0.93%,0.00%,-,-,-
123,Olay Regenerist Collagen Peptide 24 Anti Aging Moisturizer Skincare 50g [4],Ongoing,Product Ad,13513458778,Auto Targeting,Smart Creative Disabled,Manual Bidding,Search,olay regenerist,Broad Match,25/08/2023 00:00:00,Unlimited,25,2,8.00%,0,0,0.00%,0.00%,0.00,0.00,0,0,0.00,0.00,15.90,0.00,0.00,0.00%,0.00%,-,-,-
124,Olay Regenerist Collagen Peptide 24 Anti Aging Moisturizer Skincare 50g [4],Ongoing,Product Ad,13513458778,Auto Targeting,Smart Creative Disabled,Manual Bidding,Search,anti aging cream,Broad Match,25/08/2023 00:00:00,Unlimited,18,0,0.00%,0,0,0.00%,0.00%,0.00,0.00,0,0,0.00,0.00,0.00,0.00,0.00,0.00%,0.00%,-,-,-
125,Olay Regenerist Collagen Peptide 24 Anti Aging Moisturizer Skincare 50g [4],Ongoing,Product Ad,13513458778,Auto Targeting,Smart Creative Disabled,Manual Bidding,Search,collagen serum,Broad Match,25/08/2023 00:00:00,Unlimited,18,0,0.00%,0,0,0.00%,0.00%,0.00,0.00,0,0,0.00,0.00,0.00,0.00,0.00,0.00%,0.00%,-,-,-
126,Olay Regenerist Collagen Peptide 24 Anti Aging Moisturizer Skincare 50g [4],Ongoing,Product Ad,13513458778,Auto Targeting,Smart Creative Disabled,Manual Bidding,Search,collagen cream,Broad Match,25/08/2023 00:00:00,Unlimited,16,0,0.00%,0,0,0.00%,0.00%,0.00,0.00,0,0,0.00,0.00,0.00,0.00,0.00,0.00%,0.00%,-,-,-
127,Olay Regenerist Collagen Peptide 24 Anti Aging Moisturizer Skincare 50g [4],Ongoing,Product Ad,13513458778,Auto Targeting,Smart Creative Disabled,Manual Bidding,Search,anti aging,Broad Match,25/08/2023 00:00:00,Unlimited,9,1,11.11%,0,0,0.00%,0.00%,0.00,0.00,0,0,0.00,0.00,6.98,0.00,0.00,0.00%,0.00%,-,-,-
128,Olay Total Effects Anti Aging Foaming Cream Cleanser Skincare 100g [2],Ongoing,Product Ad,5915716212,Auto Targeting,Smart Creative Disabled,Manual Bidding,Search,olay cleanser,Broad Match,09/02/2024 00:00:00,Unlimited,321,13,4.05%,1,1,7.69%,7.69%,49.53,49.53,1,1,235.00,235.00,49.53,4.74,4.74,21.08%,21.08%,-,-,-
129,Olay Total Effects Anti Aging Foaming Cream Cleanser Skincare 100g [2],Ongoing,Product Ad,5915716212,Auto Targeting,Smart Creative Disabled,Manual Bidding,Search,olay total effects,Broad Match,09/02/2024 00:00:00,Unlimited,138,4,2.90%,0,0,0.00%,0.00%,0.00,0.00,0,0,0.00,0.00,15.56,0.00,0.00,0.00%,0.00%,-,-,-
130,Olay Total Effects Anti Aging Foaming Cream Cleanser Skincare 100g [2],Ongoing,Product Ad,5915716212,Auto Targeting,Smart Creative Disabled,Manual Bidding,Search,facial cleanser,Broad Match,09/02/2024 00:00:00,Unlimited,89,3,3.37%,0,0,0.00%,0.00%,0.00,0.00,0,0,0.00,0.00,9.91,0.00,0.00,0.00%,0.00%,-,-,-
131,Olay Total Effects Anti Aging Foaming Cream Cleanser Skincare 100g [2],Ongoing,Product Ad,5915716212,Auto Targeting,Smart Creative Disabled,Manual Bidding,Search,cleanser for face,Broad Match,09/02/2024 00:00:00,Unlimited,31,1,3.23%,0,0,0.00%,0.00%,0.00,0.00,0,0,0.00,0.00,5.00,0.00,0.00,0.00%,0.00%,-,-,-
132,Olay Retinol 24 Anti Aging Serum Skincare 30ml​ [2],Ongoing,Product Ad,6153610671,Auto Targeting,Smart Creative Disabled,Manual Bidding,Search,olay retinol,Broad Match,25/08/2023 00:00:00,Unlimited,244,15,6.15%,0,0,0.00%,0.00%,0.00,0.00,0,0,0.00,0.00,99.89,0.00,0.00,0.00%,0.00%,-,-,-
133,Olay Retinol 24 Anti Aging Serum Skincare 30ml​ [2],Ongoing,Product Ad,6153610671,Auto Targeting,Smart Creative Disabled,Manual Bidding,Search,olay,Broad Match,25/08/2023 00:00:00,Unlimited,165,5,3.03%,0,0,0.00%,0.00%,0.00,0.00,0,0,0.00,0.00,48.31,0.00,0.00,0.00%,0.00%,-,-,-
134,Olay Retinol 24 Anti Aging Serum Skincare 30ml​ [2],Ongoing,Product Ad,6153610671,Auto Targeting,Smart Creative Disabled,Manual Bidding,Search,olay cream,Broad Match,25/08/2023 00:00:00,Unlimited,84,4,4.76%,0,0,0.00%,0.00%,0.00,0.00,0,0,0.00,0.00,35.44,0.00,0.00,0.00%,0.00%,-,-,-
135,Olay Retinol 24 Anti Aging Serum Skincare 30ml​ [2],Ongoing,Product Ad,6153610671,Auto Targeting,Smart Creative Disabled,Manual Bidding,Search,olay serum,Broad Match,25/08/2023 00:00:00,Unlimited,50,2,4.00%,0,0,0.00%,0.00%,0.00,0.00,0,0,0.00,0.00,16.36,0.00,0.00,0.00%,0.00%,-,-,-
136,Olay Retinol 24 Anti Aging Serum Skincare 30ml​ [2],Ongoing,Product Ad,6153610671,Auto Targeting,Smart Creative Disabled,Manual Bidding,Search,skin care,Broad Match,25/08/2023 00:00:00,Unlimited,5,0,0.00%,0,0,0.00%,0.00%,0.00,0.00,0,0,0.00,0.00,0.00,0.00,0.00,0.00%,0.00%,-,-,-
137,Olay Retinol 24 Anti Aging Serum Skincare 30ml​ [2],Ongoing,Product Ad,6153610671,Auto Targeting,Smart Creative Disabled,Manual Bidding,Search,skincare,Broad Match,25/08/2023 00:00:00,Unlimited,4,0,0.00%,0,0,0.00%,0.00%,0.00,0.00,0,0,0.00,0.00,0.00,0.00,0.00,0.00%,0.00%,-,-,-
138,Olay Luminous Niacinamide + AHA Brightening Serum 30ml + Moisturizer 50g Skincare [2],Ongoing,Product Ad,15246652336,Auto Targeting,Smart Creative Disabled,Manual Bidding,Search,olay serum,Broad Match,25/08/2023 00:00:00,Unlimited,404,7,1.73%,0,0,0.00%,0.00%,0.00,0.00,0,0,0.00,0.00,34.64,0.00,0.00,0.00%,0.00%,-,-,-
139,Olay Luminous Niacinamide + AHA Brightening Serum 30ml + Moisturizer 50g Skincare [2],Ongoing,Product Ad,15246652336,Auto Targeting,Smart Creative Disabled,Manual Bidding,Search,olay white radiance,Broad Match,25/08/2023 00:00:00,Unlimited,121,3,2.48%,0,0,0.00%,0.00%,0.00,0.00,0,0,0.00,0.00,15.36,0.00,0.00,0.00%,0.00%,-,-,-
140,Olay Luminous Niacinamide + AHA Brightening Serum 30ml + Moisturizer 50g Skincare [2],Ongoing,Product Ad,15246652336,Auto Targeting,Smart Creative Disabled,Manual Bidding,Search,serum,Broad Match,25/08/2023 00:00:00,Unlimited,16,0,0.00%,0,0,0.00%,0.00%,0.00,0.00,0,0,0.00,0.00,0.00,0.00,0.00,0.00%,0.00%,-,-,-
141,Olay Regenerist Collagen Peptide24 Skincare Cream Moisturizer & Serum 50 g + 30 ml,Ongoing,Product Ad,17934366448,-,Smart Creative Disabled,Auto Bidding,Search,Auto Selected,-,04/09/2023 00:00:00,Unlimited,529,11,2.08%,0,0,0.00%,0.00%,0.00,0.00,0,0,0.00,0.00,174.40,0.00,0.00,0.00%,0.00%,-,-,-
142,Olay Luminous Niacinamide + Hyaluron Eye Cream 15ml,Ongoing,Product Ad,22887481349,-,Smart Creative Disabled,Auto Bidding,Discovery,Auto Selected,-,12/12/2023 00:00:00,Unlimited,441,10,2.27%,1,0,10.00%,0.00%,28.00,0.00,1,0,1975.00,0.00,28.00,70.54,0.00,1.42%,0.00%,-,-,-
143,Olay Luminous Niacinamide + Hyaluron Eye Cream 15ml,Ongoing,Product Ad,22887481349,-,Smart Creative Disabled,Auto Bidding,Search,Auto Selected,-,12/12/2023 00:00:00,Unlimited,76,7,9.21%,0,0,0.00%,0.00%,0.00,0.00,0,0,0.00,0.00,64.81,0.00,0.00,0.00%,0.00%,-,-,-
144,Olay Luminous Niacinamide + Hyaluron Serum 30ml,Ongoing,Product Ad,25152397032,-,Smart Creative Disabled,Auto Bidding,Discovery,Auto Selected,-,12/12/2023 00:00:00,Unlimited,386,3,0.78%,0,0,0.00%,0.00%,0.00,0.00,0,0,0.00,0.00,9.00,0.00,0.00,0.00%,0.00%,-,-,-
145,Olay Luminous Niacinamide + Hyaluron Serum 30ml,Ongoing,Product Ad,25152397032,-,Smart Creative Disabled,Auto Bidding,Search,Auto Selected,-,12/12/2023 00:00:00,Unlimited,130,1,0.77%,0,0,0.00%,0.00%,0.00,0.00,0,0,0.00,0.00,19.29,0.00,0.00,0.00%,0.00%,-,-,-
146,Olay Retinol Anti Aging Serum 30ml + Niacinamide Vitamin C Brightening Serum Luminous Skincare 30ml [2],Ongoing,Product Ad,6969166109,Auto Targeting,Smart Creative Disabled,Manual Bidding,Search,olay,Broad Match,25/08/2023 00:00:00,Unlimited,215,4,1.86%,0,0,0.00%,0.00%,0.00,0.00,0,0,0.00,0.00,12.83,0.00,0.00,0.00%,0.00%,-,-,-
147,Olay Retinol Anti Aging Serum 30ml + Niacinamide Vitamin C Brightening Serum Luminous Skincare 30ml [2],Ongoing,Product Ad,6969166109,Auto Targeting,Smart Creative Disabled,Manual Bidding,Search,olay retinol,Broad Match,25/08/2023 00:00:00,Unlimited,129,3,2.33%,0,0,0.00%,0.00%,0.00,0.00,0,0,0.00,0.00,10.78,0.00,0.00,0.00%,0.00%,-,-,-
148,Olay Retinol Anti Aging Serum 30ml + Niacinamide Vitamin C Brightening Serum Luminous Skincare 30ml [2],Ongoing,Product Ad,6969166109,Auto Targeting,Smart Creative Disabled,Manual Bidding,Search,olay serum,Broad Match,25/08/2023 00:00:00,Unlimited,46,2,4.35%,0,0,0.00%,0.00%,0.00,0.00,0,0,0.00,0.00,5.24,0.00,0.00,0.00%,0.00%,-,-,-
149,Olay Retinol Anti Aging Serum 30ml + Niacinamide Vitamin C Brightening Serum Luminous Skincare 30ml [2],Ongoing,Product Ad,6969166109,Auto Targeting,Smart Creative Disabled,Manual Bidding,Search,retinol,Broad Match,25/08/2023 00:00:00,Unlimited,39,2,5.13%,0,0,0.00%,0.00%,0.00,0.00,0,0,0.00,0.00,6.75,0.00,0.00,0.00%,0.00%,-,-,-
150,Olay Retinol Anti Aging Serum 30ml + Niacinamide Vitamin C Brightening Serum Luminous Skincare 30ml [2],Ongoing,Product Ad,6969166109,Auto Targeting,Smart Creative Disabled,Manual Bidding,Search,retinol cream,Broad Match,25/08/2023 00:00:00,Unlimited,29,1,3.45%,0,0,0.00%,0.00%,0.00,0.00,0,0,0.00,0.00,3.59,0.00,0.00,0.00%,0.00%,-,-,-
151,Olay Retinol Anti Aging Serum 30ml + Niacinamide Vitamin C Brightening Serum Luminous Skincare 30ml [2],Ongoing,Product Ad,6969166109,Auto Targeting,Smart Creative Disabled,Manual Bidding,Search,serum,Broad Match,25/08/2023 00:00:00,Unlimited,21,0,0.00%,0,0,0.00%,0.00%,0.00,0.00,0,0,0.00,0.00,0.00,0.00,0.00,0.00%,0.00%,-,-,-
152,Olay Retinol Anti Aging Serum 30ml + Niacinamide Vitamin C Brightening Serum Luminous Skincare 30ml [2],Ongoing,Product Ad,6969166109,Auto Targeting,Smart Creative Disabled,Manual Bidding,Search,vitamin c serum,Broad Match,25/08/2023 00:00:00,Unlimited,17,3,17.65%,0,0,0.00%,0.00%,0.00,0.00,0,0,0.00,0.00,11.20,0.00,0.00,0.00%,0.00%,-,-,-
153,Olay Retinol Anti Aging Serum 30ml + Niacinamide Vitamin C Brightening Serum Luminous Skincare 30ml [2],Ongoing,Product Ad,6969166109,Auto Targeting,Smart Creative Disabled,Manual Bidding,Search,olay white radiance,Broad Match,25/08/2023 00:00:00,Unlimited,8,0,0.00%,0,0,0.00%,0.00%,0.00,0.00,0,0,0.00,0.00,0.00,0.00,0.00,0.00%,0.00%,-,-,-
154,Olay Niacinamide Anti-Aging Day Cream Regenerist 50g + Brightening Serum Luminous 30ml Skincare [2],Ongoing,Product Ad,6519435558,Auto Targeting,Smart Creative Disabled,Manual Bidding,Search,olay cream,Broad Match,24/01/2024 00:00:00,Unlimited,310,11,3.55%,3,3,27.27%,27.27%,28.34,28.34,3,3,6495.00,6495.00,85.01,76.40,76.40,1.31%,1.31%,-,-,-
155,Olay Niacinamide Anti-Aging Day Cream Regenerist 50g + Brightening Serum Luminous 30ml Skincare [2],Ongoing,Product Ad,6519435558,Auto Targeting,Smart Creative Disabled,Manual Bidding,Search,olay moisturizer,Broad Match,24/01/2024 00:00:00,Unlimited,42,1,2.38%,0,0,0.00%,0.00%,0.00,0.00,0,0,0.00,0.00,8.96,0.00,0.00,0.00%,0.00%,-,-,-
156,Olay Niacinamide Anti-Aging Day Cream Regenerist 50g + Brightening Serum Luminous 30ml Skincare [2],Ongoing,Product Ad,6519435558,Auto Targeting,Smart Creative Disabled,Manual Bidding,Search,serum,Broad Match,24/01/2024 00:00:00,Unlimited,32,0,0.00%,0,0,0.00%,0.00%,0.00,0.00,0,0,0.00,0.00,0.00,0.00,0.00,0.00%,0.00%,-,-,-
157,Olay Niacinamide Anti-Aging Day Cream Regenerist 50g + Brightening Serum Luminous 30ml Skincare [2],Ongoing,Product Ad,6519435558,Auto Targeting,Smart Creative Disabled,Manual Bidding,Search,olay serum,Broad Match,24/01/2024 00:00:00,Unlimited,29,1,3.45%,0,0,0.00%,0.00%,0.00,0.00,0,0,0.00,0.00,6.03,0.00,0.00,0.00%,0.00%,-,-,-
158,Olay Niacinamide Anti-Aging Day Cream Regenerist 50g + Brightening Serum Luminous 30ml Skincare [2],Ongoing,Product Ad,6519435558,Auto Targeting,Smart Creative Disabled,Manual Bidding,Search,niacinamide,Broad Match,24/01/2024 00:00:00,Unlimited,19,0,0.00%,0,0,0.00%,0.00%,0.00,0.00,0,0,0.00,0.00,0.00,0.00,0.00,0.00%,0.00%,-,-,-
159,Olay Niacinamide Anti-Aging Day Cream Regenerist 50g + Brightening Serum Luminous 30ml Skincare [2],Ongoing,Product Ad,6519435558,Auto Targeting,Smart Creative Disabled,Manual Bidding,Search,cream,Broad Match,24/01/2024 00:00:00,Unlimited,7,0,0.00%,0,0,0.00%,0.00%,0.00,0.00,0,0,0.00,0.00,0.00,0.00,0.00,0.00%,0.00%,-,-,-
160,Olay Niacinamide Anti-Aging Day Cream Regenerist 50g + Brightening Serum Luminous 30ml Skincare [2],Ongoing,Product Ad,6519435558,Auto Targeting,Smart Creative Disabled,Manual Bidding,Search,olay regenerist moisturizer,Broad Match,24/01/2024 00:00:00,Unlimited,7,0,0.00%,0,0,0.00%,0.00%,0.00,0.00,0,0,0.00,0.00,0.00,0.00,0.00,0.00%,0.00%,-,-,-
161,Olay Niacinamide Anti-Aging Day Cream Regenerist 50g + Brightening Serum Luminous 30ml Skincare [2],Ongoing,Product Ad,6519435558,Auto Targeting,Smart Creative Disabled,Manual Bidding,Search,anti aging,Broad Match,24/01/2024 00:00:00,Unlimited,6,0,0.00%,0,0,0.00%,0.00%,0.00,0.00,0,0,0.00,0.00,0.00,0.00,0.00,0.00%,0.00%,-,-,-
162,Olay Niacinamide Anti-Aging Day Cream Regenerist 50g + Brightening Serum Luminous 30ml Skincare [2],Ongoing,Product Ad,6519435558,Auto Targeting,Smart Creative Disabled,Manual Bidding,Search,anti aging cream,Broad Match,24/01/2024 00:00:00,Unlimited,3,0,0.00%,0,0,0.00%,0.00%,0.00,0.00,0,0,0.00,0.00,0.00,0.00,0.00,0.00%,0.00%,-,-,-
163,Olay Total Effects 7 Benefits Gentle Cream Moisturizer with SPF15 50G (Skincare/Anti Aging),Ongoing,Product Ad,4817256687,-,Smart Creative Disabled,Auto Bidding,Search,Auto Selected,-,25/08/2023 00:00:00,Unlimited,451,8,1.77%,0,0,0.00%,0.00%,0.00,0.00,0,0,0.00,0.00,91.27,0.00,0.00,0.00%,0.00%,-,-,-
164,[LIMITED TIME ONLY] Olay Regenerist Retinol 24 Cream 50g +Luminous Vitamin C 30ml Regimen Bundle [2],Ongoing,Product Ad,23358503322,Auto Targeting,Smart Creative Disabled,Manual Bidding,Search,retinol cream,Broad Match,09/02/2024 00:00:00,Unlimited,395,7,1.77%,1,1,14.29%,14.29%,40.76,40.76,1,1,2499.00,2499.00,40.76,61.32,61.32,1.63%,1.63%,-,-,-
165,[LIMITED TIME ONLY] Olay Regenerist Retinol 24 Cream 50g +Luminous Vitamin C 30ml Regimen Bundle [2],Ongoing,Product Ad,23358503322,Auto Targeting,Smart Creative Disabled,Manual Bidding,Search,vitamin c serum,Broad Match,09/02/2024 00:00:00,Unlimited,31,0,0.00%,0,0,0.00%,0.00%,0.00,0.00,0,0,0.00,0.00,0.00,0.00,0.00,0.00%,0.00%,-,-,-
166,Olay Retinol 24 Anti Aging Serum Skincare 30mL Set of 2 [4],Ongoing,Product Ad,6653950417,Auto Targeting,Smart Creative Disabled,Manual Bidding,Search,olay,Broad Match,09/02/2024 00:00:00,Unlimited,292,3,1.03%,0,0,0.00%,0.00%,0.00,0.00,0,0,0.00,0.00,20.66,0.00,0.00,0.00%,0.00%,-,-,-
167,Olay Retinol 24 Anti Aging Serum Skincare 30mL Set of 2 [4],Ongoing,Product Ad,6653950417,Auto Targeting,Smart Creative Disabled,Manual Bidding,Search,retinol,Broad Match,09/02/2024 00:00:00,Unlimited,53,1,1.89%,0,0,0.00%,0.00%,0.00,0.00,0,0,0.00,0.00,7.00,0.00,0.00,0.00%,0.00%,-,-,-
168,Olay Retinol 24 Anti Aging Serum Skincare 30mL Set of 2 [4],Ongoing,Product Ad,6653950417,Auto Targeting,Smart Creative Disabled,Manual Bidding,Search,serum,Broad Match,09/02/2024 00:00:00,Unlimited,34,0,0.00%,0,0,0.00%,0.00%,0.00,0.00,0,0,0.00,0.00,0.00,0.00,0.00,0.00%,0.00%,-,-,-
169,Olay Retinol 24 Anti Aging Serum Skincare 30mL Set of 2 [4],Ongoing,Product Ad,6653950417,Auto Targeting,Smart Creative Disabled,Manual Bidding,Search,olay serum,Broad Match,09/02/2024 00:00:00,Unlimited,28,1,3.57%,0,0,0.00%,0.00%,0.00,0.00,0,0,0.00,0.00,6.63,0.00,0.00,0.00%,0.00%,-,-,-
170,Olay Retinol 24 Anti Aging Serum Skincare 30mL Set of 2 [4],Ongoing,Product Ad,6653950417,Auto Targeting,Smart Creative Disabled,Manual Bidding,Search,olay retinol,Broad Match,09/02/2024 00:00:00,Unlimited,15,0,0.00%,0,0,0.00%,0.00%,0.00,0.00,0,0,0.00,0.00,0.00,0.00,0.00,0.00%,0.00%,-,-,-
171,Olay Regenerist Micro Sculpting UV Cream Anti Aging Moisturizer SPF 30 Skincare 50g [4],Ongoing,Product Ad,6317251827,Auto Targeting,Smart Creative Disabled,Manual Bidding,Search,olay cream,Broad Match,09/02/2024 00:00:00,Unlimited,267,6,2.25%,0,0,0.00%,0.00%,0.00,0.00,0,0,0.00,0.00,29.73,0.00,0.00,0.00%,0.00%,-,-,-
172,Olay Regenerist Micro Sculpting UV Cream Anti Aging Moisturizer SPF 30 Skincare 50g [4],Ongoing,Product Ad,6317251827,Auto Targeting,Smart Creative Disabled,Manual Bidding,Search,olay moisturizer,Broad Match,09/02/2024 00:00:00,Unlimited,85,2,2.35%,0,0,0.00%,0.00%,0.00,0.00,0,0,0.00,0.00,9.91,0.00,0.00,0.00%,0.00%,-,-,-
173,Olay Regenerist Micro Sculpting UV Cream Anti Aging Moisturizer SPF 30 Skincare 50g [4],Ongoing,Product Ad,6317251827,Auto Targeting,Smart Creative Disabled,Manual Bidding,Search,anti aging cream,Broad Match,09/02/2024 00:00:00,Unlimited,36,1,2.78%,0,0,0.00%,0.00%,0.00,0.00,0,0,0.00,0.00,5.65,0.00,0.00,0.00%,0.00%,-,-,-
174,Olay Regenerist Micro Sculpting UV Cream Anti Aging Moisturizer SPF 30 Skincare 50g [4],Ongoing,Product Ad,6317251827,Auto Targeting,Smart Creative Disabled,Manual Bidding,Search,moisturizer,Broad Match,09/02/2024 00:00:00,Unlimited,34,0,0.00%,0,0,0.00%,0.00%,0.00,0.00,0,0,0.00,0.00,0.00,0.00,0.00,0.00%,0.00%,-,-,-
175,Olay Skin Regenerist Micro-sculpting Day & Night Ritual Duo Cream (50g/50g) + Retinol 24 Serum 30mL [4],Ongoing,Product Ad,4654277296,-,Smart Creative Disabled,Auto Bidding,Discovery,Auto Selected,-,06/10/2023 00:00:00,Unlimited,242,0,0.00%,0,0,0.00%,0.00%,0.00,0.00,0,0,0.00,0.00,0.00,0.00,0.00,0.00%,0.00%,-,-,-
176,Olay Skin Regenerist Micro-sculpting Day & Night Ritual Duo Cream (50g/50g) + Retinol 24 Serum 30mL [4],Ongoing,Product Ad,4654277296,-,Smart Creative Disabled,Auto Bidding,Search,Auto Selected,-,06/10/2023 00:00:00,Unlimited,56,2,3.57%,0,0,0.00%,0.00%,0.00,0.00,0,0,0.00,0.00,19.85,0.00,0.00,0.00%,0.00%,-,-,-
177,Olay Retinol 24 Face Cream 50g Set of 2 [2],Ongoing,Product Ad,22620730145,-,Smart Creative Disabled,Auto Bidding,Discovery,Auto Selected,-,30/11/2023 00:00:00,Unlimited,251,2,0.80%,0,0,0.00%,0.00%,0.00,0.00,0,0,0.00,0.00,6.00,0.00,0.00,0.00%,0.00%,-,-,-
178,Olay Retinol 24 Face Cream 50g Set of 2 [2],Ongoing,Product Ad,22620730145,-,Smart Creative Disabled,Auto Bidding,Search,Auto Selected,-,30/11/2023 00:00:00,Unlimited,41,0,0.00%,0,0,0.00%,0.00%,0.00,0.00,0,0,0.00,0.00,0.00,0.00,0.00,0.00%,0.00%,-,-,-
179,Olay Luminous Niacinamide + AHA Moisturizer 50g (Acne Mark / Dark Spot) [5],Ongoing,Product Ad,14632912068,-,Smart Creative Disabled,Auto Bidding,Search,Auto Selected,-,07/11/2023 00:00:00,Unlimited,135,1,0.74%,0,0,0.00%,0.00%,0.00,0.00,0,0,0.00,0.00,5.13,0.00,0.00,0.00%,0.00%,-,-,-
180,Olay Luminous Niacinamide + AHA Moisturizer 50g (Acne Mark / Dark Spot) [5],Ongoing,Product Ad,14632912068,-,Smart Creative Disabled,Auto Bidding,Discovery,Auto Selected,-,07/11/2023 00:00:00,Unlimited,119,2,1.68%,0,0,0.00%,0.00%,0.00,0.00,0,0,0.00,0.00,6.00,0.00,0.00,0.00%,0.00%,-,-,-
181,Olay Retinol 24 Serum 30mL + White radiance Essence 30mL [5],Ongoing,Product Ad,6854282453,-,Smart Creative Disabled,Auto Bidding,Discovery,Auto Selected,-,07/11/2023 00:00:00,Unlimited,170,1,0.59%,0,0,0.00%,0.00%,0.00,0.00,0,0,0.00,0.00,3.00,0.00,0.00,0.00%,0.00%,-,-,-
182,Olay Retinol 24 Serum 30mL + White radiance Essence 30mL [5],Ongoing,Product Ad,6854282453,-,Smart Creative Disabled,Auto Bidding,Search,Auto Selected,-,07/11/2023 00:00:00,Unlimited,40,2,5.00%,0,0,0.00%,0.00%,0.00,0.00,0,0,0.00,0.00,2.70,0.00,0.00,0.00%,0.00%,-,-,-
183,Olay White Radiance Niacinamide + Vitamin C Super Serum 30mL Set of 2 [5],Ongoing,Product Ad,5569165898,-,Smart Creative Disabled,Auto Bidding,Discovery,Auto Selected,-,20/12/2023 00:00:00,Unlimited,163,7,4.29%,0,0,0.00%,0.00%,0.00,0.00,0,0,0.00,0.00,15.80,0.00,0.00,0.00%,0.00%,-,-,-
184,Olay White Radiance Niacinamide + Vitamin C Super Serum 30mL Set of 2 [5],Ongoing,Product Ad,5569165898,-,Smart Creative Disabled,Auto Bidding,Search,Auto Selected,-,20/12/2023 00:00:00,Unlimited,46,1,2.17%,0,0,0.00%,0.00%,0.00,0.00,0,0,0.00,0.00,21.59,0.00,0.00,0.00%,0.00%,-,-,-
185,[LIMITED EDITION] Olay Regenerist Micro-Sculpting Cream 50g [5],Ongoing,Product Ad,21354612357,-,Smart Creative Disabled,Auto Bidding,Discovery,Auto Selected,-,09/11/2023 00:00:00,Unlimited,140,0,0.00%,0,0,0.00%,0.00%,0.00,0.00,0,0,0.00,0.00,0.00,0.00,0.00,0.00%,0.00%,-,-,-
186,[LIMITED EDITION] Olay Regenerist Micro-Sculpting Cream 50g [5],Ongoing,Product Ad,21354612357,-,Smart Creative Disabled,Auto Bidding,Search,Auto Selected,-,09/11/2023 00:00:00,Unlimited,42,1,2.38%,1,1,100.00%,100.00%,39.33,39.33,1,1,1975.00,1975.00,39.33,50.22,50.22,1.99%,1.99%,-,-,-
187,Olay White Radiance Light Perfecting Essence Serum 30mL (Skincare/Brightening),Ongoing,Product Ad,3417366470,-,Smart Creative Disabled,Auto Bidding,Search,Auto Selected,-,25/08/2023 00:00:00,Unlimited,130,3,2.31%,0,0,0.00%,0.00%,0.00,0.00,0,0,0.00,0.00,20.00,0.00,0.00,0.00%,0.00%,-,-,-
188,OLAY SKIN_Shop ADS 24823,Ongoing,Shop Ad,-,-,Custom,Manual Bidding,-,retinol,Broad Match,24/08/2023 00:00:00,Unlimited,684,22,3.22%,1,1,4.55%,4.55%,176.00,176.00,1,1,1415.00,1415.00,176.00,8.04,8.04,12.44%,12.44%,6955,28,0.40%
189,OLAY SKIN_Shop ADS 24823,Ongoing,Shop Ad,-,-,Custom,Manual Bidding,-,cream,Broad Match,24/08/2023 00:00:00,Unlimited,503,21,4.17%,2,2,9.52%,9.52%,73.50,73.50,2,2,1337.00,1337.00,147.00,9.10,9.10,10.99%,10.99%,4956,21,0.42%
190,OLAY SKIN_Shop ADS 24823,Ongoing,Shop Ad,-,-,Custom,Manual Bidding,-,moisturizer,Broad Match,24/08/2023 00:00:00,Unlimited,390,9,2.31%,0,0,0.00%,0.00%,0.00,0.00,0,0,0.00,0.00,63.00,0.00,0.00,0.00%,0.00%,3718,38,1.02%
191,OLAY SKIN_Shop ADS 24823,Ongoing,Shop Ad,-,-,Custom,Manual Bidding,-,olay total effects moisturizer,Broad Match,24/08/2023 00:00:00,Unlimited,386,34,8.81%,2,2,5.88%,5.88%,136.00,136.00,2,2,4498.00,4498.00,272.00,16.54,16.54,6.05%,6.05%,5193,46,0.89%
192,OLAY SKIN_Shop ADS 24823,Ongoing,Shop Ad,-,-,Custom,Manual Bidding,-,serum,Broad Match,24/08/2023 00:00:00,Unlimited,296,11,3.72%,0,0,0.00%,0.00%,0.00,0.00,0,0,0.00,0.00,88.00,0.00,0.00,0.00%,0.00%,2681,16,0.60%
193,OLAY SKIN_Shop ADS 24823,Ongoing,Shop Ad,-,-,Custom,Manual Bidding,-,olay day and night cream,Broad Match,24/08/2023 00:00:00,Unlimited,209,20,9.57%,0,0,0.00%,0.00%,0.00,0.00,0,0,0.00,0.00,140.00,0.00,0.00,0.00%,0.00%,3003,14,0.47%
194,OLAY SKIN_Shop ADS 24823,Ongoing,Shop Ad,-,-,Custom,Manual Bidding,-,anti aging,Broad Match,24/08/2023 00:00:00,Unlimited,200,4,2.00%,0,0,0.00%,0.00%,0.00,0.00,0,0,0.00,0.00,32.00,0.00,0.00,0.00%,0.00%,1982,7,0.35%
195,OLAY SKIN_Shop ADS 24823,Ongoing,Shop Ad,-,-,Custom,Manual Bidding,-,eye cream,Broad Match,24/08/2023 00:00:00,Unlimited,184,4,2.17%,0,0,0.00%,0.00%,0.00,0.00,0,0,0.00,0.00,32.00,0.00,0.00,0.00%,0.00%,1776,13,0.73%
196,OLAY SKIN_Shop ADS 24823,Ongoing,Shop Ad,-,-,Custom,Manual Bidding,-,collagen cream,Broad Match,24/08/2023 00:00:00,Unlimited,132,3,2.27%,0,0,0.00%,0.00%,0.00,0.00,0,0,0.00,0.00,24.00,0.00,0.00,0.00%,0.00%,564,1,0.18%
197,OLAY SKIN_Shop ADS 24823,Ongoing,Shop Ad,-,-,Custom,Manual Bidding,-,olay official store,Broad Match,24/08/2023 00:00:00,Unlimited,93,5,5.38%,0,0,0.00%,0.00%,0.00,0.00,0,0,0.00,0.00,40.00,0.00,0.00,0.00%,0.00%,1026,5,0.49%
198,OLAY SKIN_Shop ADS 24823,Ongoing,Shop Ad,-,-,Custom,Manual Bidding,-,face cream,Broad Match,24/08/2023 00:00:00,Unlimited,58,2,3.45%,0,0,0.00%,0.00%,0.00,0.00,0,0,0.00,0.00,14.00,0.00,0.00,0.00%,0.00%,542,2,0.37%
199,OLAY SKIN_Shop ADS 24823,Ongoing,Shop Ad,-,-,Custom,Manual Bidding,-,olay skin,Broad Match,24/08/2023 00:00:00,Unlimited,56,4,7.14%,0,0,0.00%,0.00%,0.00,0.00,0,0,0.00,0.00,32.00,0.00,0.00,0.00%,0.00%,731,3,0.41%
200,OLAY SKIN_Shop ADS 24823,Ongoing,Shop Ad,-,-,Custom,Manual Bidding,-,niacinamide,Broad Match,24/08/2023 00:00:00,Unlimited,50,5,10.00%,0,0,0.00%,0.00%,0.00,0.00,0,0,0.00,0.00,35.00,0.00,0.00,0.00%,0.00%,401,6,1.50%
201,OLAY SKIN_Shop ADS 24823,Ongoing,Shop Ad,-,-,Custom,Manual Bidding,-,skin care,Broad Match,24/08/2023 00:00:00,Unlimited,48,0,0.00%,0,0,0.00%,0.00%,0.00,0.00,0,0,0.00,0.00,0.00,0.00,0.00,0.00%,0.00%,353,0,0.00%
202,OLAY SKIN_Shop ADS 24823,Ongoing,Shop Ad,-,-,Custom,Manual Bidding,-,cleanser,Broad Match,24/08/2023 00:00:00,Unlimited,45,6,13.33%,0,0,0.00%,0.00%,0.00,0.00,0,0,0.00,0.00,42.00,0.00,0.00,0.00%,0.00%,313,7,2.24%
203,OLAY SKIN_Shop ADS 24823,Ongoing,Shop Ad,-,-,Custom,Manual Bidding,-,regenerist,Broad Match,24/08/2023 00:00:00,Unlimited,40,4,10.00%,1,1,25.00%,25.00%,32.00,32.00,1,1,1455.00,1455.00,32.00,45.47,45.47,2.20%,2.20%,496,3,0.60%
204,OLAY SKIN_Shop ADS 24823,Ongoing,Shop Ad,-,-,Custom,Manual Bidding,-,olay moisturizer for face,Broad Match,24/08/2023 00:00:00,Unlimited,38,0,0.00%,0,0,0.00%,0.00%,0.00,0.00,0,0,0.00,0.00,0.00,0.00,0.00,0.00%,0.00%,270,0,0.00%
205,OLAY SKIN_Shop ADS 24823,Ongoing,Shop Ad,-,-,Custom,Manual Bidding,-,collagen,Broad Match,24/08/2023 00:00:00,Unlimited,27,0,0.00%,0,0,0.00%,0.00%,0.00,0.00,0,0,0.00,0.00,0.00,0.00,0.00,0.00%,0.00%,152,0,0.00%
206,OLAY SKIN_Shop ADS 24823,Ongoing,Shop Ad,-,-,Custom,Manual Bidding,-,brightening cream,Broad Match,24/08/2023 00:00:00,Unlimited,16,1,6.25%,0,0,0.00%,0.00%,0.00,0.00,0,0,0.00,0.00,8.00,0.00,0.00,0.00%,0.00%,219,0,0.00%
207,OLAY SKIN_Shop ADS 24823,Ongoing,Shop Ad,-,-,Custom,Manual Bidding,-,retinol cream,Broad Match,24/08/2023 00:00:00,Unlimited,14,1,7.14%,0,0,0.00%,0.00%,0.00,0.00,0,0,0.00,0.00,8.00,0.00,0.00,0.00%,0.00%,172,1,0.58%
208,OLAY SKIN_Shop ADS 24823,Ongoing,Shop Ad,-,-,Custom,Manual Bidding,-,dark spot,Broad Match,24/08/2023 00:00:00,Unlimited,5,0,0.00%,0,0,0.00%,0.00%,0.00,0.00,0,0,0.00,0.00,0.00,0.00,0.00,0.00%,0.00%,20,0,0.00%
209,OLAY SKIN_Shop ADS 24823,Ongoing,Shop Ad,-,-,Custom,Manual Bidding,-,dark spot cream,Broad Match,24/08/2023 00:00:00,Unlimited,4,0,0.00%,0,0,0.00%,0.00%,0.00,0.00,0,0,0.00,0.00,0.00,0.00,0.00,0.00%,0.00%,16,0,0.00%
210,OLAY SKIN_Shop ADS 24823,Ongoing,Shop Ad,-,-,Custom,Manual Bidding,-,foaming cleanser,Broad Match,24/08/2023 00:00:00,Unlimited,4,0,0.00%,0,0,0.00%,0.00%,0.00,0.00,0,0,0.00,0.00,0.00,0.00,0.00,0.00%,0.00%,40,0,0.00%
211,OLAY SKIN_Shop ADS 24823,Ongoing,Shop Ad,-,-,Custom,Manual Bidding,-,olay cream day and night,Broad Match,24/08/2023 00:00:00,Unlimited,3,0,0.00%,0,0,0.00%,0.00%,0.00,0.00,0,0,0.00,0.00,0.00,0.00,0.00,0.00%,0.00%,21,0,0.00%
212,OLAY SKIN_Shop ADS 24823,Ongoing,Shop Ad,-,-,Custom,Manual Bidding,-,vitamin c serum,Broad Match,24/08/2023 00:00:00,Unlimited,3,0,0.00%,0,0,0.00%,0.00%,0.00,0.00,0,0,0.00,0.00,0.00,0.00,0.00,0.00%,0.00%,12,0,0.00%
213,OLAY SKIN_Shop ADS 24823,Ongoing,Shop Ad,-,-,Custom,Manual Bidding,-,brilliant skin,Broad Match,24/08/2023 00:00:00,Unlimited,1,0,0.00%,0,0,0.00%,0.00%,0.00,0.00,0,0,0.00,0.00,0.00,0.00,0.00,0.00%,0.00%,4,0,0.00%
