﻿﻿All CPC Ads Report - Shopee Philippines
User Name:,pgolayofficialstore
Shop Name:,Olay Official Store
Shop ID:,221352938
Report Creation Time:,18/03/2024 10:00
Date Period:,16/03/2024 - 16/03/2024

Sequence,Ad Name,Status,Ads Type,Product ID,Audience Targeting,Creative,Bidding Method,Placement,Keyword/Location,Match Type,Start Date,End Date,Impression,Clicks,CTR,Conversions,Direct Conversions,Conversion Rate,Direct Conversion Rate,Cost per Conversion,Cost per Direct Conversion,Items Sold,Direct Items Sold,GMV,Direct GMV,Expense,ROAS,Direct ROAS,ACOS,Direct ACOS,Product Impressions,Product Clicks,Product CTR
1,Olay Regenerist Miracle Boost Youth Pre-Essence 40 ml [5],Ended,Product Ad,5017252295,-,Smart Creative Disabled,Auto Bidding,Discovery,Auto Selected,-,30/11/2023 00:00:00,Unlimited,264,6,2.27%,0,0,0.00%,0.00%,0.00,0.00,0,0,0.00,0.00,18.00,0.00,0.00,0.00%,0.00%,-,-,-
2,Olay Regenerist Miracle Boost Youth Pre-Essence 40 ml [5],Ended,Product Ad,5017252295,-,Smart Creative Disabled,Auto Bidding,Search,Auto Selected,-,30/11/2023 00:00:00,Unlimited,191,2,1.05%,0,0,0.00%,0.00%,0.00,0.00,0,0,0.00,0.00,18.20,0.00,0.00,0.00%,0.00%,-,-,-
3,Olay Niacinamide Anti Aging Day Cream + Night Cream Regenerist Skincare 50g [4],Ongoing,Product Ad,4719436395,Auto Targeting,Smart Creative Disabled,Manual Bidding,Discovery,You May Also Like,-,24/08/2023 00:00:00,Unlimited,3970,75,1.89%,2,2,2.67%,2.67%,225.00,225.00,2,2,4078.00,4078.00,450.00,9.06,9.06,11.03%,11.03%,-,-,-
4,Olay Niacinamide Anti Aging Day Cream + Night Cream Regenerist Skincare 50g [4],Ongoing,Product Ad,4719436395,Auto Targeting,Smart Creative Disabled,Manual Bidding,Discovery,Daily Discover,-,24/08/2023 00:00:00,Unlimited,2196,34,1.55%,2,2,5.88%,5.88%,100.00,100.00,2,2,4078.00,4078.00,200.00,20.39,20.39,4.90%,4.90%,-,-,-
5,Olay Total Effects Niacinamide Anti Aging Day Cream Moisturizer & Night Skincare Cream 50g + 50g [2],Ongoing,Product Ad,7717328129,Auto Targeting,Smart Creative Disabled,Manual Bidding,Discovery,You May Also Like,-,24/08/2023 00:00:00,Unlimited,3246,69,2.13%,1,1,1.45%,1.45%,408.02,408.02,1,1,1275.00,1275.00,408.02,3.12,3.12,32.00%,32.00%,-,-,-
6,Olay Total Effects Niacinamide Anti Aging Day Cream Moisturizer & Night Skincare Cream 50g + 50g [2],Ongoing,Product Ad,7717328129,Auto Targeting,Smart Creative Disabled,Manual Bidding,Discovery,Daily Discover,-,24/08/2023 00:00:00,Unlimited,2484,32,1.29%,0,0,0.00%,0.00%,0.00,0.00,0,0,0.00,0.00,191.98,0.00,0.00,0.00%,0.00%,-,-,-
7,Olay Total Effects Niacinamide Anti Aging Serum Skincare 50ml [4],Ongoing,Product Ad,5517254914,Auto Targeting,Smart Creative Disabled,Manual Bidding,Discovery,You May Also Like,-,24/08/2023 00:00:00,Unlimited,3047,59,1.94%,3,2,5.08%,3.39%,116.67,175.00,3,2,2536.00,1726.00,350.00,7.25,4.93,13.80%,20.28%,-,-,-
8,Olay Total Effects Niacinamide Anti Aging Serum Skincare 50ml [4],Ongoing,Product Ad,5517254914,Auto Targeting,Smart Creative Disabled,Manual Bidding,Discovery,Daily Discover,-,24/08/2023 00:00:00,Unlimited,1828,25,1.37%,0,0,0.00%,0.00%,0.00,0.00,0,0,0.00,0.00,150.00,0.00,0.00,0.00%,0.00%,-,-,-
9,Olay Total Effects Niacinamide Anti Aging Day Cream Moisturizer & Night Skincare Cream 50g + 50g [5],Ongoing,Product Ad,7717328129,-,Smart Creative Disabled,Auto Bidding,Discovery,Auto Selected,-,07/11/2023 00:00:00,Unlimited,4258,68,1.60%,2,2,2.94%,2.94%,96.00,96.00,2,2,2174.00,2174.00,192.00,11.32,11.32,8.83%,8.83%,-,-,-
10,Olay Total Effects Niacinamide Anti Aging Day Cream Moisturizer & Night Skincare Cream 50g + 50g [5],Ongoing,Product Ad,7717328129,-,Smart Creative Disabled,Auto Bidding,Search,Auto Selected,-,07/11/2023 00:00:00,Unlimited,555,59,10.63%,12,8,20.34%,13.56%,34.00,51.00,13,9,12455.00,9971.00,408.00,30.53,24.44,3.28%,4.09%,-,-,-
11,Olay Total Effects Night Cream Moisturizer 50 g [2],Ongoing,Product Ad,3715815506,Auto Targeting,Smart Creative Disabled,Manual Bidding,Discovery,You May Also Like,-,24/08/2023 00:00:00,Unlimited,2362,48,2.03%,0,0,0.00%,0.00%,0.00,0.00,0,0,0.00,0.00,288.00,0.00,0.00,0.00%,0.00%,-,-,-
12,Olay Total Effects Night Cream Moisturizer 50 g [2],Ongoing,Product Ad,3715815506,Auto Targeting,Smart Creative Disabled,Manual Bidding,Discovery,Daily Discover,-,24/08/2023 00:00:00,Unlimited,1511,19,1.26%,0,0,0.00%,0.00%,0.00,0.00,0,0,0.00,0.00,112.00,0.00,0.00,0.00%,0.00%,-,-,-
13,Olay Regenerist Collagen Peptide24 Skincare Cream Moisturizer & Serum 50 g + 30 ml [4],Ongoing,Product Ad,17934366448,Auto Targeting,Smart Creative Disabled,Manual Bidding,Discovery,You May Also Like,-,24/08/2023 00:00:00,Unlimited,2163,49,2.27%,0,0,0.00%,0.00%,0.00,0.00,0,0,0.00,0.00,282.73,0.00,0.00,0.00%,0.00%,-,-,-
14,Olay Regenerist Collagen Peptide24 Skincare Cream Moisturizer & Serum 50 g + 30 ml [4],Ongoing,Product Ad,17934366448,Auto Targeting,Smart Creative Disabled,Manual Bidding,Discovery,Daily Discover,-,24/08/2023 00:00:00,Unlimited,776,12,1.55%,0,0,0.00%,0.00%,0.00,0.00,0,0,0.00,0.00,67.27,0.00,0.00,0.00%,0.00%,-,-,-
15,Olay Niacinamide + Vitamin C Brightening Serum Luminous Skincare 30ml​ [4],Ongoing,Product Ad,7369177119,Auto Targeting,Smart Creative Disabled,Manual Bidding,Discovery,You May Also Like,-,24/08/2023 00:00:00,Unlimited,2839,84,2.96%,0,0,0.00%,0.00%,0.00,0.00,0,0,0.00,0.00,500.00,0.00,0.00,0.00%,0.00%,-,-,-
16,Olay Niacinamide Anti Aging Cream Regenerist 50g + Retinol Anti-Aging Cream Skincare 50g​ [5],Ongoing,Product Ad,15866804253,-,Smart Creative Disabled,Auto Bidding,Discovery,Auto Selected,-,06/10/2023 00:00:00,Unlimited,2354,32,1.36%,0,0,0.00%,0.00%,0.00,0.00,0,0,0.00,0.00,93.46,0.00,0.00,0.00%,0.00%,-,-,-
17,Olay Niacinamide Anti Aging Cream Regenerist 50g + Retinol Anti-Aging Cream Skincare 50g​ [5],Ongoing,Product Ad,15866804253,-,Smart Creative Disabled,Auto Bidding,Search,Auto Selected,-,06/10/2023 00:00:00,Unlimited,328,24,7.32%,1,1,4.17%,4.17%,204.00,204.00,1,1,2549.00,2549.00,204.00,12.50,12.50,8.00%,8.00%,-,-,-
18,Olay Retinol 24 Anti Aging Face Cream Skincare 50g [5],Ongoing,Product Ad,6153607771,-,Smart Creative Disabled,Auto Bidding,Discovery,Auto Selected,-,07/11/2023 00:00:00,Unlimited,2314,35,1.51%,0,0,0.00%,0.00%,0.00,0.00,0,0,0.00,0.00,96.00,0.00,0.00,0.00%,0.00%,-,-,-
19,Olay Retinol 24 Anti Aging Face Cream Skincare 50g [5],Ongoing,Product Ad,6153607771,-,Smart Creative Disabled,Auto Bidding,Search,Auto Selected,-,07/11/2023 00:00:00,Unlimited,149,18,12.08%,2,1,11.11%,5.56%,102.00,204.00,2,1,4078.00,1999.00,204.00,19.99,9.80,5.00%,10.21%,-,-,-
20,Olay Regenerist Collagen Peptide 24 Anti Aging Moisturizer Skincare 50g [2],Ongoing,Product Ad,13513458778,Auto Targeting,Smart Creative Disabled,Manual Bidding,Discovery,You May Also Like,-,24/08/2023 00:00:00,Unlimited,1371,38,2.77%,0,0,0.00%,0.00%,0.00,0.00,0,0,0.00,0.00,228.00,0.00,0.00,0.00%,0.00%,-,-,-
21,Olay Regenerist Collagen Peptide 24 Anti Aging Moisturizer Skincare 50g [2],Ongoing,Product Ad,13513458778,Auto Targeting,Smart Creative Disabled,Manual Bidding,Discovery,Daily Discover,-,24/08/2023 00:00:00,Unlimited,878,12,1.37%,0,0,0.00%,0.00%,0.00,0.00,0,0,0.00,0.00,72.00,0.00,0.00,0.00%,0.00%,-,-,-
22,Olay Luminous Niacinamide + AHA Serum 30ml (Acne Mark / Dark Spot) [2],Ongoing,Product Ad,15232912019,Auto Targeting,Smart Creative Disabled,Manual Bidding,Discovery,You May Also Like,-,24/08/2023 00:00:00,Unlimited,2092,17,0.81%,0,0,0.00%,0.00%,0.00,0.00,0,0,0.00,0.00,100.00,0.00,0.00,0.00%,0.00%,-,-,-
23,Olay Niacinamide Anti Aging Day Cream + Night Cream Regenerist Skincare 50g [2],Ongoing,Product Ad,4719436395,Auto Targeting,Smart Creative Disabled,Manual Bidding,Search,olay,Broad Match,25/08/2023 00:00:00,Unlimited,873,21,2.41%,1,0,4.76%,0.00%,152.14,0.00,1,0,953.00,0.00,152.14,6.26,0.00,15.96%,0.00%,-,-,-
24,Olay Niacinamide Anti Aging Day Cream + Night Cream Regenerist Skincare 50g [2],Ongoing,Product Ad,4719436395,Auto Targeting,Smart Creative Disabled,Manual Bidding,Search,olay total effects night cream,Broad Match,25/08/2023 00:00:00,Unlimited,434,9,2.07%,1,1,11.11%,11.11%,63.41,63.41,1,1,2299.00,2299.00,63.41,36.25,36.25,2.76%,2.76%,-,-,-
25,Olay Niacinamide Anti Aging Day Cream + Night Cream Regenerist Skincare 50g [2],Ongoing,Product Ad,4719436395,Auto Targeting,Smart Creative Disabled,Manual Bidding,Search,night cream,Broad Match,25/08/2023 00:00:00,Unlimited,195,2,1.03%,0,0,0.00%,0.00%,0.00,0.00,0,0,0.00,0.00,10.53,0.00,0.00,0.00%,0.00%,-,-,-
26,Olay Niacinamide Anti Aging Day Cream + Night Cream Regenerist Skincare 50g [2],Ongoing,Product Ad,4719436395,Auto Targeting,Smart Creative Disabled,Manual Bidding,Search,olay official store,Broad Match,25/08/2023 00:00:00,Unlimited,152,4,2.63%,1,1,25.00%,25.00%,29.90,29.90,1,1,1779.00,1779.00,29.90,59.51,59.51,1.68%,1.68%,-,-,-
27,Olay Niacinamide Anti Aging Day Cream + Night Cream Regenerist Skincare 50g [2],Ongoing,Product Ad,4719436395,Auto Targeting,Smart Creative Disabled,Manual Bidding,Search,cream,Broad Match,25/08/2023 00:00:00,Unlimited,149,3,2.01%,0,0,0.00%,0.00%,0.00,0.00,0,0,0.00,0.00,29.11,0.00,0.00,0.00%,0.00%,-,-,-
28,Olay Niacinamide Anti Aging Day Cream + Night Cream Regenerist Skincare 50g [2],Ongoing,Product Ad,4719436395,Auto Targeting,Smart Creative Disabled,Manual Bidding,Search,face cream,Broad Match,25/08/2023 00:00:00,Unlimited,145,1,0.69%,0,0,0.00%,0.00%,0.00,0.00,0,0,0.00,0.00,5.94,0.00,0.00,0.00%,0.00%,-,-,-
29,Olay Niacinamide Anti Aging Day Cream + Night Cream Regenerist Skincare 50g [2],Ongoing,Product Ad,4719436395,Auto Targeting,Smart Creative Disabled,Manual Bidding,Search,anti aging,Broad Match,25/08/2023 00:00:00,Unlimited,72,2,2.78%,0,0,0.00%,0.00%,0.00,0.00,0,0,0.00,0.00,8.97,0.00,0.00,0.00%,0.00%,-,-,-
30,Olay Niacinamide Anti Aging Day Cream + Night Cream Regenerist Skincare 50g [2],Ongoing,Product Ad,4719436395,Auto Targeting,Smart Creative Disabled,Manual Bidding,Search,skin care,Broad Match,25/08/2023 00:00:00,Unlimited,15,0,0.00%,0,0,0.00%,0.00%,0.00,0.00,0,0,0.00,0.00,0.00,0.00,0.00,0.00%,0.00%,-,-,-
31,Olay Niacinamide Anti Aging Day Cream + Night Cream Regenerist Skincare 50g [2],Ongoing,Product Ad,4719436395,Auto Targeting,Smart Creative Disabled,Manual Bidding,Search,olay total effects,Broad Match,25/08/2023 00:00:00,Unlimited,10,0,0.00%,0,0,0.00%,0.00%,0.00,0.00,0,0,0.00,0.00,0.00,0.00,0.00,0.00%,0.00%,-,-,-
32,Olay Niacinamide Anti Aging Day Cream + Night Cream Regenerist Skincare 50g [2],Ongoing,Product Ad,4719436395,Auto Targeting,Smart Creative Disabled,Manual Bidding,Search,regenerist cream,Broad Match,25/08/2023 00:00:00,Unlimited,7,0,0.00%,0,0,0.00%,0.00%,0.00,0.00,0,0,0.00,0.00,0.00,0.00,0.00,0.00%,0.00%,-,-,-
33,Olay Retinol Anti Aging Serum 30ml + Niacinamide Vitamin C Brightening Serum Luminous Skincare 30ml [4],Ongoing,Product Ad,6969166109,Auto Targeting,Smart Creative Disabled,Manual Bidding,Discovery,Daily Discover,-,24/08/2023 00:00:00,Unlimited,1195,26,2.18%,2,0,7.69%,0.00%,39.00,0.00,2,0,2998.00,0.00,78.00,38.44,0.00,2.60%,0.00%,-,-,-
34,Olay Retinol Anti Aging Serum 30ml + Niacinamide Vitamin C Brightening Serum Luminous Skincare 30ml [4],Ongoing,Product Ad,6969166109,Auto Targeting,Smart Creative Disabled,Manual Bidding,Discovery,You May Also Like,-,24/08/2023 00:00:00,Unlimited,828,24,2.90%,1,1,4.17%,4.17%,72.00,72.00,1,1,2685.00,2685.00,72.00,37.29,37.29,2.68%,2.68%,-,-,-
35,Olay Retinol 24 Anti Aging Serum Skincare 30ml​ [5],Ongoing,Product Ad,6153610671,-,Smart Creative Disabled,Auto Bidding,Discovery,Auto Selected,-,07/11/2023 00:00:00,Unlimited,1900,33,1.74%,0,0,0.00%,0.00%,0.00,0.00,0,0,0.00,0.00,96.00,0.00,0.00,0.00%,0.00%,-,-,-
36,Olay Retinol 24 Anti Aging Serum Skincare 30ml​ [5],Ongoing,Product Ad,6153610671,-,Smart Creative Disabled,Auto Bidding,Search,Auto Selected,-,07/11/2023 00:00:00,Unlimited,104,12,11.54%,4,2,33.33%,16.67%,51.00,102.00,4,2,8396.00,4198.00,204.00,41.16,20.58,2.43%,4.86%,-,-,-
37,Olay Retinol 24 Anti Aging Serum Skincare 30ml​ [4],Ongoing,Product Ad,6153610671,Auto Targeting,Smart Creative Disabled,Manual Bidding,Discovery,Daily Discover,-,24/08/2023 00:00:00,Unlimited,1047,12,1.15%,0,0,0.00%,0.00%,0.00,0.00,0,0,0.00,0.00,72.00,0.00,0.00,0.00%,0.00%,-,-,-
38,Olay Retinol 24 Anti Aging Serum Skincare 30ml​ [4],Ongoing,Product Ad,6153610671,Auto Targeting,Smart Creative Disabled,Manual Bidding,Discovery,You May Also Like,-,24/08/2023 00:00:00,Unlimited,937,22,2.35%,0,0,0.00%,0.00%,0.00,0.00,0,0,0.00,0.00,128.00,0.00,0.00,0.00%,0.00%,-,-,-
39,Olay Retinol 24 Anti Aging Face Cream Skincare 50g [4],Ongoing,Product Ad,6153607771,Auto Targeting,Smart Creative Disabled,Manual Bidding,Discovery,You May Also Like,-,24/08/2023 00:00:00,Unlimited,1155,31,2.68%,0,0,0.00%,0.00%,0.00,0.00,0,0,0.00,0.00,217.00,0.00,0.00,0.00%,0.00%,-,-,-
40,Olay Retinol 24 Anti Aging Face Cream Skincare 50g [4],Ongoing,Product Ad,6153607771,Auto Targeting,Smart Creative Disabled,Manual Bidding,Discovery,Daily Discover,-,24/08/2023 00:00:00,Unlimited,822,12,1.46%,0,0,0.00%,0.00%,0.00,0.00,0,0,0.00,0.00,83.00,0.00,0.00,0.00%,0.00%,-,-,-
41,Olay Total Effects Niacinamide Anti Aging Day Cream Moisturizer & Night Skincare Cream 50g + 50g [4],Ongoing,Product Ad,7717328129,Auto Targeting,Smart Creative Disabled,Manual Bidding,Search,olay,Broad Match,25/08/2023 00:00:00,Unlimited,689,21,3.05%,1,1,4.76%,4.76%,125.09,125.09,1,1,899.00,899.00,125.09,7.19,7.19,13.91%,13.91%,-,-,-
42,Olay Total Effects Niacinamide Anti Aging Day Cream Moisturizer & Night Skincare Cream 50g + 50g [4],Ongoing,Product Ad,7717328129,Auto Targeting,Smart Creative Disabled,Manual Bidding,Search,olay cream,Broad Match,25/08/2023 00:00:00,Unlimited,260,8,3.08%,0,0,0.00%,0.00%,0.00,0.00,0,0,0.00,0.00,33.98,0.00,0.00,0.00%,0.00%,-,-,-
43,Olay Total Effects Niacinamide Anti Aging Day Cream Moisturizer & Night Skincare Cream 50g + 50g [4],Ongoing,Product Ad,7717328129,Auto Targeting,Smart Creative Disabled,Manual Bidding,Search,olay moisturizer,Broad Match,25/08/2023 00:00:00,Unlimited,256,15,5.86%,1,1,6.67%,6.67%,104.38,104.38,1,1,1275.00,1275.00,104.38,12.22,12.22,8.19%,8.19%,-,-,-
44,Olay Total Effects Niacinamide Anti Aging Day Cream Moisturizer & Night Skincare Cream 50g + 50g [4],Ongoing,Product Ad,7717328129,Auto Targeting,Smart Creative Disabled,Manual Bidding,Search,anti aging cream,Broad Match,25/08/2023 00:00:00,Unlimited,250,6,2.40%,0,0,0.00%,0.00%,0.00,0.00,0,0,0.00,0.00,47.69,0.00,0.00,0.00%,0.00%,-,-,-
45,Olay Total Effects Niacinamide Anti Aging Day Cream Moisturizer & Night Skincare Cream 50g + 50g [4],Ongoing,Product Ad,7717328129,Auto Targeting,Smart Creative Disabled,Manual Bidding,Search,olay cream day and night,Broad Match,25/08/2023 00:00:00,Unlimited,136,4,2.94%,0,0,0.00%,0.00%,0.00,0.00,0,0,0.00,0.00,26.62,0.00,0.00,0.00%,0.00%,-,-,-
46,Olay Total Effects Niacinamide Anti Aging Day Cream Moisturizer & Night Skincare Cream 50g + 50g [4],Ongoing,Product Ad,7717328129,Auto Targeting,Smart Creative Disabled,Manual Bidding,Search,olay retinol,Broad Match,25/08/2023 00:00:00,Unlimited,103,3,2.91%,0,0,0.00%,0.00%,0.00,0.00,0,0,0.00,0.00,27.49,0.00,0.00,0.00%,0.00%,-,-,-
47,Olay Total Effects Niacinamide Anti Aging Day Cream Moisturizer & Night Skincare Cream 50g + 50g [4],Ongoing,Product Ad,7717328129,Auto Targeting,Smart Creative Disabled,Manual Bidding,Search,collagen cream,Broad Match,25/08/2023 00:00:00,Unlimited,77,0,0.00%,0,0,0.00%,0.00%,0.00,0.00,0,0,0.00,0.00,0.00,0.00,0.00,0.00%,0.00%,-,-,-
48,Olay Total Effects Niacinamide Anti Aging Day Cream Moisturizer & Night Skincare Cream 50g + 50g [4],Ongoing,Product Ad,7717328129,Auto Targeting,Smart Creative Disabled,Manual Bidding,Search,olay night cream,Broad Match,25/08/2023 00:00:00,Unlimited,41,3,7.32%,0,0,0.00%,0.00%,0.00,0.00,0,0,0.00,0.00,27.43,0.00,0.00,0.00%,0.00%,-,-,-
49,Olay Total Effects Niacinamide Anti Aging Day Cream Moisturizer & Night Skincare Cream 50g + 50g [4],Ongoing,Product Ad,7717328129,Auto Targeting,Smart Creative Disabled,Manual Bidding,Search,olay anti aging cream,Broad Match,25/08/2023 00:00:00,Unlimited,32,0,0.00%,0,0,0.00%,0.00%,0.00,0.00,0,0,0.00,0.00,0.00,0.00,0.00,0.00%,0.00%,-,-,-
50,Olay Total Effects Niacinamide Anti Aging Day Cream Moisturizer & Night Skincare Cream 50g + 50g [4],Ongoing,Product Ad,7717328129,Auto Targeting,Smart Creative Disabled,Manual Bidding,Search,olay total effects,Broad Match,25/08/2023 00:00:00,Unlimited,26,1,3.85%,0,0,0.00%,0.00%,0.00,0.00,0,0,0.00,0.00,7.32,0.00,0.00,0.00%,0.00%,-,-,-
51,Olay Total Effects Niacinamide Anti Aging Day Cream Moisturizer & Night Skincare Cream 50g + 50g [4],Ongoing,Product Ad,7717328129,Auto Targeting,Smart Creative Disabled,Manual Bidding,Search,cream,Broad Match,25/08/2023 00:00:00,Unlimited,1,0,0.00%,0,0,0.00%,0.00%,0.00,0.00,0,0,0.00,0.00,0.00,0.00,0.00,0.00%,0.00%,-,-,-
52,Olay Total Effects Niacinamide Anti Aging Serum Skincare 50ml [2],Ongoing,Product Ad,5517254914,Auto Targeting,Smart Creative Disabled,Manual Bidding,Search,olay cream,Broad Match,25/08/2023 00:00:00,Unlimited,1059,22,2.08%,0,0,0.00%,0.00%,0.00,0.00,0,0,0.00,0.00,165.33,0.00,0.00,0.00%,0.00%,-,-,-
53,Olay Total Effects Niacinamide Anti Aging Serum Skincare 50ml [2],Ongoing,Product Ad,5517254914,Auto Targeting,Smart Creative Disabled,Manual Bidding,Search,face serum,Broad Match,25/08/2023 00:00:00,Unlimited,441,9,2.04%,1,0,11.11%,0.00%,67.78,0.00,1,0,899.00,0.00,67.78,13.26,0.00,7.54%,0.00%,-,-,-
54,Olay Total Effects Niacinamide Anti Aging Serum Skincare 50ml [2],Ongoing,Product Ad,5517254914,Auto Targeting,Smart Creative Disabled,Manual Bidding,Search,olay total effects,Broad Match,25/08/2023 00:00:00,Unlimited,222,2,0.90%,0,0,0.00%,0.00%,0.00,0.00,0,0,0.00,0.00,10.01,0.00,0.00,0.00%,0.00%,-,-,-
55,Olay Total Effects Niacinamide Anti Aging Serum Skincare 50ml [2],Ongoing,Product Ad,5517254914,Auto Targeting,Smart Creative Disabled,Manual Bidding,Search,anti aging serum,Broad Match,25/08/2023 00:00:00,Unlimited,65,1,1.54%,0,0,0.00%,0.00%,0.00,0.00,0,0,0.00,0.00,6.87,0.00,0.00,0.00%,0.00%,-,-,-
56,Olay Total Effects Niacinamide Anti Aging Serum Skincare 50ml [2],Ongoing,Product Ad,5517254914,Auto Targeting,Smart Creative Disabled,Manual Bidding,Search,niacinamide serum,Broad Match,25/08/2023 00:00:00,Unlimited,23,0,0.00%,0,0,0.00%,0.00%,0.00,0.00,0,0,0.00,0.00,0.00,0.00,0.00,0.00%,0.00%,-,-,-
57,Olay Total Effects Niacinamide Anti Aging Serum Skincare 50ml [2],Ongoing,Product Ad,5517254914,Auto Targeting,Smart Creative Disabled,Manual Bidding,Search,olay niacinamide,Broad Match,25/08/2023 00:00:00,Unlimited,3,0,0.00%,0,0,0.00%,0.00%,0.00,0.00,0,0,0.00,0.00,0.00,0.00,0.00,0.00%,0.00%,-,-,-
58,Olay Retinol 24 Anti Aging Face Cream Skincare 50g [2],Ongoing,Product Ad,6153607771,Auto Targeting,Smart Creative Disabled,Manual Bidding,Search,olay,Broad Match,25/08/2023 00:00:00,Unlimited,566,8,1.41%,0,0,0.00%,0.00%,0.00,0.00,0,0,0.00,0.00,66.02,0.00,0.00,0.00%,0.00%,-,-,-
59,Olay Retinol 24 Anti Aging Face Cream Skincare 50g [2],Ongoing,Product Ad,6153607771,Auto Targeting,Smart Creative Disabled,Manual Bidding,Search,olay cream,Broad Match,25/08/2023 00:00:00,Unlimited,302,7,2.32%,0,0,0.00%,0.00%,0.00,0.00,0,0,0.00,0.00,45.89,0.00,0.00,0.00%,0.00%,-,-,-
60,Olay Retinol 24 Anti Aging Face Cream Skincare 50g [2],Ongoing,Product Ad,6153607771,Auto Targeting,Smart Creative Disabled,Manual Bidding,Search,retinol cream,Broad Match,25/08/2023 00:00:00,Unlimited,290,10,3.45%,0,0,0.00%,0.00%,0.00,0.00,0,0,0.00,0.00,93.22,0.00,0.00,0.00%,0.00%,-,-,-
61,Olay Retinol 24 Anti Aging Face Cream Skincare 50g [2],Ongoing,Product Ad,6153607771,Auto Targeting,Smart Creative Disabled,Manual Bidding,Search,cream,Broad Match,25/08/2023 00:00:00,Unlimited,209,2,0.96%,0,0,0.00%,0.00%,0.00,0.00,0,0,0.00,0.00,12.73,0.00,0.00,0.00%,0.00%,-,-,-
62,Olay Retinol 24 Anti Aging Face Cream Skincare 50g [2],Ongoing,Product Ad,6153607771,Auto Targeting,Smart Creative Disabled,Manual Bidding,Search,olay retinol,Broad Match,25/08/2023 00:00:00,Unlimited,185,26,14.05%,1,1,3.85%,3.85%,152.55,152.55,1,1,1999.00,1999.00,152.55,13.10,13.10,7.63%,7.63%,-,-,-
63,Olay Retinol 24 Anti Aging Face Cream Skincare 50g [2],Ongoing,Product Ad,6153607771,Auto Targeting,Smart Creative Disabled,Manual Bidding,Search,face cream,Broad Match,25/08/2023 00:00:00,Unlimited,99,3,3.03%,0,0,0.00%,0.00%,0.00,0.00,0,0,0.00,0.00,19.00,0.00,0.00,0.00%,0.00%,-,-,-
64,Olay Retinol 24 Anti Aging Face Cream Skincare 50g [2],Ongoing,Product Ad,6153607771,Auto Targeting,Smart Creative Disabled,Manual Bidding,Search,anti aging cream,Broad Match,25/08/2023 00:00:00,Unlimited,32,0,0.00%,0,0,0.00%,0.00%,0.00,0.00,0,0,0.00,0.00,0.00,0.00,0.00,0.00%,0.00%,-,-,-
65,Olay Retinol 24 Anti Aging Face Cream Skincare 50g [2],Ongoing,Product Ad,6153607771,Auto Targeting,Smart Creative Disabled,Manual Bidding,Search,anti aging,Broad Match,25/08/2023 00:00:00,Unlimited,7,1,14.29%,0,0,0.00%,0.00%,0.00,0.00,0,0,0.00,0.00,10.58,0.00,0.00,0.00%,0.00%,-,-,-
66,Olay Retinol 24 Anti Aging Face Cream Skincare 50g [2],Ongoing,Product Ad,6153607771,Auto Targeting,Smart Creative Disabled,Manual Bidding,Search,niacinamide,Broad Match,25/08/2023 00:00:00,Unlimited,3,0,0.00%,0,0,0.00%,0.00%,0.00,0.00,0,0,0.00,0.00,0.00,0.00,0.00,0.00%,0.00%,-,-,-
67,Olay Luminous Foaming Cleanser Brightening Skincare 100 g [5],Ongoing,Product Ad,7817321843,-,Smart Creative Disabled,Auto Bidding,Search,Auto Selected,-,30/11/2023 00:00:00,Unlimited,881,11,1.25%,0,0,0.00%,0.00%,0.00,0.00,0,0,0.00,0.00,136.00,0.00,0.00,0.00%,0.00%,-,-,-
68,Olay Luminous Foaming Cleanser Brightening Skincare 100 g [5],Ongoing,Product Ad,7817321843,-,Smart Creative Disabled,Auto Bidding,Discovery,Auto Selected,-,30/11/2023 00:00:00,Unlimited,732,14,1.91%,0,0,0.00%,0.00%,0.00,0.00,0,0,0.00,0.00,39.16,0.00,0.00,0.00%,0.00%,-,-,-
69,Olay Retinol 24 Face Cream 50g Set of 2,Ongoing,Product Ad,22620730145,Auto Targeting,Smart Creative Disabled,Manual Bidding,Discovery,You May Also Like,-,11/11/2023 00:00:00,Unlimited,1038,17,1.64%,0,0,0.00%,0.00%,0.00,0.00,0,0,0.00,0.00,108.47,0.00,0.00,0.00%,0.00%,-,-,-
70,Olay Retinol 24 Face Cream 50g Set of 2,Ongoing,Product Ad,22620730145,Auto Targeting,Smart Creative Disabled,Manual Bidding,Discovery,Daily Discover,-,11/11/2023 00:00:00,Unlimited,560,23,4.11%,0,0,0.00%,0.00%,0.00,0.00,0,0,0.00,0.00,191.53,0.00,0.00,0.00%,0.00%,-,-,-
71,Olay Niacinamide Anti Aging Day Cream + Night Cream Regenerist Skincare 50g [5],Ongoing,Product Ad,4719436395,-,Smart Creative Disabled,Auto Bidding,Discovery,Auto Selected,-,07/11/2023 00:00:00,Unlimited,1459,24,1.64%,0,0,0.00%,0.00%,0.00,0.00,0,0,0.00,0.00,64.00,0.00,0.00,0.00%,0.00%,-,-,-
72,Olay Niacinamide Anti Aging Day Cream + Night Cream Regenerist Skincare 50g [5],Ongoing,Product Ad,4719436395,-,Smart Creative Disabled,Auto Bidding,Search,Auto Selected,-,07/11/2023 00:00:00,Unlimited,123,9,7.32%,0,0,0.00%,0.00%,0.00,0.00,0,0,0.00,0.00,136.00,0.00,0.00,0.00%,0.00%,-,-,-
73,Olay Niacinamide Anti Aging Cream Regenerist 50g + Retinol Anti-Aging Cream Skincare,Ongoing,Product Ad,4853962533,Auto Targeting,Smart Creative Disabled,Manual Bidding,Discovery,You May Also Like,-,24/08/2023 00:00:00,Unlimited,1521,50,3.29%,0,0,0.00%,0.00%,0.00,0.00,0,0,0.00,0.00,300.00,0.00,0.00,0.00%,0.00%,-,-,-
74,Olay Retinol 24 Serum 30mL + White radiance Essence 30mL [4],Ongoing,Product Ad,6854282453,Auto Targeting,Smart Creative Disabled,Manual Bidding,Discovery,You May Also Like,-,11/11/2023 00:00:00,Unlimited,1337,20,1.50%,0,0,0.00%,0.00%,0.00,0.00,0,0,0.00,0.00,150.00,0.00,0.00,0.00%,0.00%,-,-,-
75,Olay White Radiance Niacinamide + Vitamin C Super Serum 30mL Set of 2 [4],Ongoing,Product Ad,5569165898,Auto Targeting,Smart Creative Disabled,Manual Bidding,Discovery,You May Also Like,-,11/11/2023 00:00:00,Unlimited,941,21,2.23%,0,0,0.00%,0.00%,0.00,0.00,0,0,0.00,0.00,152.82,0.00,0.00,0.00%,0.00%,-,-,-
76,Olay White Radiance Niacinamide + Vitamin C Super Serum 30mL Set of 2 [4],Ongoing,Product Ad,5569165898,Auto Targeting,Smart Creative Disabled,Manual Bidding,Discovery,Daily Discover,-,11/11/2023 00:00:00,Unlimited,386,7,1.81%,0,0,0.00%,0.00%,0.00,0.00,0,0,0.00,0.00,47.18,0.00,0.00,0.00%,0.00%,-,-,-
77,Olay Luminous Niacinamide + AHA Brightening Serum 30ml + Moisturizer 50g Skincare [5],Ongoing,Product Ad,15246652336,-,Smart Creative Disabled,Auto Bidding,Discovery,Auto Selected,-,07/11/2023 00:00:00,Unlimited,906,18,1.99%,0,0,0.00%,0.00%,0.00,0.00,0,0,0.00,0.00,48.12,0.00,0.00,0.00%,0.00%,-,-,-
78,Olay Luminous Niacinamide + AHA Brightening Serum 30ml + Moisturizer 50g Skincare [5],Ongoing,Product Ad,15246652336,-,Smart Creative Disabled,Auto Bidding,Search,Auto Selected,-,07/11/2023 00:00:00,Unlimited,345,8,2.32%,0,0,0.00%,0.00%,0.00,0.00,0,0,0.00,0.00,55.50,0.00,0.00,0.00%,0.00%,-,-,-
79,Olay Niacinamide + Vitamin C Brightening Serum Luminous Skincare 30ml​ [5],Ongoing,Product Ad,7369177119,-,Smart Creative Disabled,Auto Bidding,Discovery,Auto Selected,-,07/11/2023 00:00:00,Unlimited,917,23,2.51%,1,1,4.35%,4.35%,64.00,64.00,1,1,2099.00,2099.00,64.00,32.80,32.80,3.05%,3.05%,-,-,-
80,Olay Niacinamide + Vitamin C Brightening Serum Luminous Skincare 30ml​ [5],Ongoing,Product Ad,7369177119,-,Smart Creative Disabled,Auto Bidding,Search,Auto Selected,-,07/11/2023 00:00:00,Unlimited,256,19,7.42%,0,0,0.00%,0.00%,0.00,0.00,0,0,0.00,0.00,136.00,0.00,0.00,0.00%,0.00%,-,-,-
81,Olay Regenerist Collagen Peptide24 Moisturiser 50g Set of 2,Ongoing,Product Ad,18972050720,Auto Targeting,Smart Creative Disabled,Manual Bidding,Discovery,You May Also Like,-,11/11/2023 00:00:00,Unlimited,1078,22,2.04%,1,0,4.55%,0.00%,150.00,0.00,1,0,810.00,0.00,150.00,5.40,0.00,18.52%,0.00%,-,-,-
82,Olay Regenerist Collagen Peptide24 Moisturiser 50g Set of 2,Ongoing,Product Ad,18972050720,Auto Targeting,Smart Creative Disabled,Manual Bidding,Discovery,Daily Discover,-,11/11/2023 00:00:00,Unlimited,75,0,0.00%,0,0,0.00%,0.00%,0.00,0.00,0,0,0.00,0.00,0.00,0.00,0.00,0.00%,0.00%,-,-,-
83,Olay Retinol 24 Anti Aging Serum Skincare 30ml​ [2],Ongoing,Product Ad,6153610671,Auto Targeting,Smart Creative Disabled,Manual Bidding,Search,olay,Broad Match,25/08/2023 00:00:00,Unlimited,407,8,1.97%,0,0,0.00%,0.00%,0.00,0.00,0,0,0.00,0.00,49.07,0.00,0.00,0.00%,0.00%,-,-,-
84,Olay Retinol 24 Anti Aging Serum Skincare 30ml​ [2],Ongoing,Product Ad,6153610671,Auto Targeting,Smart Creative Disabled,Manual Bidding,Search,olay retinol,Broad Match,25/08/2023 00:00:00,Unlimited,398,19,4.77%,0,0,0.00%,0.00%,0.00,0.00,0,0,0.00,0.00,123.80,0.00,0.00,0.00%,0.00%,-,-,-
85,Olay Retinol 24 Anti Aging Serum Skincare 30ml​ [2],Ongoing,Product Ad,6153610671,Auto Targeting,Smart Creative Disabled,Manual Bidding,Search,olay cream,Broad Match,25/08/2023 00:00:00,Unlimited,78,2,2.56%,0,0,0.00%,0.00%,0.00,0.00,0,0,0.00,0.00,13.29,0.00,0.00,0.00%,0.00%,-,-,-
86,Olay Retinol 24 Anti Aging Serum Skincare 30ml​ [2],Ongoing,Product Ad,6153610671,Auto Targeting,Smart Creative Disabled,Manual Bidding,Search,olay serum,Broad Match,25/08/2023 00:00:00,Unlimited,52,2,3.85%,0,0,0.00%,0.00%,0.00,0.00,0,0,0.00,0.00,13.84,0.00,0.00,0.00%,0.00%,-,-,-
87,Olay Retinol 24 Anti Aging Serum Skincare 30ml​ [2],Ongoing,Product Ad,6153610671,Auto Targeting,Smart Creative Disabled,Manual Bidding,Search,skincare,Broad Match,25/08/2023 00:00:00,Unlimited,4,0,0.00%,0,0,0.00%,0.00%,0.00,0.00,0,0,0.00,0.00,0.00,0.00,0.00,0.00%,0.00%,-,-,-
88,Olay Retinol 24 Anti Aging Serum Skincare 30ml​ [2],Ongoing,Product Ad,6153610671,Auto Targeting,Smart Creative Disabled,Manual Bidding,Search,skin care,Broad Match,25/08/2023 00:00:00,Unlimited,3,0,0.00%,0,0,0.00%,0.00%,0.00,0.00,0,0,0.00,0.00,0.00,0.00,0.00,0.00%,0.00%,-,-,-
89,Olay Luminous Niacinamide + Hyaluron Moisturizer 50g,Ongoing,Product Ad,22087480279,-,Smart Creative Disabled,Auto Bidding,Discovery,Auto Selected,-,12/12/2023 00:00:00,Unlimited,648,8,1.23%,0,0,0.00%,0.00%,0.00,0.00,0,0,0.00,0.00,22.65,0.00,0.00,0.00%,0.00%,-,-,-
90,Olay Luminous Niacinamide + Hyaluron Moisturizer 50g,Ongoing,Product Ad,22087480279,-,Smart Creative Disabled,Auto Bidding,Search,Auto Selected,-,12/12/2023 00:00:00,Unlimited,138,2,1.45%,0,0,0.00%,0.00%,0.00,0.00,0,0,0.00,0.00,14.49,0.00,0.00,0.00%,0.00%,-,-,-
91,Olay Regenerist Collagen Peptide 24 Anti Aging Moisturizer Skincare 50g [4],Ongoing,Product Ad,13513458778,Auto Targeting,Smart Creative Disabled,Manual Bidding,Search,olay,Broad Match,25/08/2023 00:00:00,Unlimited,320,4,1.25%,0,0,0.00%,0.00%,0.00,0.00,0,0,0.00,0.00,23.91,0.00,0.00,0.00%,0.00%,-,-,-
92,Olay Regenerist Collagen Peptide 24 Anti Aging Moisturizer Skincare 50g [4],Ongoing,Product Ad,13513458778,Auto Targeting,Smart Creative Disabled,Manual Bidding,Search,olay cream,Broad Match,25/08/2023 00:00:00,Unlimited,115,3,2.61%,0,0,0.00%,0.00%,0.00,0.00,0,0,0.00,0.00,21.14,0.00,0.00,0.00%,0.00%,-,-,-
93,Olay Regenerist Collagen Peptide 24 Anti Aging Moisturizer Skincare 50g [4],Ongoing,Product Ad,13513458778,Auto Targeting,Smart Creative Disabled,Manual Bidding,Search,moisturizer,Broad Match,25/08/2023 00:00:00,Unlimited,61,0,0.00%,0,0,0.00%,0.00%,0.00,0.00,0,0,0.00,0.00,0.00,0.00,0.00,0.00%,0.00%,-,-,-
94,Olay Regenerist Collagen Peptide 24 Anti Aging Moisturizer Skincare 50g [4],Ongoing,Product Ad,13513458778,Auto Targeting,Smart Creative Disabled,Manual Bidding,Search,collagen,Broad Match,25/08/2023 00:00:00,Unlimited,57,1,1.75%,0,0,0.00%,0.00%,0.00,0.00,0,0,0.00,0.00,2.28,0.00,0.00,0.00%,0.00%,-,-,-
95,Olay Regenerist Collagen Peptide 24 Anti Aging Moisturizer Skincare 50g [4],Ongoing,Product Ad,13513458778,Auto Targeting,Smart Creative Disabled,Manual Bidding,Search,collagen cream,Broad Match,25/08/2023 00:00:00,Unlimited,47,2,4.26%,0,0,0.00%,0.00%,0.00,0.00,0,0,0.00,0.00,12.30,0.00,0.00,0.00%,0.00%,-,-,-
96,Olay Regenerist Collagen Peptide 24 Anti Aging Moisturizer Skincare 50g [4],Ongoing,Product Ad,13513458778,Auto Targeting,Smart Creative Disabled,Manual Bidding,Search,olay regenerist,Broad Match,25/08/2023 00:00:00,Unlimited,35,4,11.43%,0,0,0.00%,0.00%,0.00,0.00,0,0,0.00,0.00,29.61,0.00,0.00,0.00%,0.00%,-,-,-
97,Olay Regenerist Collagen Peptide 24 Anti Aging Moisturizer Skincare 50g [4],Ongoing,Product Ad,13513458778,Auto Targeting,Smart Creative Disabled,Manual Bidding,Search,collagen serum,Broad Match,25/08/2023 00:00:00,Unlimited,32,0,0.00%,0,0,0.00%,0.00%,0.00,0.00,0,0,0.00,0.00,0.00,0.00,0.00,0.00%,0.00%,-,-,-
98,Olay Regenerist Collagen Peptide 24 Anti Aging Moisturizer Skincare 50g [4],Ongoing,Product Ad,13513458778,Auto Targeting,Smart Creative Disabled,Manual Bidding,Search,olay anti aging,Broad Match,25/08/2023 00:00:00,Unlimited,30,0,0.00%,0,0,0.00%,0.00%,0.00,0.00,0,0,0.00,0.00,0.00,0.00,0.00,0.00%,0.00%,-,-,-
99,Olay Regenerist Collagen Peptide 24 Anti Aging Moisturizer Skincare 50g [4],Ongoing,Product Ad,13513458778,Auto Targeting,Smart Creative Disabled,Manual Bidding,Search,anti aging cream,Broad Match,25/08/2023 00:00:00,Unlimited,11,0,0.00%,0,0,0.00%,0.00%,0.00,0.00,0,0,0.00,0.00,0.00,0.00,0.00,0.00%,0.00%,-,-,-
100,Olay Regenerist Collagen Peptide 24 Anti Aging Moisturizer Skincare 50g [4],Ongoing,Product Ad,13513458778,Auto Targeting,Smart Creative Disabled,Manual Bidding,Search,anti aging,Broad Match,25/08/2023 00:00:00,Unlimited,8,0,0.00%,0,0,0.00%,0.00%,0.00,0.00,0,0,0.00,0.00,0.00,0.00,0.00,0.00%,0.00%,-,-,-
101,Olay Retinol 24 MAX Anti Aging Face Cream Skincare 50g,Ongoing,Product Ad,24256492294,Auto Targeting,Smart Creative Disabled,Manual Bidding,Search,olay,Broad Match,24/01/2024 00:00:00,Unlimited,362,5,1.38%,0,0,0.00%,0.00%,0.00,0.00,0,0,0.00,0.00,25.36,0.00,0.00,0.00%,0.00%,-,-,-
102,Olay Retinol 24 MAX Anti Aging Face Cream Skincare 50g,Ongoing,Product Ad,24256492294,Auto Targeting,Smart Creative Disabled,Manual Bidding,Search,olay retinol,Broad Match,24/01/2024 00:00:00,Unlimited,96,7,7.29%,0,0,0.00%,0.00%,0.00,0.00,0,0,0.00,0.00,36.26,0.00,0.00,0.00%,0.00%,-,-,-
103,Olay Retinol 24 MAX Anti Aging Face Cream Skincare 50g,Ongoing,Product Ad,24256492294,Auto Targeting,Smart Creative Disabled,Manual Bidding,Search,retinol,Broad Match,24/01/2024 00:00:00,Unlimited,64,2,3.12%,0,0,0.00%,0.00%,0.00,0.00,0,0,0.00,0.00,13.84,0.00,0.00,0.00%,0.00%,-,-,-
104,Olay Retinol 24 MAX Anti Aging Face Cream Skincare 50g,Ongoing,Product Ad,24256492294,Auto Targeting,Smart Creative Disabled,Manual Bidding,Search,anti aging cream,Broad Match,24/01/2024 00:00:00,Unlimited,27,0,0.00%,0,0,0.00%,0.00%,0.00,0.00,0,0,0.00,0.00,0.00,0.00,0.00,0.00%,0.00%,-,-,-
105,Olay Retinol 24 MAX Anti Aging Face Cream Skincare 50g,Ongoing,Product Ad,24256492294,Auto Targeting,Smart Creative Disabled,Manual Bidding,Search,face cream,Broad Match,24/01/2024 00:00:00,Unlimited,25,0,0.00%,0,0,0.00%,0.00%,0.00,0.00,0,0,0.00,0.00,0.00,0.00,0.00,0.00%,0.00%,-,-,-
106,Olay Retinol 24 MAX Anti Aging Face Cream Skincare 50g,Ongoing,Product Ad,24256492294,Auto Targeting,Smart Creative Disabled,Manual Bidding,Search,cream,Broad Match,24/01/2024 00:00:00,Unlimited,16,0,0.00%,0,0,0.00%,0.00%,0.00,0.00,0,0,0.00,0.00,0.00,0.00,0.00,0.00%,0.00%,-,-,-
107,Olay Retinol 24 MAX Anti Aging Face Cream Skincare 50g,Ongoing,Product Ad,24256492294,Auto Targeting,Smart Creative Disabled,Manual Bidding,Search,regenerist cream,Broad Match,24/01/2024 00:00:00,Unlimited,9,0,0.00%,0,0,0.00%,0.00%,0.00,0.00,0,0,0.00,0.00,0.00,0.00,0.00,0.00%,0.00%,-,-,-
108,Olay Retinol 24 MAX Anti Aging Face Cream Skincare 50g,Ongoing,Product Ad,24256492294,Auto Targeting,Smart Creative Disabled,Manual Bidding,Search,moisturizer,Broad Match,24/01/2024 00:00:00,Unlimited,7,0,0.00%,0,0,0.00%,0.00%,0.00,0.00,0,0,0.00,0.00,0.00,0.00,0.00,0.00%,0.00%,-,-,-
109,Olay Retinol 24 MAX Anti Aging Face Cream Skincare 50g,Ongoing,Product Ad,24256492294,Auto Targeting,Smart Creative Disabled,Manual Bidding,Search,skin care,Broad Match,24/01/2024 00:00:00,Unlimited,6,0,0.00%,0,0,0.00%,0.00%,0.00,0.00,0,0,0.00,0.00,0.00,0.00,0.00,0.00%,0.00%,-,-,-
110,Olay Retinol 24 MAX Anti Aging Face Cream Skincare 50g,Ongoing,Product Ad,24256492294,Auto Targeting,Smart Creative Disabled,Manual Bidding,Search,skincare,Broad Match,24/01/2024 00:00:00,Unlimited,6,0,0.00%,0,0,0.00%,0.00%,0.00,0.00,0,0,0.00,0.00,0.00,0.00,0.00,0.00%,0.00%,-,-,-
111,Olay Total Effects Anti Aging Foaming Cream Cleanser Skincare 100g [2],Ongoing,Product Ad,5915716212,Auto Targeting,Smart Creative Disabled,Manual Bidding,Search,olay total effects,Broad Match,09/02/2024 00:00:00,Unlimited,448,12,2.68%,0,0,0.00%,0.00%,0.00,0.00,0,0,0.00,0.00,47.74,0.00,0.00,0.00%,0.00%,-,-,-
112,Olay Total Effects Anti Aging Foaming Cream Cleanser Skincare 100g [2],Ongoing,Product Ad,5915716212,Auto Targeting,Smart Creative Disabled,Manual Bidding,Search,facial cleanser,Broad Match,09/02/2024 00:00:00,Unlimited,65,3,4.62%,0,0,0.00%,0.00%,0.00,0.00,0,0,0.00,0.00,11.75,0.00,0.00,0.00%,0.00%,-,-,-
113,Olay Total Effects Anti Aging Foaming Cream Cleanser Skincare 100g [2],Ongoing,Product Ad,5915716212,Auto Targeting,Smart Creative Disabled,Manual Bidding,Search,olay cleanser,Broad Match,09/02/2024 00:00:00,Unlimited,55,4,7.27%,0,0,0.00%,0.00%,0.00,0.00,0,0,0.00,0.00,17.85,0.00,0.00,0.00%,0.00%,-,-,-
114,Olay Total Effects Anti Aging Foaming Cream Cleanser Skincare 100g [2],Ongoing,Product Ad,5915716212,Auto Targeting,Smart Creative Disabled,Manual Bidding,Search,cleanser for face,Broad Match,09/02/2024 00:00:00,Unlimited,38,1,2.63%,0,0,0.00%,0.00%,0.00,0.00,0,0,0.00,0.00,2.66,0.00,0.00,0.00%,0.00%,-,-,-
115,Olay Retinol 24 MAX Anti Aging Serum Skincare 30ml,Ongoing,Product Ad,25506491547,Auto Targeting,Smart Creative Disabled,Manual Bidding,Search,olay,Broad Match,24/01/2024 00:00:00,Unlimited,260,3,1.15%,0,0,0.00%,0.00%,0.00,0.00,0,0,0.00,0.00,18.20,0.00,0.00,0.00%,0.00%,-,-,-
116,Olay Retinol 24 MAX Anti Aging Serum Skincare 30ml,Ongoing,Product Ad,25506491547,Auto Targeting,Smart Creative Disabled,Manual Bidding,Search,retinol,Broad Match,24/01/2024 00:00:00,Unlimited,74,1,1.35%,0,0,0.00%,0.00%,0.00,0.00,0,0,0.00,0.00,6.73,0.00,0.00,0.00%,0.00%,-,-,-
117,Olay Retinol 24 MAX Anti Aging Serum Skincare 30ml,Ongoing,Product Ad,25506491547,Auto Targeting,Smart Creative Disabled,Manual Bidding,Search,olay serum,Broad Match,24/01/2024 00:00:00,Unlimited,70,0,0.00%,0,0,0.00%,0.00%,0.00,0.00,0,0,0.00,0.00,0.00,0.00,0.00,0.00%,0.00%,-,-,-
118,Olay Retinol 24 MAX Anti Aging Serum Skincare 30ml,Ongoing,Product Ad,25506491547,Auto Targeting,Smart Creative Disabled,Manual Bidding,Search,retinol cream,Broad Match,24/01/2024 00:00:00,Unlimited,57,2,3.51%,0,0,0.00%,0.00%,0.00,0.00,0,0,0.00,0.00,13.45,0.00,0.00,0.00%,0.00%,-,-,-
119,Olay Retinol 24 MAX Anti Aging Serum Skincare 30ml,Ongoing,Product Ad,25506491547,Auto Targeting,Smart Creative Disabled,Manual Bidding,Search,olay retinol,Broad Match,24/01/2024 00:00:00,Unlimited,55,1,1.82%,0,0,0.00%,0.00%,0.00,0.00,0,0,0.00,0.00,5.17,0.00,0.00,0.00%,0.00%,-,-,-
120,Olay Retinol 24 MAX Anti Aging Serum Skincare 30ml,Ongoing,Product Ad,25506491547,Auto Targeting,Smart Creative Disabled,Manual Bidding,Search,serum,Broad Match,24/01/2024 00:00:00,Unlimited,50,2,4.00%,0,0,0.00%,0.00%,0.00,0.00,0,0,0.00,0.00,13.78,0.00,0.00,0.00%,0.00%,-,-,-
121,Olay Retinol 24 MAX Anti Aging Serum Skincare 30ml,Ongoing,Product Ad,25506491547,Auto Targeting,Smart Creative Disabled,Manual Bidding,Search,skin care,Broad Match,24/01/2024 00:00:00,Unlimited,14,0,0.00%,0,0,0.00%,0.00%,0.00,0.00,0,0,0.00,0.00,0.00,0.00,0.00,0.00%,0.00%,-,-,-
122,Olay Retinol 24 MAX Anti Aging Serum Skincare 30ml,Ongoing,Product Ad,25506491547,Auto Targeting,Smart Creative Disabled,Manual Bidding,Search,anti aging,Broad Match,24/01/2024 00:00:00,Unlimited,7,0,0.00%,0,0,0.00%,0.00%,0.00,0.00,0,0,0.00,0.00,0.00,0.00,0.00,0.00%,0.00%,-,-,-
123,Olay Retinol 24 MAX Anti Aging Serum Skincare 30ml,Ongoing,Product Ad,25506491547,Auto Targeting,Smart Creative Disabled,Manual Bidding,Search,skincare,Broad Match,24/01/2024 00:00:00,Unlimited,7,0,0.00%,0,0,0.00%,0.00%,0.00,0.00,0,0,0.00,0.00,0.00,0.00,0.00,0.00%,0.00%,-,-,-
124,Olay Luminous Hyaluron+Niacinamide Gel Cream and Serum Set,Ongoing,Product Ad,25102396653,-,Smart Creative Disabled,Auto Bidding,Discovery,Auto Selected,-,12/12/2023 00:00:00,Unlimited,505,6,1.19%,0,0,0.00%,0.00%,0.00,0.00,0,0,0.00,0.00,14.89,0.00,0.00,0.00%,0.00%,-,-,-
125,Olay Luminous Hyaluron+Niacinamide Gel Cream and Serum Set,Ongoing,Product Ad,25102396653,-,Smart Creative Disabled,Auto Bidding,Search,Auto Selected,-,12/12/2023 00:00:00,Unlimited,89,0,0.00%,0,0,0.00%,0.00%,0.00,0.00,0,0,0.00,0.00,0.00,0.00,0.00,0.00%,0.00%,-,-,-
126,Olay Regenerist Collagen Peptide24 Skincare Cream Moisturizer & Serum 50 g + 30 ml,Ongoing,Product Ad,17934366448,-,Smart Creative Disabled,Auto Bidding,Search,Auto Selected,-,04/09/2023 00:00:00,Unlimited,518,9,1.74%,0,0,0.00%,0.00%,0.00,0.00,0,0,0.00,0.00,257.38,0.00,0.00,0.00%,0.00%,-,-,-
127,Olay Luminous Niacinamide + Hyaluron Serum 30ml,Ongoing,Product Ad,25152397032,-,Smart Creative Disabled,Auto Bidding,Discovery,Auto Selected,-,12/12/2023 00:00:00,Unlimited,380,3,0.79%,0,0,0.00%,0.00%,0.00,0.00,0,0,0.00,0.00,8.40,0.00,0.00,0.00%,0.00%,-,-,-
128,Olay Luminous Niacinamide + Hyaluron Serum 30ml,Ongoing,Product Ad,25152397032,-,Smart Creative Disabled,Auto Bidding,Search,Auto Selected,-,12/12/2023 00:00:00,Unlimited,130,1,0.77%,0,0,0.00%,0.00%,0.00,0.00,0,0,0.00,0.00,15.55,0.00,0.00,0.00%,0.00%,-,-,-
129,Olay Niacinamide Anti Aging Cream Regenerist 50g + Retinol Anti-Aging Cream Skincare [3],Ongoing,Product Ad,4853962533,Auto Targeting,Smart Creative Disabled,Manual Bidding,Search,olay regenerist,Broad Match,12/12/2023 00:00:00,Unlimited,242,0,0.00%,0,0,0.00%,0.00%,0.00,0.00,0,0,0.00,0.00,0.00,0.00,0.00,0.00%,0.00%,-,-,-
130,Olay Niacinamide Anti Aging Cream Regenerist 50g + Retinol Anti-Aging Cream Skincare [3],Ongoing,Product Ad,4853962533,Auto Targeting,Smart Creative Disabled,Manual Bidding,Search,regenerist cream,Broad Match,12/12/2023 00:00:00,Unlimited,80,0,0.00%,0,0,0.00%,0.00%,0.00,0.00,0,0,0.00,0.00,0.00,0.00,0.00,0.00%,0.00%,-,-,-
131,Olay Niacinamide Anti Aging Cream Regenerist 50g + Retinol Anti-Aging Cream Skincare [3],Ongoing,Product Ad,4853962533,Auto Targeting,Smart Creative Disabled,Manual Bidding,Search,face cream,Broad Match,12/12/2023 00:00:00,Unlimited,76,1,1.32%,0,0,0.00%,0.00%,0.00,0.00,0,0,0.00,0.00,4.25,0.00,0.00,0.00%,0.00%,-,-,-
132,Olay Niacinamide Anti Aging Cream Regenerist 50g + Retinol Anti-Aging Cream Skincare [3],Ongoing,Product Ad,4853962533,Auto Targeting,Smart Creative Disabled,Manual Bidding,Search,retinol cream,Broad Match,12/12/2023 00:00:00,Unlimited,70,1,1.43%,0,0,0.00%,0.00%,0.00,0.00,0,0,0.00,0.00,5.70,0.00,0.00,0.00%,0.00%,-,-,-
133,Olay Niacinamide Anti Aging Cream Regenerist 50g + Retinol Anti-Aging Cream Skincare [3],Ongoing,Product Ad,4853962533,Auto Targeting,Smart Creative Disabled,Manual Bidding,Search,retinol,Broad Match,12/12/2023 00:00:00,Unlimited,14,0,0.00%,0,0,0.00%,0.00%,0.00,0.00,0,0,0.00,0.00,0.00,0.00,0.00,0.00%,0.00%,-,-,-
134,Olay Niacinamide Anti Aging Cream Regenerist 50g + Retinol Anti-Aging Cream Skincare [3],Ongoing,Product Ad,4853962533,Auto Targeting,Smart Creative Disabled,Manual Bidding,Search,niacinamide,Broad Match,12/12/2023 00:00:00,Unlimited,12,0,0.00%,0,0,0.00%,0.00%,0.00,0.00,0,0,0.00,0.00,0.00,0.00,0.00,0.00%,0.00%,-,-,-
135,Olay Niacinamide Anti Aging Cream Regenerist 50g + Retinol Anti-Aging Cream Skincare [3],Ongoing,Product Ad,4853962533,Auto Targeting,Smart Creative Disabled,Manual Bidding,Search,skin care,Broad Match,12/12/2023 00:00:00,Unlimited,8,0,0.00%,0,0,0.00%,0.00%,0.00,0.00,0,0,0.00,0.00,0.00,0.00,0.00,0.00%,0.00%,-,-,-
136,Olay Niacinamide Anti Aging Cream Regenerist 50g + Retinol Anti-Aging Cream Skincare [3],Ongoing,Product Ad,4853962533,Auto Targeting,Smart Creative Disabled,Manual Bidding,Search,skincare,Broad Match,12/12/2023 00:00:00,Unlimited,7,0,0.00%,0,0,0.00%,0.00%,0.00,0.00,0,0,0.00,0.00,0.00,0.00,0.00,0.00%,0.00%,-,-,-
137,Olay Niacinamide Anti-Aging Day Cream Regenerist 50g + Brightening Serum Luminous 30ml Skincare [2],Ongoing,Product Ad,6519435558,Auto Targeting,Smart Creative Disabled,Manual Bidding,Search,olay cream,Broad Match,24/01/2024 00:00:00,Unlimited,315,5,1.59%,2,0,40.00%,0.00%,19.85,0.00,2,0,2138.00,0.00,39.70,53.85,0.00,1.86%,0.00%,-,-,-
138,Olay Niacinamide Anti-Aging Day Cream Regenerist 50g + Brightening Serum Luminous 30ml Skincare [2],Ongoing,Product Ad,6519435558,Auto Targeting,Smart Creative Disabled,Manual Bidding,Search,olay moisturizer,Broad Match,24/01/2024 00:00:00,Unlimited,34,2,5.88%,0,0,0.00%,0.00%,0.00,0.00,0,0,0.00,0.00,19.72,0.00,0.00,0.00%,0.00%,-,-,-
139,Olay Niacinamide Anti-Aging Day Cream Regenerist 50g + Brightening Serum Luminous 30ml Skincare [2],Ongoing,Product Ad,6519435558,Auto Targeting,Smart Creative Disabled,Manual Bidding,Search,olay regenerist,Broad Match,24/01/2024 00:00:00,Unlimited,30,3,10.00%,0,0,0.00%,0.00%,0.00,0.00,0,0,0.00,0.00,13.97,0.00,0.00,0.00%,0.00%,-,-,-
140,Olay Niacinamide Anti-Aging Day Cream Regenerist 50g + Brightening Serum Luminous 30ml Skincare [2],Ongoing,Product Ad,6519435558,Auto Targeting,Smart Creative Disabled,Manual Bidding,Search,anti aging cream,Broad Match,24/01/2024 00:00:00,Unlimited,26,1,3.85%,0,0,0.00%,0.00%,0.00,0.00,0,0,0.00,0.00,7.20,0.00,0.00,0.00%,0.00%,-,-,-
141,Olay Niacinamide Anti-Aging Day Cream Regenerist 50g + Brightening Serum Luminous 30ml Skincare [2],Ongoing,Product Ad,6519435558,Auto Targeting,Smart Creative Disabled,Manual Bidding,Search,olay serum,Broad Match,24/01/2024 00:00:00,Unlimited,25,3,12.00%,0,0,0.00%,0.00%,0.00,0.00,0,0,0.00,0.00,19.41,0.00,0.00,0.00%,0.00%,-,-,-
142,Olay Niacinamide Anti-Aging Day Cream Regenerist 50g + Brightening Serum Luminous 30ml Skincare [2],Ongoing,Product Ad,6519435558,Auto Targeting,Smart Creative Disabled,Manual Bidding,Search,serum,Broad Match,24/01/2024 00:00:00,Unlimited,25,0,0.00%,0,0,0.00%,0.00%,0.00,0.00,0,0,0.00,0.00,0.00,0.00,0.00,0.00%,0.00%,-,-,-
143,Olay Niacinamide Anti-Aging Day Cream Regenerist 50g + Brightening Serum Luminous 30ml Skincare [2],Ongoing,Product Ad,6519435558,Auto Targeting,Smart Creative Disabled,Manual Bidding,Search,anti aging,Broad Match,24/01/2024 00:00:00,Unlimited,12,0,0.00%,0,0,0.00%,0.00%,0.00,0.00,0,0,0.00,0.00,0.00,0.00,0.00,0.00%,0.00%,-,-,-
144,Olay Niacinamide Anti-Aging Day Cream Regenerist 50g + Brightening Serum Luminous 30ml Skincare [2],Ongoing,Product Ad,6519435558,Auto Targeting,Smart Creative Disabled,Manual Bidding,Search,niacinamide,Broad Match,24/01/2024 00:00:00,Unlimited,11,0,0.00%,0,0,0.00%,0.00%,0.00,0.00,0,0,0.00,0.00,0.00,0.00,0.00,0.00%,0.00%,-,-,-
145,Olay Niacinamide Anti-Aging Day Cream Regenerist 50g + Brightening Serum Luminous 30ml Skincare [2],Ongoing,Product Ad,6519435558,Auto Targeting,Smart Creative Disabled,Manual Bidding,Search,cream,Broad Match,24/01/2024 00:00:00,Unlimited,7,0,0.00%,0,0,0.00%,0.00%,0.00,0.00,0,0,0.00,0.00,0.00,0.00,0.00,0.00%,0.00%,-,-,-
146,Olay Niacinamide Anti-Aging Day Cream Regenerist 50g + Brightening Serum Luminous 30ml Skincare [2],Ongoing,Product Ad,6519435558,Auto Targeting,Smart Creative Disabled,Manual Bidding,Search,olay regenerist moisturizer,Broad Match,24/01/2024 00:00:00,Unlimited,4,0,0.00%,0,0,0.00%,0.00%,0.00,0.00,0,0,0.00,0.00,0.00,0.00,0.00,0.00%,0.00%,-,-,-
147,Olay Luminous Niacinamide + Hyaluron Eye Cream 15ml,Ongoing,Product Ad,22887481349,-,Smart Creative Disabled,Auto Bidding,Discovery,Auto Selected,-,12/12/2023 00:00:00,Unlimited,405,6,1.48%,0,0,0.00%,0.00%,0.00,0.00,0,0,0.00,0.00,18.00,0.00,0.00,0.00%,0.00%,-,-,-
148,Olay Luminous Niacinamide + Hyaluron Eye Cream 15ml,Ongoing,Product Ad,22887481349,-,Smart Creative Disabled,Auto Bidding,Search,Auto Selected,-,12/12/2023 00:00:00,Unlimited,54,2,3.70%,0,0,0.00%,0.00%,0.00,0.00,0,0,0.00,0.00,33.15,0.00,0.00,0.00%,0.00%,-,-,-
149,Olay Retinol Anti Aging Serum 30ml + Niacinamide Vitamin C Brightening Serum Luminous Skincare 30ml [2],Ongoing,Product Ad,6969166109,Auto Targeting,Smart Creative Disabled,Manual Bidding,Search,olay,Broad Match,25/08/2023 00:00:00,Unlimited,163,3,1.84%,1,1,33.33%,33.33%,9.99,9.99,1,1,2685.00,2685.00,9.99,268.68,268.68,0.37%,0.37%,-,-,-
150,Olay Retinol Anti Aging Serum 30ml + Niacinamide Vitamin C Brightening Serum Luminous Skincare 30ml [2],Ongoing,Product Ad,6969166109,Auto Targeting,Smart Creative Disabled,Manual Bidding,Search,olay retinol,Broad Match,25/08/2023 00:00:00,Unlimited,63,7,11.11%,0,0,0.00%,0.00%,0.00,0.00,0,0,0.00,0.00,25.10,0.00,0.00,0.00%,0.00%,-,-,-
151,Olay Retinol Anti Aging Serum 30ml + Niacinamide Vitamin C Brightening Serum Luminous Skincare 30ml [2],Ongoing,Product Ad,6969166109,Auto Targeting,Smart Creative Disabled,Manual Bidding,Search,olay white radiance,Broad Match,25/08/2023 00:00:00,Unlimited,34,1,2.94%,0,0,0.00%,0.00%,0.00,0.00,0,0,0.00,0.00,2.64,0.00,0.00,0.00%,0.00%,-,-,-
152,Olay Retinol Anti Aging Serum 30ml + Niacinamide Vitamin C Brightening Serum Luminous Skincare 30ml [2],Ongoing,Product Ad,6969166109,Auto Targeting,Smart Creative Disabled,Manual Bidding,Search,retinol cream,Broad Match,25/08/2023 00:00:00,Unlimited,30,0,0.00%,0,0,0.00%,0.00%,0.00,0.00,0,0,0.00,0.00,0.00,0.00,0.00,0.00%,0.00%,-,-,-
153,Olay Retinol Anti Aging Serum 30ml + Niacinamide Vitamin C Brightening Serum Luminous Skincare 30ml [2],Ongoing,Product Ad,6969166109,Auto Targeting,Smart Creative Disabled,Manual Bidding,Search,olay serum,Broad Match,25/08/2023 00:00:00,Unlimited,28,1,3.57%,0,0,0.00%,0.00%,0.00,0.00,0,0,0.00,0.00,2.36,0.00,0.00,0.00%,0.00%,-,-,-
154,Olay Retinol Anti Aging Serum 30ml + Niacinamide Vitamin C Brightening Serum Luminous Skincare 30ml [2],Ongoing,Product Ad,6969166109,Auto Targeting,Smart Creative Disabled,Manual Bidding,Search,retinol,Broad Match,25/08/2023 00:00:00,Unlimited,19,1,5.26%,0,0,0.00%,0.00%,0.00,0.00,0,0,0.00,0.00,3.30,0.00,0.00,0.00%,0.00%,-,-,-
155,Olay Retinol Anti Aging Serum 30ml + Niacinamide Vitamin C Brightening Serum Luminous Skincare 30ml [2],Ongoing,Product Ad,6969166109,Auto Targeting,Smart Creative Disabled,Manual Bidding,Search,serum,Broad Match,25/08/2023 00:00:00,Unlimited,16,0,0.00%,0,0,0.00%,0.00%,0.00,0.00,0,0,0.00,0.00,0.00,0.00,0.00,0.00%,0.00%,-,-,-
156,Olay Retinol Anti Aging Serum 30ml + Niacinamide Vitamin C Brightening Serum Luminous Skincare 30ml [2],Ongoing,Product Ad,6969166109,Auto Targeting,Smart Creative Disabled,Manual Bidding,Search,vitamin c serum,Broad Match,25/08/2023 00:00:00,Unlimited,13,0,0.00%,0,0,0.00%,0.00%,0.00,0.00,0,0,0.00,0.00,0.00,0.00,0.00,0.00%,0.00%,-,-,-
157,Olay Luminous Niacinamide + AHA Brightening Serum 30ml + Moisturizer 50g Skincare [2],Ongoing,Product Ad,15246652336,Auto Targeting,Smart Creative Disabled,Manual Bidding,Search,olay serum,Broad Match,25/08/2023 00:00:00,Unlimited,256,5,1.95%,0,0,0.00%,0.00%,0.00,0.00,0,0,0.00,0.00,26.92,0.00,0.00,0.00%,0.00%,-,-,-
158,Olay Luminous Niacinamide + AHA Brightening Serum 30ml + Moisturizer 50g Skincare [2],Ongoing,Product Ad,15246652336,Auto Targeting,Smart Creative Disabled,Manual Bidding,Search,olay white radiance,Broad Match,25/08/2023 00:00:00,Unlimited,89,1,1.12%,0,0,0.00%,0.00%,0.00,0.00,0,0,0.00,0.00,4.86,0.00,0.00,0.00%,0.00%,-,-,-
159,Olay Luminous Niacinamide + AHA Brightening Serum 30ml + Moisturizer 50g Skincare [2],Ongoing,Product Ad,15246652336,Auto Targeting,Smart Creative Disabled,Manual Bidding,Search,serum,Broad Match,25/08/2023 00:00:00,Unlimited,7,1,14.29%,0,0,0.00%,0.00%,0.00,0.00,0,0,0.00,0.00,2.74,0.00,0.00,0.00%,0.00%,-,-,-
160,Olay Retinol 24 Anti Aging Serum Skincare 30mL Set of 2 [4],Ongoing,Product Ad,6653950417,Auto Targeting,Smart Creative Disabled,Manual Bidding,Search,olay,Broad Match,09/02/2024 00:00:00,Unlimited,254,0,0.00%,0,0,0.00%,0.00%,0.00,0.00,0,0,0.00,0.00,0.00,0.00,0.00,0.00%,0.00%,-,-,-
161,Olay Retinol 24 Anti Aging Serum Skincare 30mL Set of 2 [4],Ongoing,Product Ad,6653950417,Auto Targeting,Smart Creative Disabled,Manual Bidding,Search,retinol,Broad Match,09/02/2024 00:00:00,Unlimited,35,1,2.86%,0,0,0.00%,0.00%,0.00,0.00,0,0,0.00,0.00,6.96,0.00,0.00,0.00%,0.00%,-,-,-
162,Olay Retinol 24 Anti Aging Serum Skincare 30mL Set of 2 [4],Ongoing,Product Ad,6653950417,Auto Targeting,Smart Creative Disabled,Manual Bidding,Search,serum,Broad Match,09/02/2024 00:00:00,Unlimited,32,0,0.00%,0,0,0.00%,0.00%,0.00,0.00,0,0,0.00,0.00,0.00,0.00,0.00,0.00%,0.00%,-,-,-
163,Olay Retinol 24 Anti Aging Serum Skincare 30mL Set of 2 [4],Ongoing,Product Ad,6653950417,Auto Targeting,Smart Creative Disabled,Manual Bidding,Search,olay retinol,Broad Match,09/02/2024 00:00:00,Unlimited,20,2,10.00%,0,0,0.00%,0.00%,0.00,0.00,0,0,0.00,0.00,10.50,0.00,0.00,0.00%,0.00%,-,-,-
164,Olay Retinol 24 Anti Aging Serum Skincare 30mL Set of 2 [4],Ongoing,Product Ad,6653950417,Auto Targeting,Smart Creative Disabled,Manual Bidding,Search,olay serum,Broad Match,09/02/2024 00:00:00,Unlimited,9,0,0.00%,0,0,0.00%,0.00%,0.00,0.00,0,0,0.00,0.00,0.00,0.00,0.00,0.00%,0.00%,-,-,-
165,Olay Regenerist Micro Sculpting UV Cream Anti Aging Moisturizer SPF 30 Skincare 50g [4],Ongoing,Product Ad,6317251827,Auto Targeting,Smart Creative Disabled,Manual Bidding,Search,olay cream,Broad Match,09/02/2024 00:00:00,Unlimited,235,4,1.70%,0,0,0.00%,0.00%,0.00,0.00,0,0,0.00,0.00,15.72,0.00,0.00,0.00%,0.00%,-,-,-
166,Olay Regenerist Micro Sculpting UV Cream Anti Aging Moisturizer SPF 30 Skincare 50g [4],Ongoing,Product Ad,6317251827,Auto Targeting,Smart Creative Disabled,Manual Bidding,Search,olay moisturizer,Broad Match,09/02/2024 00:00:00,Unlimited,50,1,2.00%,0,0,0.00%,0.00%,0.00,0.00,0,0,0.00,0.00,6.60,0.00,0.00,0.00%,0.00%,-,-,-
167,Olay Regenerist Micro Sculpting UV Cream Anti Aging Moisturizer SPF 30 Skincare 50g [4],Ongoing,Product Ad,6317251827,Auto Targeting,Smart Creative Disabled,Manual Bidding,Search,moisturizer,Broad Match,09/02/2024 00:00:00,Unlimited,37,0,0.00%,0,0,0.00%,0.00%,0.00,0.00,0,0,0.00,0.00,0.00,0.00,0.00,0.00%,0.00%,-,-,-
168,Olay Regenerist Micro Sculpting UV Cream Anti Aging Moisturizer SPF 30 Skincare 50g [4],Ongoing,Product Ad,6317251827,Auto Targeting,Smart Creative Disabled,Manual Bidding,Search,anti aging cream,Broad Match,09/02/2024 00:00:00,Unlimited,25,1,4.00%,0,0,0.00%,0.00%,0.00,0.00,0,0,0.00,0.00,5.01,0.00,0.00,0.00%,0.00%,-,-,-
169,Olay White Radiance Niacinamide + Vitamin C Super Serum 30mL Set of 2 [5],Ongoing,Product Ad,5569165898,-,Smart Creative Disabled,Auto Bidding,Discovery,Auto Selected,-,20/12/2023 00:00:00,Unlimited,254,3,1.18%,0,0,0.00%,0.00%,0.00,0.00,0,0,0.00,0.00,7.95,0.00,0.00,0.00%,0.00%,-,-,-
170,Olay White Radiance Niacinamide + Vitamin C Super Serum 30mL Set of 2 [5],Ongoing,Product Ad,5569165898,-,Smart Creative Disabled,Auto Bidding,Search,Auto Selected,-,20/12/2023 00:00:00,Unlimited,73,0,0.00%,0,0,0.00%,0.00%,0.00,0.00,0,0,0.00,0.00,0.00,0.00,0.00,0.00%,0.00%,-,-,-
171,[LIMITED TIME ONLY] Olay Regenerist Retinol 24 Cream 50g +Luminous Vitamin C 30ml Regimen Bundle [2],Ongoing,Product Ad,23358503322,Auto Targeting,Smart Creative Disabled,Manual Bidding,Search,retinol cream,Broad Match,09/02/2024 00:00:00,Unlimited,275,5,1.82%,0,0,0.00%,0.00%,0.00,0.00,0,0,0.00,0.00,28.07,0.00,0.00,0.00%,0.00%,-,-,-
172,[LIMITED TIME ONLY] Olay Regenerist Retinol 24 Cream 50g +Luminous Vitamin C 30ml Regimen Bundle [2],Ongoing,Product Ad,23358503322,Auto Targeting,Smart Creative Disabled,Manual Bidding,Search,vitamin c serum,Broad Match,09/02/2024 00:00:00,Unlimited,14,0,0.00%,0,0,0.00%,0.00%,0.00,0.00,0,0,0.00,0.00,0.00,0.00,0.00,0.00%,0.00%,-,-,-
173,Olay Skin Regenerist Micro-sculpting Day & Night Ritual Duo Cream (50g/50g) + Retinol 24 Serum 30mL [4],Ongoing,Product Ad,4654277296,-,Smart Creative Disabled,Auto Bidding,Discovery,Auto Selected,-,06/10/2023 00:00:00,Unlimited,244,5,2.05%,0,0,0.00%,0.00%,0.00,0.00,0,0,0.00,0.00,12.56,0.00,0.00,0.00%,0.00%,-,-,-
174,Olay Skin Regenerist Micro-sculpting Day & Night Ritual Duo Cream (50g/50g) + Retinol 24 Serum 30mL [4],Ongoing,Product Ad,4654277296,-,Smart Creative Disabled,Auto Bidding,Search,Auto Selected,-,06/10/2023 00:00:00,Unlimited,39,0,0.00%,0,0,0.00%,0.00%,0.00,0.00,0,0,0.00,0.00,0.00,0.00,0.00,0.00%,0.00%,-,-,-
175,[LIMITED EDITION] Olay Regenerist Micro-Sculpting Cream 50g [5],Ongoing,Product Ad,21354612357,-,Smart Creative Disabled,Auto Bidding,Discovery,Auto Selected,-,09/11/2023 00:00:00,Unlimited,136,1,0.74%,0,0,0.00%,0.00%,0.00,0.00,0,0,0.00,0.00,3.00,0.00,0.00,0.00%,0.00%,-,-,-
176,[LIMITED EDITION] Olay Regenerist Micro-Sculpting Cream 50g [5],Ongoing,Product Ad,21354612357,-,Smart Creative Disabled,Auto Bidding,Search,Auto Selected,-,09/11/2023 00:00:00,Unlimited,75,2,2.67%,0,0,0.00%,0.00%,0.00,0.00,0,0,0.00,0.00,10.88,0.00,0.00,0.00%,0.00%,-,-,-
177,Olay Luminous Niacinamide + AHA Moisturizer 50g (Acne Mark / Dark Spot) [5],Ongoing,Product Ad,14632912068,-,Smart Creative Disabled,Auto Bidding,Discovery,Auto Selected,-,07/11/2023 00:00:00,Unlimited,129,0,0.00%,0,0,0.00%,0.00%,0.00,0.00,0,0,0.00,0.00,0.00,0.00,0.00,0.00%,0.00%,-,-,-
178,Olay Luminous Niacinamide + AHA Moisturizer 50g (Acne Mark / Dark Spot) [5],Ongoing,Product Ad,14632912068,-,Smart Creative Disabled,Auto Bidding,Search,Auto Selected,-,07/11/2023 00:00:00,Unlimited,70,1,1.43%,0,0,0.00%,0.00%,0.00,0.00,0,0,0.00,0.00,18.57,0.00,0.00,0.00%,0.00%,-,-,-
179,Olay Retinol 24 Face Cream 50g Set of 2 [2],Ongoing,Product Ad,22620730145,-,Smart Creative Disabled,Auto Bidding,Discovery,Auto Selected,-,30/11/2023 00:00:00,Unlimited,154,7,4.55%,0,0,0.00%,0.00%,0.00,0.00,0,0,0.00,0.00,19.00,0.00,0.00,0.00%,0.00%,-,-,-
180,Olay Retinol 24 Face Cream 50g Set of 2 [2],Ongoing,Product Ad,22620730145,-,Smart Creative Disabled,Auto Bidding,Search,Auto Selected,-,30/11/2023 00:00:00,Unlimited,35,0,0.00%,0,0,0.00%,0.00%,0.00,0.00,0,0,0.00,0.00,0.00,0.00,0.00,0.00%,0.00%,-,-,-
181,Olay Retinol 24 Serum 30mL + White radiance Essence 30mL [5],Ongoing,Product Ad,6854282453,-,Smart Creative Disabled,Auto Bidding,Discovery,Auto Selected,-,07/11/2023 00:00:00,Unlimited,141,0,0.00%,0,0,0.00%,0.00%,0.00,0.00,0,0,0.00,0.00,0.00,0.00,0.00,0.00%,0.00%,-,-,-
182,Olay Retinol 24 Serum 30mL + White radiance Essence 30mL [5],Ongoing,Product Ad,6854282453,-,Smart Creative Disabled,Auto Bidding,Search,Auto Selected,-,07/11/2023 00:00:00,Unlimited,43,0,0.00%,0,0,0.00%,0.00%,0.00,0.00,0,0,0.00,0.00,0.00,0.00,0.00,0.00%,0.00%,-,-,-
183,Olay Total Effects 7 Benefits Gentle Cream Moisturizer with SPF15 50G (Skincare/Anti Aging),Ongoing,Product Ad,4817256687,-,Smart Creative Disabled,Auto Bidding,Search,Auto Selected,-,25/08/2023 00:00:00,Unlimited,178,9,5.06%,1,1,11.11%,11.11%,200.00,200.00,1,1,953.00,953.00,200.00,4.76,4.76,20.99%,20.99%,-,-,-
184,Olay White Radiance Light Perfecting Essence Serum 30mL (Skincare/Brightening),Ongoing,Product Ad,3417366470,-,Smart Creative Disabled,Auto Bidding,Search,Auto Selected,-,25/08/2023 00:00:00,Unlimited,22,2,9.09%,0,0,0.00%,0.00%,0.00,0.00,0,0,0.00,0.00,20.00,0.00,0.00,0.00%,0.00%,-,-,-
185,OLAY SKIN_Shop ADS 24823,Ongoing,Shop Ad,-,-,Custom,Manual Bidding,-,cream,Broad Match,24/08/2023 00:00:00,Unlimited,654,28,4.28%,2,2,7.14%,7.14%,98.00,98.00,2,2,2094.00,2094.00,196.00,10.68,10.68,9.36%,9.36%,5970,31,0.52%
186,OLAY SKIN_Shop ADS 24823,Ongoing,Shop Ad,-,-,Custom,Manual Bidding,-,retinol,Broad Match,24/08/2023 00:00:00,Unlimited,404,11,2.72%,0,0,0.00%,0.00%,0.00,0.00,0,0,0.00,0.00,88.00,0.00,0.00,0.00%,0.00%,4110,11,0.27%
187,OLAY SKIN_Shop ADS 24823,Ongoing,Shop Ad,-,-,Custom,Manual Bidding,-,moisturizer,Broad Match,24/08/2023 00:00:00,Unlimited,370,11,2.97%,0,0,0.00%,0.00%,0.00,0.00,0,0,0.00,0.00,77.00,0.00,0.00,0.00%,0.00%,3114,10,0.32%
188,OLAY SKIN_Shop ADS 24823,Ongoing,Shop Ad,-,-,Custom,Manual Bidding,-,olay total effects moisturizer,Broad Match,24/08/2023 00:00:00,Unlimited,335,35,10.45%,2,2,5.71%,5.71%,140.00,140.00,2,2,3054.00,3054.00,280.00,10.91,10.91,9.17%,9.17%,4757,54,1.14%
189,OLAY SKIN_Shop ADS 24823,Ongoing,Shop Ad,-,-,Custom,Manual Bidding,-,serum,Broad Match,24/08/2023 00:00:00,Unlimited,320,12,3.75%,0,0,0.00%,0.00%,0.00,0.00,0,0,0.00,0.00,96.00,0.00,0.00,0.00%,0.00%,2145,6,0.28%
190,OLAY SKIN_Shop ADS 24823,Ongoing,Shop Ad,-,-,Custom,Manual Bidding,-,anti aging,Broad Match,24/08/2023 00:00:00,Unlimited,179,13,7.26%,0,0,0.00%,0.00%,0.00,0.00,0,0,0.00,0.00,104.00,0.00,0.00,0.00%,0.00%,1748,9,0.51%
191,OLAY SKIN_Shop ADS 24823,Ongoing,Shop Ad,-,-,Custom,Manual Bidding,-,olay day and night cream,Broad Match,24/08/2023 00:00:00,Unlimited,169,11,6.51%,0,0,0.00%,0.00%,0.00,0.00,0,0,0.00,0.00,77.00,0.00,0.00,0.00%,0.00%,1957,11,0.56%
192,OLAY SKIN_Shop ADS 24823,Ongoing,Shop Ad,-,-,Custom,Manual Bidding,-,eye cream,Broad Match,24/08/2023 00:00:00,Unlimited,161,9,5.59%,1,1,11.11%,11.11%,72.00,72.00,1,1,1779.00,1779.00,72.00,24.71,24.71,4.05%,4.05%,1643,9,0.55%
193,OLAY SKIN_Shop ADS 24823,Ongoing,Shop Ad,-,-,Custom,Manual Bidding,-,collagen cream,Broad Match,24/08/2023 00:00:00,Unlimited,159,1,0.63%,0,0,0.00%,0.00%,0.00,0.00,0,0,0.00,0.00,8.00,0.00,0.00,0.00%,0.00%,736,0,0.00%
194,OLAY SKIN_Shop ADS 24823,Ongoing,Shop Ad,-,-,Custom,Manual Bidding,-,olay official store,Broad Match,24/08/2023 00:00:00,Unlimited,121,9,7.44%,0,0,0.00%,0.00%,0.00,0.00,0,0,0.00,0.00,72.00,0.00,0.00,0.00%,0.00%,1520,13,0.86%
195,OLAY SKIN_Shop ADS 24823,Ongoing,Shop Ad,-,-,Custom,Manual Bidding,-,face cream,Broad Match,24/08/2023 00:00:00,Unlimited,103,2,1.94%,0,0,0.00%,0.00%,0.00,0.00,0,0,0.00,0.00,14.00,0.00,0.00,0.00%,0.00%,583,0,0.00%
196,OLAY SKIN_Shop ADS 24823,Ongoing,Shop Ad,-,-,Custom,Manual Bidding,-,niacinamide,Broad Match,24/08/2023 00:00:00,Unlimited,95,0,0.00%,0,0,0.00%,0.00%,0.00,0.00,0,0,0.00,0.00,0.00,0.00,0.00,0.00%,0.00%,456,0,0.00%
197,OLAY SKIN_Shop ADS 24823,Ongoing,Shop Ad,-,-,Custom,Manual Bidding,-,olay moisturizer for face,Broad Match,24/08/2023 00:00:00,Unlimited,52,0,0.00%,0,0,0.00%,0.00%,0.00,0.00,0,0,0.00,0.00,0.00,0.00,0.00,0.00%,0.00%,312,0,0.00%
198,OLAY SKIN_Shop ADS 24823,Ongoing,Shop Ad,-,-,Custom,Manual Bidding,-,cleanser,Broad Match,24/08/2023 00:00:00,Unlimited,47,4,8.51%,0,0,0.00%,0.00%,0.00,0.00,0,0,0.00,0.00,28.00,0.00,0.00,0.00%,0.00%,408,5,1.23%
199,OLAY SKIN_Shop ADS 24823,Ongoing,Shop Ad,-,-,Custom,Manual Bidding,-,regenerist,Broad Match,24/08/2023 00:00:00,Unlimited,46,4,8.70%,1,1,25.00%,25.00%,32.00,32.00,1,1,405.00,405.00,32.00,12.66,12.66,7.90%,7.90%,548,4,0.73%
200,OLAY SKIN_Shop ADS 24823,Ongoing,Shop Ad,-,-,Custom,Manual Bidding,-,olay skin,Broad Match,24/08/2023 00:00:00,Unlimited,44,3,6.82%,0,0,0.00%,0.00%,0.00,0.00,0,0,0.00,0.00,24.00,0.00,0.00,0.00%,0.00%,637,2,0.31%
201,OLAY SKIN_Shop ADS 24823,Ongoing,Shop Ad,-,-,Custom,Manual Bidding,-,skin care,Broad Match,24/08/2023 00:00:00,Unlimited,35,0,0.00%,0,0,0.00%,0.00%,0.00,0.00,0,0,0.00,0.00,0.00,0.00,0.00,0.00%,0.00%,198,0,0.00%
202,OLAY SKIN_Shop ADS 24823,Ongoing,Shop Ad,-,-,Custom,Manual Bidding,-,collagen,Broad Match,24/08/2023 00:00:00,Unlimited,28,2,7.14%,0,0,0.00%,0.00%,0.00,0.00,0,0,0.00,0.00,16.00,0.00,0.00,0.00%,0.00%,234,3,1.28%
203,OLAY SKIN_Shop ADS 24823,Ongoing,Shop Ad,-,-,Custom,Manual Bidding,-,foaming cleanser,Broad Match,24/08/2023 00:00:00,Unlimited,15,1,6.67%,0,0,0.00%,0.00%,0.00,0.00,0,0,0.00,0.00,7.00,0.00,0.00,0.00%,0.00%,59,1,1.69%
204,OLAY SKIN_Shop ADS 24823,Ongoing,Shop Ad,-,-,Custom,Manual Bidding,-,retinol cream,Broad Match,24/08/2023 00:00:00,Unlimited,15,1,6.67%,0,0,0.00%,0.00%,0.00,0.00,0,0,0.00,0.00,8.00,0.00,0.00,0.00%,0.00%,201,0,0.00%
205,OLAY SKIN_Shop ADS 24823,Ongoing,Shop Ad,-,-,Custom,Manual Bidding,-,brightening cream,Broad Match,24/08/2023 00:00:00,Unlimited,12,3,25.00%,0,0,0.00%,0.00%,0.00,0.00,0,0,0.00,0.00,24.00,0.00,0.00,0.00%,0.00%,157,1,0.64%
206,OLAY SKIN_Shop ADS 24823,Ongoing,Shop Ad,-,-,Custom,Manual Bidding,-,dark spot cream,Broad Match,24/08/2023 00:00:00,Unlimited,7,0,0.00%,0,0,0.00%,0.00%,0.00,0.00,0,0,0.00,0.00,0.00,0.00,0.00,0.00%,0.00%,27,0,0.00%
207,OLAY SKIN_Shop ADS 24823,Ongoing,Shop Ad,-,-,Custom,Manual Bidding,-,olay cream day and night,Broad Match,24/08/2023 00:00:00,Unlimited,5,1,20.00%,0,0,0.00%,0.00%,0.00,0.00,0,0,0.00,0.00,7.00,0.00,0.00,0.00%,0.00%,63,1,1.59%
208,OLAY SKIN_Shop ADS 24823,Ongoing,Shop Ad,-,-,Custom,Manual Bidding,-,brilliant skin,Broad Match,24/08/2023 00:00:00,Unlimited,3,0,0.00%,0,0,0.00%,0.00%,0.00,0.00,0,0,0.00,0.00,0.00,0.00,0.00,0.00%,0.00%,9,0,0.00%
209,OLAY SKIN_Shop ADS 24823,Ongoing,Shop Ad,-,-,Custom,Manual Bidding,-,dark spot,Broad Match,24/08/2023 00:00:00,Unlimited,3,0,0.00%,0,0,0.00%,0.00%,0.00,0.00,0,0,0.00,0.00,0.00,0.00,0.00,0.00%,0.00%,12,0,0.00%
210,OLAY SKIN_Shop ADS 24823,Ongoing,Shop Ad,-,-,Custom,Manual Bidding,-,vitamin c serum,Broad Match,24/08/2023 00:00:00,Unlimited,2,1,50.00%,0,0,0.00%,0.00%,0.00,0.00,0,0,0.00,0.00,7.00,0.00,0.00,0.00%,0.00%,6,0,0.00%
211,OLAY SKIN_Shop ADS 24823,Ongoing,Shop Ad,-,-,Custom,Manual Bidding,-,skincare,Broad Match,24/08/2023 00:00:00,Unlimited,2,0,0.00%,0,0,0.00%,0.00%,0.00,0.00,0,0,0.00,0.00,0.00,0.00,0.00,0.00%,0.00%,17,0,0.00%
212,OLAY SKIN_Shop ADS 24823,Ongoing,Shop Ad,-,-,Custom,Manual Bidding,-,acne mark,Broad Match,24/08/2023 00:00:00,Unlimited,1,0,0.00%,0,0,0.00%,0.00%,0.00,0.00,0,0,0.00,0.00,0.00,0.00,0.00,0.00%,0.00%,4,0,0.00%
213,OLAY SKIN_Shop ADS 24823,Ongoing,Shop Ad,-,-,Custom,Manual Bidding,-,anti aging cream,Broad Match,24/08/2023 00:00:00,Unlimited,1,0,0.00%,0,0,0.00%,0.00%,0.00,0.00,0,0,0.00,0.00,0.00,0.00,0.00,0.00%,0.00%,4,0,0.00%
