﻿﻿All CPC Ads Report - Shopee Philippines
User Name:,pgolayofficialstore
Shop Name:,Olay Official Store
Shop ID:,221352938
Report Creation Time:,18/03/2024 09:59
Date Period:,15/03/2024 - 15/03/2024

Sequence,Ad Name,Status,Ads Type,Product ID,Audience Targeting,Creative,Bidding Method,Placement,Keyword/Location,Match Type,Start Date,End Date,Impression,Clicks,CTR,Conversions,Direct Conversions,Conversion Rate,Direct Conversion Rate,Cost per Conversion,Cost per Direct Conversion,Items Sold,Direct Items Sold,GMV,Direct GMV,Expense,ROAS,Direct ROAS,ACOS,Direct ACOS,Product Impressions,Product Clicks,Product CTR
1,Olay Regenerist Miracle Boost Youth Pre-Essence 40 ml [5],Ended,Product Ad,5017252295,-,Smart Creative Disabled,Auto Bidding,Discovery,Auto Selected,-,30/11/2023 00:00:00,Unlimited,272,5,1.84%,2,1,40.00%,20.00%,7.31,14.61,2,1,3538.00,1663.00,14.61,242.09,113.79,0.41%,0.88%,-,-,-
2,Olay Regenerist Miracle Boost Youth Pre-Essence 40 ml [5],Ended,Product Ad,5017252295,-,Smart Creative Disabled,Auto Bidding,Search,Auto Selected,-,30/11/2023 00:00:00,Unlimited,188,6,3.19%,1,0,16.67%,0.00%,28.54,0.00,1,0,1384.00,0.00,28.54,48.49,0.00,2.06%,0.00%,-,-,-
3,Olay Niacinamide Anti Aging Day Cream + Night Cream Regenerist Skincare 50g [4],Ongoing,Product Ad,4719436395,Auto Targeting,Smart Creative Disabled,Manual Bidding,Discovery,You May Also Like,-,24/08/2023 00:00:00,Unlimited,3240,82,2.53%,10,1,12.20%,1.22%,49.13,491.26,11,1,9410.00,1862.00,491.26,19.15,3.79,5.22%,26.38%,-,-,-
4,Olay Niacinamide Anti Aging Day Cream + Night Cream Regenerist Skincare 50g [4],Ongoing,Product Ad,4719436395,Auto Targeting,Smart Creative Disabled,Manual Bidding,Discovery,Daily Discover,-,24/08/2023 00:00:00,Unlimited,1542,27,1.75%,1,0,3.70%,0.00%,158.74,0.00,1,0,1875.00,0.00,158.74,11.81,0.00,8.47%,0.00%,-,-,-
5,Olay Total Effects Niacinamide Anti Aging Day Cream Moisturizer & Night Skincare Cream 50g + 50g [2],Ongoing,Product Ad,7717328129,Auto Targeting,Smart Creative Disabled,Manual Bidding,Discovery,You May Also Like,-,24/08/2023 00:00:00,Unlimited,2401,66,2.75%,10,8,15.15%,12.12%,37.20,46.50,10,8,9388.00,7457.00,372.00,25.24,20.05,3.96%,4.99%,-,-,-
6,Olay Total Effects Niacinamide Anti Aging Day Cream Moisturizer & Night Skincare Cream 50g + 50g [2],Ongoing,Product Ad,7717328129,Auto Targeting,Smart Creative Disabled,Manual Bidding,Discovery,Daily Discover,-,24/08/2023 00:00:00,Unlimited,1470,38,2.59%,5,3,13.16%,7.89%,45.60,76.00,5,3,3036.00,2803.00,228.00,13.32,12.29,7.51%,8.13%,-,-,-
7,Olay Total Effects Niacinamide Anti Aging Serum Skincare 50ml [4],Ongoing,Product Ad,5517254914,Auto Targeting,Smart Creative Disabled,Manual Bidding,Discovery,You May Also Like,-,24/08/2023 00:00:00,Unlimited,2619,68,2.60%,7,1,10.29%,1.47%,57.71,404.00,7,1,3799.00,714.00,404.00,9.40,1.77,10.63%,56.58%,-,-,-
8,Olay Total Effects Niacinamide Anti Aging Serum Skincare 50ml [4],Ongoing,Product Ad,5517254914,Auto Targeting,Smart Creative Disabled,Manual Bidding,Discovery,Daily Discover,-,24/08/2023 00:00:00,Unlimited,900,16,1.78%,2,0,12.50%,0.00%,48.00,0.00,2,0,2827.00,0.00,96.00,29.45,0.00,3.40%,0.00%,-,-,-
9,Olay Total Effects Niacinamide Anti Aging Day Cream Moisturizer & Night Skincare Cream 50g + 50g [5],Ongoing,Product Ad,7717328129,-,Smart Creative Disabled,Auto Bidding,Discovery,Auto Selected,-,07/11/2023 00:00:00,Unlimited,2422,66,2.73%,12,8,18.18%,12.12%,16.00,24.00,12,8,11080.00,7351.00,192.00,57.71,38.29,1.73%,2.61%,-,-,-
10,Olay Total Effects Niacinamide Anti Aging Day Cream Moisturizer & Night Skincare Cream 50g + 50g [5],Ongoing,Product Ad,7717328129,-,Smart Creative Disabled,Auto Bidding,Search,Auto Selected,-,07/11/2023 00:00:00,Unlimited,519,71,13.68%,42,33,59.15%,46.48%,9.71,12.36,45,36,39140.00,33477.00,408.00,95.93,82.05,1.04%,1.22%,-,-,-
11,Olay Niacinamide + Vitamin C Brightening Serum Luminous Skincare 30ml​ [4],Ongoing,Product Ad,7369177119,Auto Targeting,Smart Creative Disabled,Manual Bidding,Discovery,You May Also Like,-,24/08/2023 00:00:00,Unlimited,2524,84,3.33%,5,2,5.95%,2.38%,100.00,250.00,5,2,6746.00,3192.00,500.00,13.49,6.38,7.41%,15.66%,-,-,-
12,Olay Retinol Anti Aging Serum 30ml + Niacinamide Vitamin C Brightening Serum Luminous Skincare 30ml [4],Ongoing,Product Ad,6969166109,Auto Targeting,Smart Creative Disabled,Manual Bidding,Discovery,You May Also Like,-,24/08/2023 00:00:00,Unlimited,1421,29,2.04%,4,1,13.79%,3.45%,21.00,84.00,4,1,6571.00,2685.00,84.00,78.23,31.96,1.28%,3.13%,-,-,-
13,Olay Retinol Anti Aging Serum 30ml + Niacinamide Vitamin C Brightening Serum Luminous Skincare 30ml [4],Ongoing,Product Ad,6969166109,Auto Targeting,Smart Creative Disabled,Manual Bidding,Discovery,Daily Discover,-,24/08/2023 00:00:00,Unlimited,1045,22,2.11%,2,0,9.09%,0.00%,33.00,0.00,2,0,3359.00,0.00,66.00,50.89,0.00,1.96%,0.00%,-,-,-
14,Olay Regenerist Collagen Peptide24 Skincare Cream Moisturizer & Serum 50 g + 30 ml [4],Ongoing,Product Ad,17934366448,Auto Targeting,Smart Creative Disabled,Manual Bidding,Discovery,You May Also Like,-,24/08/2023 00:00:00,Unlimited,1671,51,3.05%,2,0,3.92%,0.00%,148.00,0.00,2,0,3163.00,0.00,296.00,10.69,0.00,9.36%,0.00%,-,-,-
15,Olay Regenerist Collagen Peptide24 Skincare Cream Moisturizer & Serum 50 g + 30 ml [4],Ongoing,Product Ad,17934366448,Auto Targeting,Smart Creative Disabled,Manual Bidding,Discovery,Daily Discover,-,24/08/2023 00:00:00,Unlimited,551,9,1.63%,0,0,0.00%,0.00%,0.00,0.00,0,0,0.00,0.00,54.00,0.00,0.00,0.00%,0.00%,-,-,-
16,Olay Total Effects Night Cream Moisturizer 50 g [2],Ongoing,Product Ad,3715815506,Auto Targeting,Smart Creative Disabled,Manual Bidding,Discovery,You May Also Like,-,24/08/2023 00:00:00,Unlimited,1680,56,3.33%,0,0,0.00%,0.00%,0.00,0.00,0,0,0.00,0.00,334.00,0.00,0.00,0.00%,0.00%,-,-,-
17,Olay Total Effects Night Cream Moisturizer 50 g [2],Ongoing,Product Ad,3715815506,Auto Targeting,Smart Creative Disabled,Manual Bidding,Discovery,Daily Discover,-,24/08/2023 00:00:00,Unlimited,518,11,2.12%,0,0,0.00%,0.00%,0.00,0.00,0,0,0.00,0.00,66.00,0.00,0.00,0.00%,0.00%,-,-,-
18,Olay Niacinamide Anti Aging Day Cream + Night Cream Regenerist Skincare 50g [2],Ongoing,Product Ad,4719436395,Auto Targeting,Smart Creative Disabled,Manual Bidding,Search,olay,Broad Match,25/08/2023 00:00:00,Unlimited,817,26,3.18%,3,2,11.54%,7.69%,55.70,83.55,3,2,4540.00,3641.00,167.09,27.17,21.79,3.68%,4.59%,-,-,-
19,Olay Niacinamide Anti Aging Day Cream + Night Cream Regenerist Skincare 50g [2],Ongoing,Product Ad,4719436395,Auto Targeting,Smart Creative Disabled,Manual Bidding,Search,olay total effects night cream,Broad Match,25/08/2023 00:00:00,Unlimited,325,6,1.85%,1,0,16.67%,0.00%,41.20,0.00,1,0,1437.00,0.00,41.20,34.88,0.00,2.87%,0.00%,-,-,-
20,Olay Niacinamide Anti Aging Day Cream + Night Cream Regenerist Skincare 50g [2],Ongoing,Product Ad,4719436395,Auto Targeting,Smart Creative Disabled,Manual Bidding,Search,night cream,Broad Match,25/08/2023 00:00:00,Unlimited,193,5,2.59%,0,0,0.00%,0.00%,0.00,0.00,0,0,0.00,0.00,41.42,0.00,0.00,0.00%,0.00%,-,-,-
21,Olay Niacinamide Anti Aging Day Cream + Night Cream Regenerist Skincare 50g [2],Ongoing,Product Ad,4719436395,Auto Targeting,Smart Creative Disabled,Manual Bidding,Search,cream,Broad Match,25/08/2023 00:00:00,Unlimited,189,1,0.53%,0,0,0.00%,0.00%,0.00,0.00,0,0,0.00,0.00,6.87,0.00,0.00,0.00%,0.00%,-,-,-
22,Olay Niacinamide Anti Aging Day Cream + Night Cream Regenerist Skincare 50g [2],Ongoing,Product Ad,4719436395,Auto Targeting,Smart Creative Disabled,Manual Bidding,Search,olay official store,Broad Match,25/08/2023 00:00:00,Unlimited,149,3,2.01%,0,0,0.00%,0.00%,0.00,0.00,0,0,0.00,0.00,13.06,0.00,0.00,0.00%,0.00%,-,-,-
23,Olay Niacinamide Anti Aging Day Cream + Night Cream Regenerist Skincare 50g [2],Ongoing,Product Ad,4719436395,Auto Targeting,Smart Creative Disabled,Manual Bidding,Search,face cream,Broad Match,25/08/2023 00:00:00,Unlimited,128,0,0.00%,0,0,0.00%,0.00%,0.00,0.00,0,0,0.00,0.00,0.00,0.00,0.00,0.00%,0.00%,-,-,-
24,Olay Niacinamide Anti Aging Day Cream + Night Cream Regenerist Skincare 50g [2],Ongoing,Product Ad,4719436395,Auto Targeting,Smart Creative Disabled,Manual Bidding,Search,anti aging,Broad Match,25/08/2023 00:00:00,Unlimited,76,2,2.63%,0,0,0.00%,0.00%,0.00,0.00,0,0,0.00,0.00,18.75,0.00,0.00,0.00%,0.00%,-,-,-
25,Olay Niacinamide Anti Aging Day Cream + Night Cream Regenerist Skincare 50g [2],Ongoing,Product Ad,4719436395,Auto Targeting,Smart Creative Disabled,Manual Bidding,Search,regenerist cream,Broad Match,25/08/2023 00:00:00,Unlimited,26,0,0.00%,0,0,0.00%,0.00%,0.00,0.00,0,0,0.00,0.00,0.00,0.00,0.00,0.00%,0.00%,-,-,-
26,Olay Niacinamide Anti Aging Day Cream + Night Cream Regenerist Skincare 50g [2],Ongoing,Product Ad,4719436395,Auto Targeting,Smart Creative Disabled,Manual Bidding,Search,olay total effects,Broad Match,25/08/2023 00:00:00,Unlimited,21,1,4.76%,0,0,0.00%,0.00%,0.00,0.00,0,0,0.00,0.00,9.81,0.00,0.00,0.00%,0.00%,-,-,-
27,Olay Niacinamide Anti Aging Day Cream + Night Cream Regenerist Skincare 50g [2],Ongoing,Product Ad,4719436395,Auto Targeting,Smart Creative Disabled,Manual Bidding,Search,skin care,Broad Match,25/08/2023 00:00:00,Unlimited,13,0,0.00%,0,0,0.00%,0.00%,0.00,0.00,0,0,0.00,0.00,0.00,0.00,0.00,0.00%,0.00%,-,-,-
28,Olay Niacinamide Anti Aging Day Cream + Night Cream Regenerist Skincare 50g [2],Ongoing,Product Ad,4719436395,Auto Targeting,Smart Creative Disabled,Manual Bidding,Search,moisturizer,Broad Match,25/08/2023 00:00:00,Unlimited,6,0,0.00%,0,0,0.00%,0.00%,0.00,0.00,0,0,0.00,0.00,0.00,0.00,0.00,0.00%,0.00%,-,-,-
29,Olay Niacinamide Anti Aging Day Cream + Night Cream Regenerist Skincare 50g [2],Ongoing,Product Ad,4719436395,Auto Targeting,Smart Creative Disabled,Manual Bidding,Search,niacinamide,Broad Match,25/08/2023 00:00:00,Unlimited,1,0,0.00%,0,0,0.00%,0.00%,0.00,0.00,0,0,0.00,0.00,0.00,0.00,0.00,0.00%,0.00%,-,-,-
30,Olay Total Effects Niacinamide Anti Aging Day Cream Moisturizer & Night Skincare Cream 50g + 50g [4],Ongoing,Product Ad,7717328129,Auto Targeting,Smart Creative Disabled,Manual Bidding,Search,olay,Broad Match,25/08/2023 00:00:00,Unlimited,698,34,4.87%,9,2,26.47%,5.88%,22.90,103.04,12,2,8286.00,1904.00,206.08,40.21,9.24,2.49%,10.82%,-,-,-
31,Olay Total Effects Niacinamide Anti Aging Day Cream Moisturizer & Night Skincare Cream 50g + 50g [4],Ongoing,Product Ad,7717328129,Auto Targeting,Smart Creative Disabled,Manual Bidding,Search,anti aging cream,Broad Match,25/08/2023 00:00:00,Unlimited,311,3,0.96%,0,0,0.00%,0.00%,0.00,0.00,0,0,0.00,0.00,26.17,0.00,0.00,0.00%,0.00%,-,-,-
32,Olay Total Effects Niacinamide Anti Aging Day Cream Moisturizer & Night Skincare Cream 50g + 50g [4],Ongoing,Product Ad,7717328129,Auto Targeting,Smart Creative Disabled,Manual Bidding,Search,olay moisturizer,Broad Match,25/08/2023 00:00:00,Unlimited,288,7,2.43%,1,0,14.29%,0.00%,46.30,0.00,1,0,171.00,0.00,46.30,3.69,0.00,27.08%,0.00%,-,-,-
33,Olay Total Effects Niacinamide Anti Aging Day Cream Moisturizer & Night Skincare Cream 50g + 50g [4],Ongoing,Product Ad,7717328129,Auto Targeting,Smart Creative Disabled,Manual Bidding,Search,olay cream,Broad Match,25/08/2023 00:00:00,Unlimited,211,6,2.84%,0,0,0.00%,0.00%,0.00,0.00,0,0,0.00,0.00,42.26,0.00,0.00,0.00%,0.00%,-,-,-
34,Olay Total Effects Niacinamide Anti Aging Day Cream Moisturizer & Night Skincare Cream 50g + 50g [4],Ongoing,Product Ad,7717328129,Auto Targeting,Smart Creative Disabled,Manual Bidding,Search,olay retinol,Broad Match,25/08/2023 00:00:00,Unlimited,120,3,2.50%,0,0,0.00%,0.00%,0.00,0.00,0,0,0.00,0.00,24.78,0.00,0.00,0.00%,0.00%,-,-,-
35,Olay Total Effects Niacinamide Anti Aging Day Cream Moisturizer & Night Skincare Cream 50g + 50g [4],Ongoing,Product Ad,7717328129,Auto Targeting,Smart Creative Disabled,Manual Bidding,Search,olay anti aging cream,Broad Match,25/08/2023 00:00:00,Unlimited,63,2,3.17%,0,0,0.00%,0.00%,0.00,0.00,0,0,0.00,0.00,14.73,0.00,0.00,0.00%,0.00%,-,-,-
36,Olay Total Effects Niacinamide Anti Aging Day Cream Moisturizer & Night Skincare Cream 50g + 50g [4],Ongoing,Product Ad,7717328129,Auto Targeting,Smart Creative Disabled,Manual Bidding,Search,olay cream day and night,Broad Match,25/08/2023 00:00:00,Unlimited,58,3,5.17%,0,0,0.00%,0.00%,0.00,0.00,0,0,0.00,0.00,16.87,0.00,0.00,0.00%,0.00%,-,-,-
37,Olay Total Effects Niacinamide Anti Aging Day Cream Moisturizer & Night Skincare Cream 50g + 50g [4],Ongoing,Product Ad,7717328129,Auto Targeting,Smart Creative Disabled,Manual Bidding,Search,olay night cream,Broad Match,25/08/2023 00:00:00,Unlimited,51,4,7.84%,0,0,0.00%,0.00%,0.00,0.00,0,0,0.00,0.00,21.20,0.00,0.00,0.00%,0.00%,-,-,-
38,Olay Total Effects Niacinamide Anti Aging Day Cream Moisturizer & Night Skincare Cream 50g + 50g [4],Ongoing,Product Ad,7717328129,Auto Targeting,Smart Creative Disabled,Manual Bidding,Search,collagen cream,Broad Match,25/08/2023 00:00:00,Unlimited,41,0,0.00%,0,0,0.00%,0.00%,0.00,0.00,0,0,0.00,0.00,0.00,0.00,0.00,0.00%,0.00%,-,-,-
39,Olay Total Effects Niacinamide Anti Aging Day Cream Moisturizer & Night Skincare Cream 50g + 50g [4],Ongoing,Product Ad,7717328129,Auto Targeting,Smart Creative Disabled,Manual Bidding,Search,olay total effects,Broad Match,25/08/2023 00:00:00,Unlimited,15,1,6.67%,0,0,0.00%,0.00%,0.00,0.00,0,0,0.00,0.00,1.59,0.00,0.00,0.00%,0.00%,-,-,-
40,Olay Total Effects Niacinamide Anti Aging Day Cream Moisturizer & Night Skincare Cream 50g + 50g [4],Ongoing,Product Ad,7717328129,Auto Targeting,Smart Creative Disabled,Manual Bidding,Search,niacinamide,Broad Match,25/08/2023 00:00:00,Unlimited,1,0,0.00%,0,0,0.00%,0.00%,0.00,0.00,0,0,0.00,0.00,0.00,0.00,0.00,0.00%,0.00%,-,-,-
41,Olay Niacinamide Anti Aging Cream Regenerist 50g + Retinol Anti-Aging Cream Skincare 50g​ [5],Ongoing,Product Ad,15866804253,-,Smart Creative Disabled,Auto Bidding,Discovery,Auto Selected,-,06/10/2023 00:00:00,Unlimited,1429,34,2.38%,6,6,17.65%,17.65%,15.74,15.74,6,6,11250.00,11250.00,94.42,119.15,119.15,0.84%,0.84%,-,-,-
42,Olay Niacinamide Anti Aging Cream Regenerist 50g + Retinol Anti-Aging Cream Skincare 50g​ [5],Ongoing,Product Ad,15866804253,-,Smart Creative Disabled,Auto Bidding,Search,Auto Selected,-,06/10/2023 00:00:00,Unlimited,249,22,8.84%,7,5,31.82%,22.73%,29.14,40.80,7,5,12737.00,9922.00,204.00,62.44,48.64,1.60%,2.06%,-,-,-
43,Olay Retinol 24 Anti Aging Face Cream Skincare 50g [5],Ongoing,Product Ad,6153607771,-,Smart Creative Disabled,Auto Bidding,Discovery,Auto Selected,-,07/11/2023 00:00:00,Unlimited,1546,37,2.39%,11,4,29.73%,10.81%,9.49,26.10,11,4,17905.00,5776.00,104.40,171.50,55.32,0.58%,1.81%,-,-,-
44,Olay Retinol 24 Anti Aging Face Cream Skincare 50g [5],Ongoing,Product Ad,6153607771,-,Smart Creative Disabled,Auto Bidding,Search,Auto Selected,-,07/11/2023 00:00:00,Unlimited,124,17,13.71%,12,6,70.59%,35.29%,16.30,32.60,12,6,15442.00,8433.00,195.60,78.95,43.11,1.27%,2.32%,-,-,-
45,Olay Retinol 24 Anti Aging Serum Skincare 30ml​ [5],Ongoing,Product Ad,6153610671,-,Smart Creative Disabled,Auto Bidding,Discovery,Auto Selected,-,07/11/2023 00:00:00,Unlimited,1220,32,2.62%,5,2,15.62%,6.25%,19.07,47.67,5,2,8063.00,2830.00,95.33,84.58,29.69,1.18%,3.37%,-,-,-
46,Olay Retinol 24 Anti Aging Serum Skincare 30ml​ [5],Ongoing,Product Ad,6153610671,-,Smart Creative Disabled,Auto Bidding,Search,Auto Selected,-,07/11/2023 00:00:00,Unlimited,330,23,6.97%,10,5,43.48%,21.74%,20.40,40.80,10,5,17178.00,7637.00,204.00,84.21,37.44,1.19%,2.67%,-,-,-
47,Olay Retinol 24 Serum 30mL + White radiance Essence 30mL [4],Ongoing,Product Ad,6854282453,Auto Targeting,Smart Creative Disabled,Manual Bidding,Discovery,You May Also Like,-,11/11/2023 00:00:00,Unlimited,1492,21,1.41%,0,0,0.00%,0.00%,0.00,0.00,0,0,0.00,0.00,150.00,0.00,0.00,0.00%,0.00%,-,-,-
48,Olay Retinol 24 Serum 30mL + White radiance Essence 30mL [4],Ongoing,Product Ad,6854282453,Auto Targeting,Smart Creative Disabled,Manual Bidding,Discovery,Daily Discover,-,11/11/2023 00:00:00,Unlimited,3,0,0.00%,0,0,0.00%,0.00%,0.00,0.00,0,0,0.00,0.00,0.00,0.00,0.00,0.00%,0.00%,-,-,-
49,Olay Regenerist Collagen Peptide 24 Anti Aging Moisturizer Skincare 50g [2],Ongoing,Product Ad,13513458778,Auto Targeting,Smart Creative Disabled,Manual Bidding,Discovery,You May Also Like,-,24/08/2023 00:00:00,Unlimited,1019,40,3.93%,3,1,7.50%,2.50%,78.00,234.00,3,1,3509.00,1463.00,234.00,15.00,6.25,6.67%,15.99%,-,-,-
50,Olay Regenerist Collagen Peptide 24 Anti Aging Moisturizer Skincare 50g [2],Ongoing,Product Ad,13513458778,Auto Targeting,Smart Creative Disabled,Manual Bidding,Discovery,Daily Discover,-,24/08/2023 00:00:00,Unlimited,465,11,2.37%,1,1,9.09%,9.09%,66.00,66.00,2,2,2926.00,2926.00,66.00,44.33,44.33,2.26%,2.26%,-,-,-
51,Olay Retinol 24 Anti Aging Face Cream Skincare 50g [4],Ongoing,Product Ad,6153607771,Auto Targeting,Smart Creative Disabled,Manual Bidding,Discovery,You May Also Like,-,24/08/2023 00:00:00,Unlimited,968,31,3.20%,5,3,16.13%,9.68%,43.16,71.93,5,3,5921.00,4101.00,215.80,27.44,19.00,3.64%,5.26%,-,-,-
52,Olay Retinol 24 Anti Aging Face Cream Skincare 50g [4],Ongoing,Product Ad,6153607771,Auto Targeting,Smart Creative Disabled,Manual Bidding,Discovery,Daily Discover,-,24/08/2023 00:00:00,Unlimited,515,13,2.52%,2,0,15.38%,0.00%,42.10,0.00,2,0,4418.00,0.00,84.20,52.47,0.00,1.91%,0.00%,-,-,-
53,Olay Niacinamide + Vitamin C Brightening Serum Luminous Skincare 30ml​ [5],Ongoing,Product Ad,7369177119,-,Smart Creative Disabled,Auto Bidding,Discovery,Auto Selected,-,07/11/2023 00:00:00,Unlimited,1075,23,2.14%,2,1,8.70%,4.35%,32.00,64.00,2,1,2495.00,1596.00,64.00,38.98,24.94,2.57%,4.01%,-,-,-
54,Olay Niacinamide + Vitamin C Brightening Serum Luminous Skincare 30ml​ [5],Ongoing,Product Ad,7369177119,-,Smart Creative Disabled,Auto Bidding,Search,Auto Selected,-,07/11/2023 00:00:00,Unlimited,270,19,7.04%,6,3,31.58%,15.79%,22.67,45.33,6,3,11318.00,4788.00,136.00,83.22,35.21,1.20%,2.84%,-,-,-
55,Olay Retinol 24 Anti Aging Face Cream Skincare 50g [2],Ongoing,Product Ad,6153607771,Auto Targeting,Smart Creative Disabled,Manual Bidding,Search,olay,Broad Match,25/08/2023 00:00:00,Unlimited,462,20,4.33%,2,2,10.00%,10.00%,90.95,90.95,2,2,2888.00,2888.00,181.90,15.88,15.88,6.30%,6.30%,-,-,-
56,Olay Retinol 24 Anti Aging Face Cream Skincare 50g [2],Ongoing,Product Ad,6153607771,Auto Targeting,Smart Creative Disabled,Manual Bidding,Search,retinol cream,Broad Match,25/08/2023 00:00:00,Unlimited,320,11,3.44%,2,2,18.18%,18.18%,52.39,52.39,2,2,2811.00,2811.00,104.79,26.83,26.83,3.73%,3.73%,-,-,-
57,Olay Retinol 24 Anti Aging Face Cream Skincare 50g [2],Ongoing,Product Ad,6153607771,Auto Targeting,Smart Creative Disabled,Manual Bidding,Search,olay cream,Broad Match,25/08/2023 00:00:00,Unlimited,237,2,0.84%,0,0,0.00%,0.00%,0.00,0.00,0,0,0.00,0.00,17.52,0.00,0.00,0.00%,0.00%,-,-,-
58,Olay Retinol 24 Anti Aging Face Cream Skincare 50g [2],Ongoing,Product Ad,6153607771,Auto Targeting,Smart Creative Disabled,Manual Bidding,Search,olay retinol,Broad Match,25/08/2023 00:00:00,Unlimited,128,12,9.38%,1,1,8.33%,8.33%,68.23,68.23,1,1,1444.00,1444.00,68.23,21.16,21.16,4.73%,4.73%,-,-,-
59,Olay Retinol 24 Anti Aging Face Cream Skincare 50g [2],Ongoing,Product Ad,6153607771,Auto Targeting,Smart Creative Disabled,Manual Bidding,Search,face cream,Broad Match,25/08/2023 00:00:00,Unlimited,76,1,1.32%,0,0,0.00%,0.00%,0.00,0.00,0,0,0.00,0.00,11.65,0.00,0.00,0.00%,0.00%,-,-,-
60,Olay Retinol 24 Anti Aging Face Cream Skincare 50g [2],Ongoing,Product Ad,6153607771,Auto Targeting,Smart Creative Disabled,Manual Bidding,Search,anti aging cream,Broad Match,25/08/2023 00:00:00,Unlimited,67,1,1.49%,0,0,0.00%,0.00%,0.00,0.00,0,0,0.00,0.00,9.15,0.00,0.00,0.00%,0.00%,-,-,-
61,Olay Retinol 24 Anti Aging Face Cream Skincare 50g [2],Ongoing,Product Ad,6153607771,Auto Targeting,Smart Creative Disabled,Manual Bidding,Search,cream,Broad Match,25/08/2023 00:00:00,Unlimited,40,1,2.50%,0,0,0.00%,0.00%,0.00,0.00,0,0,0.00,0.00,6.76,0.00,0.00,0.00%,0.00%,-,-,-
62,Olay Retinol 24 Anti Aging Face Cream Skincare 50g [2],Ongoing,Product Ad,6153607771,Auto Targeting,Smart Creative Disabled,Manual Bidding,Search,anti aging,Broad Match,25/08/2023 00:00:00,Unlimited,4,0,0.00%,0,0,0.00%,0.00%,0.00,0.00,0,0,0.00,0.00,0.00,0.00,0.00,0.00%,0.00%,-,-,-
63,Olay Retinol 24 Anti Aging Face Cream Skincare 50g [2],Ongoing,Product Ad,6153607771,Auto Targeting,Smart Creative Disabled,Manual Bidding,Search,gift for women,Broad Match,25/08/2023 00:00:00,Unlimited,3,0,0.00%,0,0,0.00%,0.00%,0.00,0.00,0,0,0.00,0.00,0.00,0.00,0.00,0.00%,0.00%,-,-,-
64,Olay Retinol 24 Anti Aging Face Cream Skincare 50g [2],Ongoing,Product Ad,6153607771,Auto Targeting,Smart Creative Disabled,Manual Bidding,Search,niacinamide,Broad Match,25/08/2023 00:00:00,Unlimited,1,0,0.00%,0,0,0.00%,0.00%,0.00,0.00,0,0,0.00,0.00,0.00,0.00,0.00,0.00%,0.00%,-,-,-
65,Olay Retinol 24 Face Cream 50g Set of 2,Ongoing,Product Ad,22620730145,Auto Targeting,Smart Creative Disabled,Manual Bidding,Discovery,You May Also Like,-,11/11/2023 00:00:00,Unlimited,877,18,2.05%,1,0,5.56%,0.00%,164.22,0.00,1,0,1875.00,0.00,164.22,11.42,0.00,8.76%,0.00%,-,-,-
66,Olay Retinol 24 Face Cream 50g Set of 2,Ongoing,Product Ad,22620730145,Auto Targeting,Smart Creative Disabled,Manual Bidding,Discovery,Daily Discover,-,11/11/2023 00:00:00,Unlimited,431,16,3.71%,2,0,12.50%,0.00%,67.89,0.00,2,0,2774.00,0.00,135.78,20.43,0.00,4.89%,0.00%,-,-,-
67,Olay Luminous Niacinamide + AHA Brightening Serum 30ml + Moisturizer 50g Skincare [5],Ongoing,Product Ad,15246652336,-,Smart Creative Disabled,Auto Bidding,Discovery,Auto Selected,-,07/11/2023 00:00:00,Unlimited,984,16,1.63%,5,1,31.25%,6.25%,9.35,46.76,6,1,4437.00,2462.00,46.76,94.89,52.65,1.05%,1.90%,-,-,-
68,Olay Luminous Niacinamide + AHA Brightening Serum 30ml + Moisturizer 50g Skincare [5],Ongoing,Product Ad,15246652336,-,Smart Creative Disabled,Auto Bidding,Search,Auto Selected,-,07/11/2023 00:00:00,Unlimited,238,10,4.20%,4,3,40.00%,30.00%,34.00,45.33,4,3,9165.00,7386.00,136.00,67.39,54.31,1.48%,1.84%,-,-,-
69,Olay Total Effects Niacinamide Anti Aging Serum Skincare 50ml [2],Ongoing,Product Ad,5517254914,Auto Targeting,Smart Creative Disabled,Manual Bidding,Search,olay cream,Broad Match,25/08/2023 00:00:00,Unlimited,680,25,3.68%,2,2,8.00%,8.00%,81.90,81.90,2,2,1428.00,1428.00,163.79,8.72,8.72,11.47%,11.47%,-,-,-
70,Olay Total Effects Niacinamide Anti Aging Serum Skincare 50ml [2],Ongoing,Product Ad,5517254914,Auto Targeting,Smart Creative Disabled,Manual Bidding,Search,face serum,Broad Match,25/08/2023 00:00:00,Unlimited,287,8,2.79%,2,1,25.00%,12.50%,32.82,65.64,2,1,1666.00,714.00,65.64,25.38,10.88,3.94%,9.19%,-,-,-
71,Olay Total Effects Niacinamide Anti Aging Serum Skincare 50ml [2],Ongoing,Product Ad,5517254914,Auto Targeting,Smart Creative Disabled,Manual Bidding,Search,olay total effects,Broad Match,25/08/2023 00:00:00,Unlimited,106,2,1.89%,0,0,0.00%,0.00%,0.00,0.00,0,0,0.00,0.00,7.66,0.00,0.00,0.00%,0.00%,-,-,-
72,Olay Total Effects Niacinamide Anti Aging Serum Skincare 50ml [2],Ongoing,Product Ad,5517254914,Auto Targeting,Smart Creative Disabled,Manual Bidding,Search,anti aging serum,Broad Match,25/08/2023 00:00:00,Unlimited,63,2,3.17%,0,0,0.00%,0.00%,0.00,0.00,0,0,0.00,0.00,12.91,0.00,0.00,0.00%,0.00%,-,-,-
73,Olay Total Effects Niacinamide Anti Aging Serum Skincare 50ml [2],Ongoing,Product Ad,5517254914,Auto Targeting,Smart Creative Disabled,Manual Bidding,Search,niacinamide serum,Broad Match,25/08/2023 00:00:00,Unlimited,24,0,0.00%,0,0,0.00%,0.00%,0.00,0.00,0,0,0.00,0.00,0.00,0.00,0.00,0.00%,0.00%,-,-,-
74,Olay Total Effects Niacinamide Anti Aging Serum Skincare 50ml [2],Ongoing,Product Ad,5517254914,Auto Targeting,Smart Creative Disabled,Manual Bidding,Search,olay niacinamide,Broad Match,25/08/2023 00:00:00,Unlimited,1,0,0.00%,0,0,0.00%,0.00%,0.00,0.00,0,0,0.00,0.00,0.00,0.00,0.00,0.00%,0.00%,-,-,-
75,Olay Luminous Foaming Cleanser Brightening Skincare 100 g [5],Ongoing,Product Ad,7817321843,-,Smart Creative Disabled,Auto Bidding,Discovery,Auto Selected,-,30/11/2023 00:00:00,Unlimited,691,23,3.33%,1,1,4.35%,4.35%,61.97,61.97,1,1,315.00,315.00,61.97,5.08,5.08,19.67%,19.67%,-,-,-
76,Olay Luminous Foaming Cleanser Brightening Skincare 100 g [5],Ongoing,Product Ad,7817321843,-,Smart Creative Disabled,Auto Bidding,Search,Auto Selected,-,30/11/2023 00:00:00,Unlimited,409,16,3.91%,6,3,37.50%,18.75%,22.67,45.33,7,4,4938.00,1260.00,136.00,36.31,9.26,2.75%,10.79%,-,-,-
77,Olay Niacinamide Anti Aging Day Cream + Night Cream Regenerist Skincare 50g [5],Ongoing,Product Ad,4719436395,-,Smart Creative Disabled,Auto Bidding,Discovery,Auto Selected,-,07/11/2023 00:00:00,Unlimited,934,24,2.57%,2,1,8.33%,4.17%,32.00,64.00,2,1,3654.00,1779.00,64.00,57.09,27.80,1.75%,3.60%,-,-,-
78,Olay Niacinamide Anti Aging Day Cream + Night Cream Regenerist Skincare 50g [5],Ongoing,Product Ad,4719436395,-,Smart Creative Disabled,Auto Bidding,Search,Auto Selected,-,07/11/2023 00:00:00,Unlimited,162,15,9.26%,6,6,40.00%,40.00%,22.67,22.67,6,6,11006.00,11006.00,136.00,80.93,80.93,1.24%,1.24%,-,-,-
79,Olay Luminous Niacinamide + AHA Serum 30ml (Acne Mark / Dark Spot) [2],Ongoing,Product Ad,15232912019,Auto Targeting,Smart Creative Disabled,Manual Bidding,Discovery,You May Also Like,-,24/08/2023 00:00:00,Unlimited,1067,17,1.59%,0,0,0.00%,0.00%,0.00,0.00,0,0,0.00,0.00,100.00,0.00,0.00,0.00%,0.00%,-,-,-
80,Olay Luminous Niacinamide + Hyaluron Moisturizer 50g,Ongoing,Product Ad,22087480279,-,Smart Creative Disabled,Auto Bidding,Discovery,Auto Selected,-,12/12/2023 00:00:00,Unlimited,888,16,1.80%,2,0,12.50%,0.00%,22.87,0.00,2,0,4864.00,0.00,45.74,106.34,0.00,0.94%,0.00%,-,-,-
81,Olay Luminous Niacinamide + Hyaluron Moisturizer 50g,Ongoing,Product Ad,22087480279,-,Smart Creative Disabled,Auto Bidding,Search,Auto Selected,-,12/12/2023 00:00:00,Unlimited,146,2,1.37%,0,0,0.00%,0.00%,0.00,0.00,0,0,0.00,0.00,22.75,0.00,0.00,0.00%,0.00%,-,-,-
82,Olay White Radiance Niacinamide + Vitamin C Super Serum 30mL Set of 2 [4],Ongoing,Product Ad,5569165898,Auto Targeting,Smart Creative Disabled,Manual Bidding,Discovery,You May Also Like,-,11/11/2023 00:00:00,Unlimited,706,23,3.26%,0,0,0.00%,0.00%,0.00,0.00,0,0,0.00,0.00,168.50,0.00,0.00,0.00%,0.00%,-,-,-
83,Olay White Radiance Niacinamide + Vitamin C Super Serum 30mL Set of 2 [4],Ongoing,Product Ad,5569165898,Auto Targeting,Smart Creative Disabled,Manual Bidding,Discovery,Daily Discover,-,11/11/2023 00:00:00,Unlimited,256,4,1.56%,0,0,0.00%,0.00%,0.00,0.00,0,0,0.00,0.00,31.50,0.00,0.00,0.00%,0.00%,-,-,-
84,Olay Retinol 24 Anti Aging Serum Skincare 30ml​ [4],Ongoing,Product Ad,6153610671,Auto Targeting,Smart Creative Disabled,Manual Bidding,Discovery,You May Also Like,-,24/08/2023 00:00:00,Unlimited,672,30,4.46%,1,0,3.33%,0.00%,176.00,0.00,1,0,2685.00,0.00,176.00,15.26,0.00,6.55%,0.00%,-,-,-
85,Olay Retinol 24 Anti Aging Serum Skincare 30ml​ [4],Ongoing,Product Ad,6153610671,Auto Targeting,Smart Creative Disabled,Manual Bidding,Discovery,Daily Discover,-,24/08/2023 00:00:00,Unlimited,279,4,1.43%,0,0,0.00%,0.00%,0.00,0.00,0,0,0.00,0.00,24.00,0.00,0.00,0.00%,0.00%,-,-,-
86,Olay Niacinamide Anti Aging Cream Regenerist 50g + Retinol Anti-Aging Cream Skincare,Ongoing,Product Ad,4853962533,Auto Targeting,Smart Creative Disabled,Manual Bidding,Discovery,You May Also Like,-,24/08/2023 00:00:00,Unlimited,900,51,5.67%,0,0,0.00%,0.00%,0.00,0.00,0,0,0.00,0.00,300.00,0.00,0.00,0.00%,0.00%,-,-,-
87,Olay Regenerist Collagen Peptide24 Moisturiser 50g Set of 2,Ongoing,Product Ad,18972050720,Auto Targeting,Smart Creative Disabled,Manual Bidding,Discovery,You May Also Like,-,11/11/2023 00:00:00,Unlimited,820,22,2.68%,0,0,0.00%,0.00%,0.00,0.00,0,0,0.00,0.00,150.00,0.00,0.00,0.00%,0.00%,-,-,-
88,Olay Regenerist Collagen Peptide24 Moisturiser 50g Set of 2,Ongoing,Product Ad,18972050720,Auto Targeting,Smart Creative Disabled,Manual Bidding,Discovery,Daily Discover,-,11/11/2023 00:00:00,Unlimited,69,0,0.00%,0,0,0.00%,0.00%,0.00,0.00,0,0,0.00,0.00,0.00,0.00,0.00,0.00%,0.00%,-,-,-
89,Olay Total Effects Anti Aging Foaming Cream Cleanser Skincare 100g [2],Ongoing,Product Ad,5915716212,Auto Targeting,Smart Creative Disabled,Manual Bidding,Search,olay total effects,Broad Match,09/02/2024 00:00:00,Unlimited,429,13,3.03%,6,4,46.15%,30.77%,5.61,8.42,6,4,1252.00,940.00,33.68,37.17,27.91,2.69%,3.58%,-,-,-
90,Olay Total Effects Anti Aging Foaming Cream Cleanser Skincare 100g [2],Ongoing,Product Ad,5915716212,Auto Targeting,Smart Creative Disabled,Manual Bidding,Search,olay cleanser,Broad Match,09/02/2024 00:00:00,Unlimited,281,12,4.27%,0,0,0.00%,0.00%,0.00,0.00,0,0,0.00,0.00,33.22,0.00,0.00,0.00%,0.00%,-,-,-
91,Olay Total Effects Anti Aging Foaming Cream Cleanser Skincare 100g [2],Ongoing,Product Ad,5915716212,Auto Targeting,Smart Creative Disabled,Manual Bidding,Search,facial cleanser,Broad Match,09/02/2024 00:00:00,Unlimited,69,1,1.45%,3,0,300.00%,0.00%,1.46,0.00,3,0,555.00,0.00,4.37,127.05,0.00,0.79%,0.00%,-,-,-
92,Olay Total Effects Anti Aging Foaming Cream Cleanser Skincare 100g [2],Ongoing,Product Ad,5915716212,Auto Targeting,Smart Creative Disabled,Manual Bidding,Search,cleanser for face,Broad Match,09/02/2024 00:00:00,Unlimited,32,2,6.25%,0,0,0.00%,0.00%,0.00,0.00,0,0,0.00,0.00,8.73,0.00,0.00,0.00%,0.00%,-,-,-
93,Olay Regenerist Collagen Peptide 24 Anti Aging Moisturizer Skincare 50g [4],Ongoing,Product Ad,13513458778,Auto Targeting,Smart Creative Disabled,Manual Bidding,Search,olay,Broad Match,25/08/2023 00:00:00,Unlimited,314,6,1.91%,1,1,16.67%,16.67%,51.25,51.25,2,2,2926.00,2926.00,51.25,57.10,57.10,1.75%,1.75%,-,-,-
94,Olay Regenerist Collagen Peptide 24 Anti Aging Moisturizer Skincare 50g [4],Ongoing,Product Ad,13513458778,Auto Targeting,Smart Creative Disabled,Manual Bidding,Search,olay cream,Broad Match,25/08/2023 00:00:00,Unlimited,176,2,1.14%,0,0,0.00%,0.00%,0.00,0.00,0,0,0.00,0.00,11.58,0.00,0.00,0.00%,0.00%,-,-,-
95,Olay Regenerist Collagen Peptide 24 Anti Aging Moisturizer Skincare 50g [4],Ongoing,Product Ad,13513458778,Auto Targeting,Smart Creative Disabled,Manual Bidding,Search,anti aging cream,Broad Match,25/08/2023 00:00:00,Unlimited,68,2,2.94%,0,0,0.00%,0.00%,0.00,0.00,0,0,0.00,0.00,15.32,0.00,0.00,0.00%,0.00%,-,-,-
96,Olay Regenerist Collagen Peptide 24 Anti Aging Moisturizer Skincare 50g [4],Ongoing,Product Ad,13513458778,Auto Targeting,Smart Creative Disabled,Manual Bidding,Search,moisturizer,Broad Match,25/08/2023 00:00:00,Unlimited,60,2,3.33%,1,1,50.00%,50.00%,14.57,14.57,1,1,1463.00,1463.00,14.57,100.40,100.40,1.00%,1.00%,-,-,-
97,Olay Regenerist Collagen Peptide 24 Anti Aging Moisturizer Skincare 50g [4],Ongoing,Product Ad,13513458778,Auto Targeting,Smart Creative Disabled,Manual Bidding,Search,olay anti aging,Broad Match,25/08/2023 00:00:00,Unlimited,56,0,0.00%,0,0,0.00%,0.00%,0.00,0.00,0,0,0.00,0.00,0.00,0.00,0.00,0.00%,0.00%,-,-,-
98,Olay Regenerist Collagen Peptide 24 Anti Aging Moisturizer Skincare 50g [4],Ongoing,Product Ad,13513458778,Auto Targeting,Smart Creative Disabled,Manual Bidding,Search,olay regenerist,Broad Match,25/08/2023 00:00:00,Unlimited,47,1,2.13%,1,1,100.00%,100.00%,4.13,4.13,1,1,1463.00,1463.00,4.13,354.55,354.55,0.28%,0.28%,-,-,-
99,Olay Regenerist Collagen Peptide 24 Anti Aging Moisturizer Skincare 50g [4],Ongoing,Product Ad,13513458778,Auto Targeting,Smart Creative Disabled,Manual Bidding,Search,collagen,Broad Match,25/08/2023 00:00:00,Unlimited,24,1,4.17%,0,0,0.00%,0.00%,0.00,0.00,0,0,0.00,0.00,3.15,0.00,0.00,0.00%,0.00%,-,-,-
100,Olay Regenerist Collagen Peptide 24 Anti Aging Moisturizer Skincare 50g [4],Ongoing,Product Ad,13513458778,Auto Targeting,Smart Creative Disabled,Manual Bidding,Search,collagen cream,Broad Match,25/08/2023 00:00:00,Unlimited,15,0,0.00%,0,0,0.00%,0.00%,0.00,0.00,0,0,0.00,0.00,0.00,0.00,0.00,0.00%,0.00%,-,-,-
101,Olay Regenerist Collagen Peptide 24 Anti Aging Moisturizer Skincare 50g [4],Ongoing,Product Ad,13513458778,Auto Targeting,Smart Creative Disabled,Manual Bidding,Search,collagen serum,Broad Match,25/08/2023 00:00:00,Unlimited,13,0,0.00%,0,0,0.00%,0.00%,0.00,0.00,0,0,0.00,0.00,0.00,0.00,0.00,0.00%,0.00%,-,-,-
102,Olay Regenerist Collagen Peptide 24 Anti Aging Moisturizer Skincare 50g [4],Ongoing,Product Ad,13513458778,Auto Targeting,Smart Creative Disabled,Manual Bidding,Search,anti aging,Broad Match,25/08/2023 00:00:00,Unlimited,5,0,0.00%,0,0,0.00%,0.00%,0.00,0.00,0,0,0.00,0.00,0.00,0.00,0.00,0.00%,0.00%,-,-,-
103,Olay Niacinamide Anti-Aging Day Cream Regenerist 50g + Brightening Serum Luminous 30ml Skincare [2],Ongoing,Product Ad,6519435558,Auto Targeting,Smart Creative Disabled,Manual Bidding,Search,olay cream,Broad Match,24/01/2024 00:00:00,Unlimited,491,11,2.24%,1,0,9.09%,0.00%,67.96,0.00,1,0,1919.00,0.00,67.96,28.24,0.00,3.54%,0.00%,-,-,-
104,Olay Niacinamide Anti-Aging Day Cream Regenerist 50g + Brightening Serum Luminous 30ml Skincare [2],Ongoing,Product Ad,6519435558,Auto Targeting,Smart Creative Disabled,Manual Bidding,Search,olay regenerist,Broad Match,24/01/2024 00:00:00,Unlimited,101,2,1.98%,1,0,50.00%,0.00%,16.49,0.00,1,0,899.00,0.00,16.49,54.52,0.00,1.83%,0.00%,-,-,-
105,Olay Niacinamide Anti-Aging Day Cream Regenerist 50g + Brightening Serum Luminous 30ml Skincare [2],Ongoing,Product Ad,6519435558,Auto Targeting,Smart Creative Disabled,Manual Bidding,Search,olay moisturizer,Broad Match,24/01/2024 00:00:00,Unlimited,37,1,2.70%,0,0,0.00%,0.00%,0.00,0.00,0,0,0.00,0.00,6.48,0.00,0.00,0.00%,0.00%,-,-,-
106,Olay Niacinamide Anti-Aging Day Cream Regenerist 50g + Brightening Serum Luminous 30ml Skincare [2],Ongoing,Product Ad,6519435558,Auto Targeting,Smart Creative Disabled,Manual Bidding,Search,serum,Broad Match,24/01/2024 00:00:00,Unlimited,29,0,0.00%,0,0,0.00%,0.00%,0.00,0.00,0,0,0.00,0.00,0.00,0.00,0.00,0.00%,0.00%,-,-,-
107,Olay Niacinamide Anti-Aging Day Cream Regenerist 50g + Brightening Serum Luminous 30ml Skincare [2],Ongoing,Product Ad,6519435558,Auto Targeting,Smart Creative Disabled,Manual Bidding,Search,olay serum,Broad Match,24/01/2024 00:00:00,Unlimited,26,1,3.85%,0,0,0.00%,0.00%,0.00,0.00,0,0,0.00,0.00,8.40,0.00,0.00,0.00%,0.00%,-,-,-
108,Olay Niacinamide Anti-Aging Day Cream Regenerist 50g + Brightening Serum Luminous 30ml Skincare [2],Ongoing,Product Ad,6519435558,Auto Targeting,Smart Creative Disabled,Manual Bidding,Search,cream,Broad Match,24/01/2024 00:00:00,Unlimited,19,1,5.26%,0,0,0.00%,0.00%,0.00,0.00,0,0,0.00,0.00,0.67,0.00,0.00,0.00%,0.00%,-,-,-
109,Olay Niacinamide Anti-Aging Day Cream Regenerist 50g + Brightening Serum Luminous 30ml Skincare [2],Ongoing,Product Ad,6519435558,Auto Targeting,Smart Creative Disabled,Manual Bidding,Search,niacinamide,Broad Match,24/01/2024 00:00:00,Unlimited,12,0,0.00%,0,0,0.00%,0.00%,0.00,0.00,0,0,0.00,0.00,0.00,0.00,0.00,0.00%,0.00%,-,-,-
110,Olay Niacinamide Anti-Aging Day Cream Regenerist 50g + Brightening Serum Luminous 30ml Skincare [2],Ongoing,Product Ad,6519435558,Auto Targeting,Smart Creative Disabled,Manual Bidding,Search,anti aging cream,Broad Match,24/01/2024 00:00:00,Unlimited,11,0,0.00%,0,0,0.00%,0.00%,0.00,0.00,0,0,0.00,0.00,0.00,0.00,0.00,0.00%,0.00%,-,-,-
111,Olay Niacinamide Anti-Aging Day Cream Regenerist 50g + Brightening Serum Luminous 30ml Skincare [2],Ongoing,Product Ad,6519435558,Auto Targeting,Smart Creative Disabled,Manual Bidding,Search,anti aging,Broad Match,24/01/2024 00:00:00,Unlimited,8,0,0.00%,0,0,0.00%,0.00%,0.00,0.00,0,0,0.00,0.00,0.00,0.00,0.00,0.00%,0.00%,-,-,-
112,Olay Niacinamide Anti-Aging Day Cream Regenerist 50g + Brightening Serum Luminous 30ml Skincare [2],Ongoing,Product Ad,6519435558,Auto Targeting,Smart Creative Disabled,Manual Bidding,Search,olay regenerist moisturizer,Broad Match,24/01/2024 00:00:00,Unlimited,2,0,0.00%,0,0,0.00%,0.00%,0.00,0.00,0,0,0.00,0.00,0.00,0.00,0.00,0.00%,0.00%,-,-,-
113,Olay Retinol 24 MAX Anti Aging Face Cream Skincare 50g,Ongoing,Product Ad,24256492294,Auto Targeting,Smart Creative Disabled,Manual Bidding,Search,olay,Broad Match,24/01/2024 00:00:00,Unlimited,411,3,0.73%,1,1,33.33%,33.33%,17.15,17.15,1,1,1805.00,1805.00,17.15,105.22,105.22,0.95%,0.95%,-,-,-
114,Olay Retinol 24 MAX Anti Aging Face Cream Skincare 50g,Ongoing,Product Ad,24256492294,Auto Targeting,Smart Creative Disabled,Manual Bidding,Search,olay retinol,Broad Match,24/01/2024 00:00:00,Unlimited,126,14,11.11%,8,6,57.14%,42.86%,6.78,9.04,8,6,14724.00,10830.00,54.23,271.52,199.71,0.37%,0.50%,-,-,-
115,Olay Retinol 24 MAX Anti Aging Face Cream Skincare 50g,Ongoing,Product Ad,24256492294,Auto Targeting,Smart Creative Disabled,Manual Bidding,Search,retinol,Broad Match,24/01/2024 00:00:00,Unlimited,61,3,4.92%,0,0,0.00%,0.00%,0.00,0.00,0,0,0.00,0.00,15.81,0.00,0.00,0.00%,0.00%,-,-,-
116,Olay Retinol 24 MAX Anti Aging Face Cream Skincare 50g,Ongoing,Product Ad,24256492294,Auto Targeting,Smart Creative Disabled,Manual Bidding,Search,anti aging cream,Broad Match,24/01/2024 00:00:00,Unlimited,25,1,4.00%,0,0,0.00%,0.00%,0.00,0.00,0,0,0.00,0.00,5.91,0.00,0.00,0.00%,0.00%,-,-,-
117,Olay Retinol 24 MAX Anti Aging Face Cream Skincare 50g,Ongoing,Product Ad,24256492294,Auto Targeting,Smart Creative Disabled,Manual Bidding,Search,cream,Broad Match,24/01/2024 00:00:00,Unlimited,23,0,0.00%,0,0,0.00%,0.00%,0.00,0.00,0,0,0.00,0.00,0.00,0.00,0.00,0.00%,0.00%,-,-,-
118,Olay Retinol 24 MAX Anti Aging Face Cream Skincare 50g,Ongoing,Product Ad,24256492294,Auto Targeting,Smart Creative Disabled,Manual Bidding,Search,face cream,Broad Match,24/01/2024 00:00:00,Unlimited,15,0,0.00%,0,0,0.00%,0.00%,0.00,0.00,0,0,0.00,0.00,0.00,0.00,0.00,0.00%,0.00%,-,-,-
119,Olay Retinol 24 MAX Anti Aging Face Cream Skincare 50g,Ongoing,Product Ad,24256492294,Auto Targeting,Smart Creative Disabled,Manual Bidding,Search,skin care,Broad Match,24/01/2024 00:00:00,Unlimited,3,1,33.33%,0,0,0.00%,0.00%,0.00,0.00,0,0,0.00,0.00,6.90,0.00,0.00,0.00%,0.00%,-,-,-
120,Olay Retinol 24 MAX Anti Aging Face Cream Skincare 50g,Ongoing,Product Ad,24256492294,Auto Targeting,Smart Creative Disabled,Manual Bidding,Search,moisturizer,Broad Match,24/01/2024 00:00:00,Unlimited,3,0,0.00%,0,0,0.00%,0.00%,0.00,0.00,0,0,0.00,0.00,0.00,0.00,0.00,0.00%,0.00%,-,-,-
121,Olay Luminous Hyaluron+Niacinamide Gel Cream and Serum Set,Ongoing,Product Ad,25102396653,-,Smart Creative Disabled,Auto Bidding,Discovery,Auto Selected,-,12/12/2023 00:00:00,Unlimited,552,10,1.81%,3,0,30.00%,0.00%,10.00,0.00,3,0,3032.00,0.00,30.00,101.07,0.00,0.99%,0.00%,-,-,-
122,Olay Luminous Hyaluron+Niacinamide Gel Cream and Serum Set,Ongoing,Product Ad,25102396653,-,Smart Creative Disabled,Auto Bidding,Search,Auto Selected,-,12/12/2023 00:00:00,Unlimited,90,0,0.00%,0,0,0.00%,0.00%,0.00,0.00,0,0,0.00,0.00,0.00,0.00,0.00,0.00%,0.00%,-,-,-
123,Olay Retinol 24 MAX Anti Aging Serum Skincare 30ml,Ongoing,Product Ad,25506491547,Auto Targeting,Smart Creative Disabled,Manual Bidding,Search,olay,Broad Match,24/01/2024 00:00:00,Unlimited,330,2,0.61%,0,0,0.00%,0.00%,0.00,0.00,0,0,0.00,0.00,13.74,0.00,0.00,0.00%,0.00%,-,-,-
124,Olay Retinol 24 MAX Anti Aging Serum Skincare 30ml,Ongoing,Product Ad,25506491547,Auto Targeting,Smart Creative Disabled,Manual Bidding,Search,olay retinol,Broad Match,24/01/2024 00:00:00,Unlimited,103,3,2.91%,2,2,66.67%,66.67%,8.53,8.53,2,2,4038.00,4038.00,17.06,236.67,236.67,0.42%,0.42%,-,-,-
125,Olay Retinol 24 MAX Anti Aging Serum Skincare 30ml,Ongoing,Product Ad,25506491547,Auto Targeting,Smart Creative Disabled,Manual Bidding,Search,retinol,Broad Match,24/01/2024 00:00:00,Unlimited,93,3,3.23%,0,0,0.00%,0.00%,0.00,0.00,0,0,0.00,0.00,19.70,0.00,0.00,0.00%,0.00%,-,-,-
126,Olay Retinol 24 MAX Anti Aging Serum Skincare 30ml,Ongoing,Product Ad,25506491547,Auto Targeting,Smart Creative Disabled,Manual Bidding,Search,serum,Broad Match,24/01/2024 00:00:00,Unlimited,38,0,0.00%,0,0,0.00%,0.00%,0.00,0.00,0,0,0.00,0.00,0.00,0.00,0.00,0.00%,0.00%,-,-,-
127,Olay Retinol 24 MAX Anti Aging Serum Skincare 30ml,Ongoing,Product Ad,25506491547,Auto Targeting,Smart Creative Disabled,Manual Bidding,Search,retinol cream,Broad Match,24/01/2024 00:00:00,Unlimited,28,1,3.57%,0,0,0.00%,0.00%,0.00,0.00,0,0,0.00,0.00,6.45,0.00,0.00,0.00%,0.00%,-,-,-
128,Olay Retinol 24 MAX Anti Aging Serum Skincare 30ml,Ongoing,Product Ad,25506491547,Auto Targeting,Smart Creative Disabled,Manual Bidding,Search,olay serum,Broad Match,24/01/2024 00:00:00,Unlimited,16,1,6.25%,0,0,0.00%,0.00%,0.00,0.00,0,0,0.00,0.00,6.14,0.00,0.00,0.00%,0.00%,-,-,-
129,Olay Retinol 24 MAX Anti Aging Serum Skincare 30ml,Ongoing,Product Ad,25506491547,Auto Targeting,Smart Creative Disabled,Manual Bidding,Search,regenerist cream,Broad Match,24/01/2024 00:00:00,Unlimited,6,0,0.00%,0,0,0.00%,0.00%,0.00,0.00,0,0,0.00,0.00,0.00,0.00,0.00,0.00%,0.00%,-,-,-
130,Olay Retinol 24 MAX Anti Aging Serum Skincare 30ml,Ongoing,Product Ad,25506491547,Auto Targeting,Smart Creative Disabled,Manual Bidding,Search,skincare,Broad Match,24/01/2024 00:00:00,Unlimited,6,0,0.00%,0,0,0.00%,0.00%,0.00,0.00,0,0,0.00,0.00,0.00,0.00,0.00,0.00%,0.00%,-,-,-
131,Olay Retinol 24 MAX Anti Aging Serum Skincare 30ml,Ongoing,Product Ad,25506491547,Auto Targeting,Smart Creative Disabled,Manual Bidding,Search,anti aging,Broad Match,24/01/2024 00:00:00,Unlimited,5,0,0.00%,0,0,0.00%,0.00%,0.00,0.00,0,0,0.00,0.00,0.00,0.00,0.00,0.00%,0.00%,-,-,-
132,Olay Retinol 24 MAX Anti Aging Serum Skincare 30ml,Ongoing,Product Ad,25506491547,Auto Targeting,Smart Creative Disabled,Manual Bidding,Search,skin care,Broad Match,24/01/2024 00:00:00,Unlimited,5,0,0.00%,0,0,0.00%,0.00%,0.00,0.00,0,0,0.00,0.00,0.00,0.00,0.00,0.00%,0.00%,-,-,-
133,Olay Niacinamide Anti Aging Cream Regenerist 50g + Retinol Anti-Aging Cream Skincare [3],Ongoing,Product Ad,4853962533,Auto Targeting,Smart Creative Disabled,Manual Bidding,Search,olay regenerist,Broad Match,12/12/2023 00:00:00,Unlimited,407,5,1.23%,4,1,80.00%,20.00%,7.02,28.08,4,1,8008.00,2432.00,28.08,285.16,86.60,0.35%,1.15%,-,-,-
134,Olay Niacinamide Anti Aging Cream Regenerist 50g + Retinol Anti-Aging Cream Skincare [3],Ongoing,Product Ad,4853962533,Auto Targeting,Smart Creative Disabled,Manual Bidding,Search,retinol cream,Broad Match,12/12/2023 00:00:00,Unlimited,85,3,3.53%,0,0,0.00%,0.00%,0.00,0.00,0,0,0.00,0.00,14.08,0.00,0.00,0.00%,0.00%,-,-,-
135,Olay Niacinamide Anti Aging Cream Regenerist 50g + Retinol Anti-Aging Cream Skincare [3],Ongoing,Product Ad,4853962533,Auto Targeting,Smart Creative Disabled,Manual Bidding,Search,face cream,Broad Match,12/12/2023 00:00:00,Unlimited,56,0,0.00%,0,0,0.00%,0.00%,0.00,0.00,0,0,0.00,0.00,0.00,0.00,0.00,0.00%,0.00%,-,-,-
136,Olay Niacinamide Anti Aging Cream Regenerist 50g + Retinol Anti-Aging Cream Skincare [3],Ongoing,Product Ad,4853962533,Auto Targeting,Smart Creative Disabled,Manual Bidding,Search,niacinamide,Broad Match,12/12/2023 00:00:00,Unlimited,13,0,0.00%,0,0,0.00%,0.00%,0.00,0.00,0,0,0.00,0.00,0.00,0.00,0.00,0.00%,0.00%,-,-,-
137,Olay Niacinamide Anti Aging Cream Regenerist 50g + Retinol Anti-Aging Cream Skincare [3],Ongoing,Product Ad,4853962533,Auto Targeting,Smart Creative Disabled,Manual Bidding,Search,regenerist cream,Broad Match,12/12/2023 00:00:00,Unlimited,9,0,0.00%,0,0,0.00%,0.00%,0.00,0.00,0,0,0.00,0.00,0.00,0.00,0.00,0.00%,0.00%,-,-,-
138,Olay Niacinamide Anti Aging Cream Regenerist 50g + Retinol Anti-Aging Cream Skincare [3],Ongoing,Product Ad,4853962533,Auto Targeting,Smart Creative Disabled,Manual Bidding,Search,retinol,Broad Match,12/12/2023 00:00:00,Unlimited,7,0,0.00%,0,0,0.00%,0.00%,0.00,0.00,0,0,0.00,0.00,0.00,0.00,0.00,0.00%,0.00%,-,-,-
139,Olay Niacinamide Anti Aging Cream Regenerist 50g + Retinol Anti-Aging Cream Skincare [3],Ongoing,Product Ad,4853962533,Auto Targeting,Smart Creative Disabled,Manual Bidding,Search,regenerist,Broad Match,12/12/2023 00:00:00,Unlimited,3,0,0.00%,0,0,0.00%,0.00%,0.00,0.00,0,0,0.00,0.00,0.00,0.00,0.00,0.00%,0.00%,-,-,-
140,Olay Niacinamide Anti Aging Cream Regenerist 50g + Retinol Anti-Aging Cream Skincare [3],Ongoing,Product Ad,4853962533,Auto Targeting,Smart Creative Disabled,Manual Bidding,Search,skin care,Broad Match,12/12/2023 00:00:00,Unlimited,1,0,0.00%,0,0,0.00%,0.00%,0.00,0.00,0,0,0.00,0.00,0.00,0.00,0.00,0.00%,0.00%,-,-,-
141,Olay Niacinamide Anti Aging Cream Regenerist 50g + Retinol Anti-Aging Cream Skincare [3],Ongoing,Product Ad,4853962533,Auto Targeting,Smart Creative Disabled,Manual Bidding,Search,skincare,Broad Match,12/12/2023 00:00:00,Unlimited,1,0,0.00%,0,0,0.00%,0.00%,0.00,0.00,0,0,0.00,0.00,0.00,0.00,0.00,0.00%,0.00%,-,-,-
142,Olay Luminous Niacinamide + Hyaluron Serum 30ml,Ongoing,Product Ad,25152397032,-,Smart Creative Disabled,Auto Bidding,Discovery,Auto Selected,-,12/12/2023 00:00:00,Unlimited,438,6,1.37%,0,0,0.00%,0.00%,0.00,0.00,0,0,0.00,0.00,16.27,0.00,0.00,0.00%,0.00%,-,-,-
143,Olay Luminous Niacinamide + Hyaluron Serum 30ml,Ongoing,Product Ad,25152397032,-,Smart Creative Disabled,Auto Bidding,Search,Auto Selected,-,12/12/2023 00:00:00,Unlimited,135,1,0.74%,0,0,0.00%,0.00%,0.00,0.00,0,0,0.00,0.00,18.31,0.00,0.00,0.00%,0.00%,-,-,-
144,Olay Luminous Niacinamide + Hyaluron Eye Cream 15ml,Ongoing,Product Ad,22887481349,-,Smart Creative Disabled,Auto Bidding,Discovery,Auto Selected,-,12/12/2023 00:00:00,Unlimited,456,10,2.19%,1,1,10.00%,10.00%,28.00,28.00,1,1,2099.00,2099.00,28.00,74.96,74.96,1.33%,1.33%,-,-,-
145,Olay Luminous Niacinamide + Hyaluron Eye Cream 15ml,Ongoing,Product Ad,22887481349,-,Smart Creative Disabled,Auto Bidding,Search,Auto Selected,-,12/12/2023 00:00:00,Unlimited,79,3,3.80%,0,0,0.00%,0.00%,0.00,0.00,0,0,0.00,0.00,36.83,0.00,0.00,0.00%,0.00%,-,-,-
146,Olay Luminous Niacinamide + AHA Brightening Serum 30ml + Moisturizer 50g Skincare [2],Ongoing,Product Ad,15246652336,Auto Targeting,Smart Creative Disabled,Manual Bidding,Search,olay serum,Broad Match,25/08/2023 00:00:00,Unlimited,353,5,1.42%,1,0,20.00%,0.00%,17.97,0.00,1,0,171.00,0.00,17.97,9.51,0.00,10.51%,0.00%,-,-,-
147,Olay Luminous Niacinamide + AHA Brightening Serum 30ml + Moisturizer 50g Skincare [2],Ongoing,Product Ad,15246652336,Auto Targeting,Smart Creative Disabled,Manual Bidding,Search,olay white radiance,Broad Match,25/08/2023 00:00:00,Unlimited,134,1,0.75%,0,0,0.00%,0.00%,0.00,0.00,0,0,0.00,0.00,6.44,0.00,0.00,0.00%,0.00%,-,-,-
148,Olay Luminous Niacinamide + AHA Brightening Serum 30ml + Moisturizer 50g Skincare [2],Ongoing,Product Ad,15246652336,Auto Targeting,Smart Creative Disabled,Manual Bidding,Search,serum,Broad Match,25/08/2023 00:00:00,Unlimited,17,1,5.88%,0,0,0.00%,0.00%,0.00,0.00,0,0,0.00,0.00,3.57,0.00,0.00,0.00%,0.00%,-,-,-
149,Olay Retinol 24 Anti Aging Serum Skincare 30ml​ [2],Ongoing,Product Ad,6153610671,Auto Targeting,Smart Creative Disabled,Manual Bidding,Search,olay retinol,Broad Match,25/08/2023 00:00:00,Unlimited,240,15,6.25%,0,0,0.00%,0.00%,0.00,0.00,0,0,0.00,0.00,123.69,0.00,0.00,0.00%,0.00%,-,-,-
150,Olay Retinol 24 Anti Aging Serum Skincare 30ml​ [2],Ongoing,Product Ad,6153610671,Auto Targeting,Smart Creative Disabled,Manual Bidding,Search,olay,Broad Match,25/08/2023 00:00:00,Unlimited,174,6,3.45%,3,1,50.00%,16.67%,20.85,62.54,3,1,6135.00,1415.00,62.54,98.10,22.63,1.02%,4.42%,-,-,-
151,Olay Retinol 24 Anti Aging Serum Skincare 30ml​ [2],Ongoing,Product Ad,6153610671,Auto Targeting,Smart Creative Disabled,Manual Bidding,Search,olay serum,Broad Match,25/08/2023 00:00:00,Unlimited,47,2,4.26%,0,0,0.00%,0.00%,0.00,0.00,0,0,0.00,0.00,13.77,0.00,0.00,0.00%,0.00%,-,-,-
152,Olay Retinol 24 Anti Aging Serum Skincare 30ml​ [2],Ongoing,Product Ad,6153610671,Auto Targeting,Smart Creative Disabled,Manual Bidding,Search,olay cream,Broad Match,25/08/2023 00:00:00,Unlimited,34,0,0.00%,0,0,0.00%,0.00%,0.00,0.00,0,0,0.00,0.00,0.00,0.00,0.00,0.00%,0.00%,-,-,-
153,Olay Retinol 24 Anti Aging Serum Skincare 30ml​ [2],Ongoing,Product Ad,6153610671,Auto Targeting,Smart Creative Disabled,Manual Bidding,Search,skin care,Broad Match,25/08/2023 00:00:00,Unlimited,2,0,0.00%,0,0,0.00%,0.00%,0.00,0.00,0,0,0.00,0.00,0.00,0.00,0.00,0.00%,0.00%,-,-,-
154,Olay Retinol 24 Anti Aging Serum Skincare 30ml​ [2],Ongoing,Product Ad,6153610671,Auto Targeting,Smart Creative Disabled,Manual Bidding,Search,skincare,Broad Match,25/08/2023 00:00:00,Unlimited,1,0,0.00%,0,0,0.00%,0.00%,0.00,0.00,0,0,0.00,0.00,0.00,0.00,0.00,0.00%,0.00%,-,-,-
155,Olay Regenerist Collagen Peptide24 Skincare Cream Moisturizer & Serum 50 g + 30 ml,Ongoing,Product Ad,17934366448,-,Smart Creative Disabled,Auto Bidding,Search,Auto Selected,-,04/09/2023 00:00:00,Unlimited,481,13,2.70%,1,0,7.69%,0.00%,184.79,0.00,1,0,1596.00,0.00,184.79,8.64,0.00,11.58%,0.00%,-,-,-
156,Olay Regenerist Micro Sculpting UV Cream Anti Aging Moisturizer SPF 30 Skincare 50g [4],Ongoing,Product Ad,6317251827,Auto Targeting,Smart Creative Disabled,Manual Bidding,Search,olay cream,Broad Match,09/02/2024 00:00:00,Unlimited,347,9,2.59%,6,3,66.67%,33.33%,5.64,11.28,6,3,7120.00,4152.00,33.85,210.36,122.67,0.48%,0.82%,-,-,-
157,Olay Regenerist Micro Sculpting UV Cream Anti Aging Moisturizer SPF 30 Skincare 50g [4],Ongoing,Product Ad,6317251827,Auto Targeting,Smart Creative Disabled,Manual Bidding,Search,moisturizer,Broad Match,09/02/2024 00:00:00,Unlimited,35,0,0.00%,0,0,0.00%,0.00%,0.00,0.00,0,0,0.00,0.00,0.00,0.00,0.00,0.00%,0.00%,-,-,-
158,Olay Regenerist Micro Sculpting UV Cream Anti Aging Moisturizer SPF 30 Skincare 50g [4],Ongoing,Product Ad,6317251827,Auto Targeting,Smart Creative Disabled,Manual Bidding,Search,anti aging cream,Broad Match,09/02/2024 00:00:00,Unlimited,28,0,0.00%,0,0,0.00%,0.00%,0.00,0.00,0,0,0.00,0.00,0.00,0.00,0.00,0.00%,0.00%,-,-,-
159,Olay Regenerist Micro Sculpting UV Cream Anti Aging Moisturizer SPF 30 Skincare 50g [4],Ongoing,Product Ad,6317251827,Auto Targeting,Smart Creative Disabled,Manual Bidding,Search,olay moisturizer,Broad Match,09/02/2024 00:00:00,Unlimited,19,0,0.00%,0,0,0.00%,0.00%,0.00,0.00,0,0,0.00,0.00,0.00,0.00,0.00,0.00%,0.00%,-,-,-
160,Olay Retinol Anti Aging Serum 30ml + Niacinamide Vitamin C Brightening Serum Luminous Skincare 30ml [2],Ongoing,Product Ad,6969166109,Auto Targeting,Smart Creative Disabled,Manual Bidding,Search,olay,Broad Match,25/08/2023 00:00:00,Unlimited,241,7,2.90%,0,0,0.00%,0.00%,0.00,0.00,0,0,0.00,0.00,23.27,0.00,0.00,0.00%,0.00%,-,-,-
161,Olay Retinol Anti Aging Serum 30ml + Niacinamide Vitamin C Brightening Serum Luminous Skincare 30ml [2],Ongoing,Product Ad,6969166109,Auto Targeting,Smart Creative Disabled,Manual Bidding,Search,olay retinol,Broad Match,25/08/2023 00:00:00,Unlimited,42,5,11.90%,1,1,20.00%,20.00%,20.99,20.99,1,1,2685.00,2685.00,20.99,127.90,127.90,0.78%,0.78%,-,-,-
162,Olay Retinol Anti Aging Serum 30ml + Niacinamide Vitamin C Brightening Serum Luminous Skincare 30ml [2],Ongoing,Product Ad,6969166109,Auto Targeting,Smart Creative Disabled,Manual Bidding,Search,retinol,Broad Match,25/08/2023 00:00:00,Unlimited,29,1,3.45%,0,0,0.00%,0.00%,0.00,0.00,0,0,0.00,0.00,3.02,0.00,0.00,0.00%,0.00%,-,-,-
163,Olay Retinol Anti Aging Serum 30ml + Niacinamide Vitamin C Brightening Serum Luminous Skincare 30ml [2],Ongoing,Product Ad,6969166109,Auto Targeting,Smart Creative Disabled,Manual Bidding,Search,retinol cream,Broad Match,25/08/2023 00:00:00,Unlimited,27,1,3.70%,0,0,0.00%,0.00%,0.00,0.00,0,0,0.00,0.00,3.00,0.00,0.00,0.00%,0.00%,-,-,-
164,Olay Retinol Anti Aging Serum 30ml + Niacinamide Vitamin C Brightening Serum Luminous Skincare 30ml [2],Ongoing,Product Ad,6969166109,Auto Targeting,Smart Creative Disabled,Manual Bidding,Search,serum,Broad Match,25/08/2023 00:00:00,Unlimited,25,2,8.00%,0,0,0.00%,0.00%,0.00,0.00,0,0,0.00,0.00,5.99,0.00,0.00,0.00%,0.00%,-,-,-
165,Olay Retinol Anti Aging Serum 30ml + Niacinamide Vitamin C Brightening Serum Luminous Skincare 30ml [2],Ongoing,Product Ad,6969166109,Auto Targeting,Smart Creative Disabled,Manual Bidding,Search,olay serum,Broad Match,25/08/2023 00:00:00,Unlimited,20,3,15.00%,1,1,33.33%,33.33%,7.25,7.25,1,1,2685.00,2685.00,7.25,370.29,370.29,0.27%,0.27%,-,-,-
166,Olay Retinol Anti Aging Serum 30ml + Niacinamide Vitamin C Brightening Serum Luminous Skincare 30ml [2],Ongoing,Product Ad,6969166109,Auto Targeting,Smart Creative Disabled,Manual Bidding,Search,vitamin c serum,Broad Match,25/08/2023 00:00:00,Unlimited,9,0,0.00%,0,0,0.00%,0.00%,0.00,0.00,0,0,0.00,0.00,0.00,0.00,0.00,0.00%,0.00%,-,-,-
167,Olay Retinol Anti Aging Serum 30ml + Niacinamide Vitamin C Brightening Serum Luminous Skincare 30ml [2],Ongoing,Product Ad,6969166109,Auto Targeting,Smart Creative Disabled,Manual Bidding,Search,olay white radiance,Broad Match,25/08/2023 00:00:00,Unlimited,2,0,0.00%,0,0,0.00%,0.00%,0.00,0.00,0,0,0.00,0.00,0.00,0.00,0.00,0.00%,0.00%,-,-,-
168,Olay Retinol 24 Anti Aging Serum Skincare 30mL Set of 2 [4],Ongoing,Product Ad,6653950417,Auto Targeting,Smart Creative Disabled,Manual Bidding,Search,olay,Broad Match,09/02/2024 00:00:00,Unlimited,299,0,0.00%,0,0,0.00%,0.00%,0.00,0.00,0,0,0.00,0.00,0.00,0.00,0.00,0.00%,0.00%,-,-,-
169,Olay Retinol 24 Anti Aging Serum Skincare 30mL Set of 2 [4],Ongoing,Product Ad,6653950417,Auto Targeting,Smart Creative Disabled,Manual Bidding,Search,retinol,Broad Match,09/02/2024 00:00:00,Unlimited,36,2,5.56%,0,0,0.00%,0.00%,0.00,0.00,0,0,0.00,0.00,12.94,0.00,0.00,0.00%,0.00%,-,-,-
170,Olay Retinol 24 Anti Aging Serum Skincare 30mL Set of 2 [4],Ongoing,Product Ad,6653950417,Auto Targeting,Smart Creative Disabled,Manual Bidding,Search,olay retinol,Broad Match,09/02/2024 00:00:00,Unlimited,16,2,12.50%,2,1,100.00%,50.00%,5.35,10.71,2,1,4650.00,2845.00,10.71,434.34,265.74,0.23%,0.38%,-,-,-
171,Olay Retinol 24 Anti Aging Serum Skincare 30mL Set of 2 [4],Ongoing,Product Ad,6653950417,Auto Targeting,Smart Creative Disabled,Manual Bidding,Search,serum,Broad Match,09/02/2024 00:00:00,Unlimited,16,0,0.00%,0,0,0.00%,0.00%,0.00,0.00,0,0,0.00,0.00,0.00,0.00,0.00,0.00%,0.00%,-,-,-
172,Olay Retinol 24 Anti Aging Serum Skincare 30mL Set of 2 [4],Ongoing,Product Ad,6653950417,Auto Targeting,Smart Creative Disabled,Manual Bidding,Search,olay serum,Broad Match,09/02/2024 00:00:00,Unlimited,9,1,11.11%,0,0,0.00%,0.00%,0.00,0.00,0,0,0.00,0.00,6.51,0.00,0.00,0.00%,0.00%,-,-,-
173,Olay Skin Regenerist Micro-sculpting Day & Night Ritual Duo Cream (50g/50g) + Retinol 24 Serum 30mL [4],Ongoing,Product Ad,4654277296,-,Smart Creative Disabled,Auto Bidding,Discovery,Auto Selected,-,06/10/2023 00:00:00,Unlimited,318,7,2.20%,1,0,14.29%,0.00%,19.71,0.00,1,0,1875.00,0.00,19.71,95.15,0.00,1.05%,0.00%,-,-,-
174,Olay Skin Regenerist Micro-sculpting Day & Night Ritual Duo Cream (50g/50g) + Retinol 24 Serum 30mL [4],Ongoing,Product Ad,4654277296,-,Smart Creative Disabled,Auto Bidding,Search,Auto Selected,-,06/10/2023 00:00:00,Unlimited,58,1,1.72%,1,0,100.00%,0.00%,6.43,0.00,1,0,714.00,0.00,6.43,111.07,0.00,0.90%,0.00%,-,-,-
175,Olay Total Effects 7 Benefits Gentle Cream Moisturizer with SPF15 50G (Skincare/Anti Aging),Ongoing,Product Ad,4817256687,-,Smart Creative Disabled,Auto Bidding,Search,Auto Selected,-,25/08/2023 00:00:00,Unlimited,375,19,5.07%,7,1,36.84%,5.26%,28.57,200.00,7,1,8602.00,953.00,200.00,43.01,4.76,2.33%,20.99%,-,-,-
176,[LIMITED TIME ONLY] Olay Regenerist Retinol 24 Cream 50g +Luminous Vitamin C 30ml Regimen Bundle [2],Ongoing,Product Ad,23358503322,Auto Targeting,Smart Creative Disabled,Manual Bidding,Search,retinol cream,Broad Match,09/02/2024 00:00:00,Unlimited,288,4,1.39%,0,0,0.00%,0.00%,0.00,0.00,0,0,0.00,0.00,22.21,0.00,0.00,0.00%,0.00%,-,-,-
177,[LIMITED TIME ONLY] Olay Regenerist Retinol 24 Cream 50g +Luminous Vitamin C 30ml Regimen Bundle [2],Ongoing,Product Ad,23358503322,Auto Targeting,Smart Creative Disabled,Manual Bidding,Search,vitamin c serum,Broad Match,09/02/2024 00:00:00,Unlimited,6,0,0.00%,0,0,0.00%,0.00%,0.00,0.00,0,0,0.00,0.00,0.00,0.00,0.00,0.00%,0.00%,-,-,-
178,Olay White Radiance Niacinamide + Vitamin C Super Serum 30mL Set of 2 [5],Ongoing,Product Ad,5569165898,-,Smart Creative Disabled,Auto Bidding,Discovery,Auto Selected,-,20/12/2023 00:00:00,Unlimited,213,4,1.88%,0,0,0.00%,0.00%,0.00,0.00,0,0,0.00,0.00,12.00,0.00,0.00,0.00%,0.00%,-,-,-
179,Olay White Radiance Niacinamide + Vitamin C Super Serum 30mL Set of 2 [5],Ongoing,Product Ad,5569165898,-,Smart Creative Disabled,Auto Bidding,Search,Auto Selected,-,20/12/2023 00:00:00,Unlimited,68,1,1.47%,0,0,0.00%,0.00%,0.00,0.00,0,0,0.00,0.00,14.63,0.00,0.00,0.00%,0.00%,-,-,-
180,Olay Retinol 24 Face Cream 50g Set of 2 [2],Ongoing,Product Ad,22620730145,-,Smart Creative Disabled,Auto Bidding,Discovery,Auto Selected,-,30/11/2023 00:00:00,Unlimited,239,4,1.67%,3,0,75.00%,0.00%,3.86,0.00,3,0,1848.00,0.00,11.58,159.52,0.00,0.63%,0.00%,-,-,-
181,Olay Retinol 24 Face Cream 50g Set of 2 [2],Ongoing,Product Ad,22620730145,-,Smart Creative Disabled,Auto Bidding,Search,Auto Selected,-,30/11/2023 00:00:00,Unlimited,42,1,2.38%,0,0,0.00%,0.00%,0.00,0.00,0,0,0.00,0.00,12.13,0.00,0.00,0.00%,0.00%,-,-,-
182,[LIMITED EDITION] Olay Regenerist Micro-Sculpting Cream 50g [5],Ongoing,Product Ad,21354612357,-,Smart Creative Disabled,Auto Bidding,Discovery,Auto Selected,-,09/11/2023 00:00:00,Unlimited,154,1,0.65%,0,0,0.00%,0.00%,0.00,0.00,0,0,0.00,0.00,3.00,0.00,0.00,0.00%,0.00%,-,-,-
183,[LIMITED EDITION] Olay Regenerist Micro-Sculpting Cream 50g [5],Ongoing,Product Ad,21354612357,-,Smart Creative Disabled,Auto Bidding,Search,Auto Selected,-,09/11/2023 00:00:00,Unlimited,85,3,3.53%,0,0,0.00%,0.00%,0.00,0.00,0,0,0.00,0.00,43.82,0.00,0.00,0.00%,0.00%,-,-,-
184,Olay Luminous Niacinamide + AHA Moisturizer 50g (Acne Mark / Dark Spot) [5],Ongoing,Product Ad,14632912068,-,Smart Creative Disabled,Auto Bidding,Search,Auto Selected,-,07/11/2023 00:00:00,Unlimited,95,5,5.26%,0,0,0.00%,0.00%,0.00,0.00,0,0,0.00,0.00,34.00,0.00,0.00,0.00%,0.00%,-,-,-
185,Olay Luminous Niacinamide + AHA Moisturizer 50g (Acne Mark / Dark Spot) [5],Ongoing,Product Ad,14632912068,-,Smart Creative Disabled,Auto Bidding,Discovery,Auto Selected,-,07/11/2023 00:00:00,Unlimited,94,3,3.19%,0,0,0.00%,0.00%,0.00,0.00,0,0,0.00,0.00,8.80,0.00,0.00,0.00%,0.00%,-,-,-
186,Olay Retinol 24 Serum 30mL + White radiance Essence 30mL [5],Ongoing,Product Ad,6854282453,-,Smart Creative Disabled,Auto Bidding,Discovery,Auto Selected,-,07/11/2023 00:00:00,Unlimited,95,2,2.11%,0,0,0.00%,0.00%,0.00,0.00,0,0,0.00,0.00,5.17,0.00,0.00,0.00%,0.00%,-,-,-
187,Olay Retinol 24 Serum 30mL + White radiance Essence 30mL [5],Ongoing,Product Ad,6854282453,-,Smart Creative Disabled,Auto Bidding,Search,Auto Selected,-,07/11/2023 00:00:00,Unlimited,35,1,2.86%,0,0,0.00%,0.00%,0.00,0.00,0,0,0.00,0.00,0.74,0.00,0.00,0.00%,0.00%,-,-,-
188,Olay White Radiance Light Perfecting Essence Serum 30mL (Skincare/Brightening),Ongoing,Product Ad,3417366470,-,Smart Creative Disabled,Auto Bidding,Search,Auto Selected,-,25/08/2023 00:00:00,Unlimited,99,0,0.00%,0,0,0.00%,0.00%,0.00,0.00,0,0,0.00,0.00,0.00,0.00,0.00,0.00%,0.00%,-,-,-
189,OLAY SKIN_Shop ADS 24823,Ongoing,Shop Ad,-,-,Custom,Manual Bidding,-,cream,Broad Match,24/08/2023 00:00:00,Unlimited,935,38,4.06%,1,1,2.63%,2.63%,266.00,266.00,1,1,899.00,899.00,266.00,3.38,3.38,29.59%,29.59%,6665,28,0.42%
190,OLAY SKIN_Shop ADS 24823,Ongoing,Shop Ad,-,-,Custom,Manual Bidding,-,olay total effects moisturizer,Broad Match,24/08/2023 00:00:00,Unlimited,407,54,13.27%,19,17,35.19%,31.48%,22.58,25.24,23,21,17125.00,14447.00,429.00,39.92,33.68,2.51%,2.97%,5731,91,1.59%
191,OLAY SKIN_Shop ADS 24823,Ongoing,Shop Ad,-,-,Custom,Manual Bidding,-,retinol,Broad Match,24/08/2023 00:00:00,Unlimited,259,16,6.18%,2,2,12.50%,12.50%,64.00,64.00,2,2,3680.00,3680.00,128.00,28.75,28.75,3.48%,3.48%,2796,19,0.68%
192,OLAY SKIN_Shop ADS 24823,Ongoing,Shop Ad,-,-,Custom,Manual Bidding,-,moisturizer,Broad Match,24/08/2023 00:00:00,Unlimited,231,12,5.19%,0,0,0.00%,0.00%,0.00,0.00,0,0,0.00,0.00,84.00,0.00,0.00,0.00%,0.00%,2013,3,0.15%
193,OLAY SKIN_Shop ADS 24823,Ongoing,Shop Ad,-,-,Custom,Manual Bidding,-,olay day and night cream,Broad Match,24/08/2023 00:00:00,Unlimited,174,13,7.47%,0,0,0.00%,0.00%,0.00,0.00,0,0,0.00,0.00,91.00,0.00,0.00,0.00%,0.00%,2240,21,0.94%
194,OLAY SKIN_Shop ADS 24823,Ongoing,Shop Ad,-,-,Custom,Manual Bidding,-,serum,Broad Match,24/08/2023 00:00:00,Unlimited,170,4,2.35%,1,0,25.00%,0.00%,32.00,0.00,1,0,2169.00,0.00,32.00,67.78,0.00,1.48%,0.00%,1169,2,0.17%
195,OLAY SKIN_Shop ADS 24823,Ongoing,Shop Ad,-,-,Custom,Manual Bidding,-,anti aging,Broad Match,24/08/2023 00:00:00,Unlimited,165,4,2.42%,1,1,25.00%,25.00%,32.00,32.00,1,1,680.00,680.00,32.00,21.25,21.25,4.71%,4.71%,1548,8,0.52%
196,OLAY SKIN_Shop ADS 24823,Ongoing,Shop Ad,-,-,Custom,Manual Bidding,-,collagen cream,Broad Match,24/08/2023 00:00:00,Unlimited,151,10,6.62%,0,0,0.00%,0.00%,0.00,0.00,0,0,0.00,0.00,80.00,0.00,0.00,0.00%,0.00%,892,4,0.45%
197,OLAY SKIN_Shop ADS 24823,Ongoing,Shop Ad,-,-,Custom,Manual Bidding,-,eye cream,Broad Match,24/08/2023 00:00:00,Unlimited,117,6,5.13%,1,0,16.67%,0.00%,48.00,0.00,1,0,1384.00,0.00,48.00,28.83,0.00,3.47%,0.00%,967,8,0.83%
198,OLAY SKIN_Shop ADS 24823,Ongoing,Shop Ad,-,-,Custom,Manual Bidding,-,skin care,Broad Match,24/08/2023 00:00:00,Unlimited,109,2,1.83%,0,0,0.00%,0.00%,0.00,0.00,0,0,0.00,0.00,14.00,0.00,0.00,0.00%,0.00%,950,0,0.00%
199,OLAY SKIN_Shop ADS 24823,Ongoing,Shop Ad,-,-,Custom,Manual Bidding,-,niacinamide,Broad Match,24/08/2023 00:00:00,Unlimited,84,7,8.33%,0,0,0.00%,0.00%,0.00,0.00,0,0,0.00,0.00,49.00,0.00,0.00,0.00%,0.00%,462,6,1.30%
200,OLAY SKIN_Shop ADS 24823,Ongoing,Shop Ad,-,-,Custom,Manual Bidding,-,olay official store,Broad Match,24/08/2023 00:00:00,Unlimited,79,7,8.86%,2,2,28.57%,28.57%,28.00,28.00,4,4,264.00,264.00,56.00,4.71,4.71,21.21%,21.21%,941,7,0.74%
201,OLAY SKIN_Shop ADS 24823,Ongoing,Shop Ad,-,-,Custom,Manual Bidding,-,olay moisturizer for face,Broad Match,24/08/2023 00:00:00,Unlimited,77,6,7.79%,0,0,0.00%,0.00%,0.00,0.00,0,0,0.00,0.00,42.00,0.00,0.00,0.00%,0.00%,722,1,0.14%
202,OLAY SKIN_Shop ADS 24823,Ongoing,Shop Ad,-,-,Custom,Manual Bidding,-,face cream,Broad Match,24/08/2023 00:00:00,Unlimited,70,3,4.29%,3,0,100.00%,0.00%,7.00,0.00,3,0,1840.00,0.00,21.00,87.62,0.00,1.14%,0.00%,569,1,0.18%
203,OLAY SKIN_Shop ADS 24823,Ongoing,Shop Ad,-,-,Custom,Manual Bidding,-,cleanser,Broad Match,24/08/2023 00:00:00,Unlimited,50,1,2.00%,0,0,0.00%,0.00%,0.00,0.00,0,0,0.00,0.00,7.00,0.00,0.00,0.00%,0.00%,324,0,0.00%
204,OLAY SKIN_Shop ADS 24823,Ongoing,Shop Ad,-,-,Custom,Manual Bidding,-,collagen,Broad Match,24/08/2023 00:00:00,Unlimited,44,1,2.27%,4,2,400.00%,200.00%,2.00,4.00,4,2,4966.00,2926.00,8.00,620.75,365.75,0.16%,0.27%,235,2,0.85%
205,OLAY SKIN_Shop ADS 24823,Ongoing,Shop Ad,-,-,Custom,Manual Bidding,-,olay skin,Broad Match,24/08/2023 00:00:00,Unlimited,34,5,14.71%,0,0,0.00%,0.00%,0.00,0.00,0,0,0.00,0.00,40.00,0.00,0.00,0.00%,0.00%,344,8,2.33%
206,OLAY SKIN_Shop ADS 24823,Ongoing,Shop Ad,-,-,Custom,Manual Bidding,-,foaming cleanser,Broad Match,24/08/2023 00:00:00,Unlimited,26,3,11.54%,0,0,0.00%,0.00%,0.00,0.00,0,0,0.00,0.00,21.00,0.00,0.00,0.00%,0.00%,221,8,3.62%
207,OLAY SKIN_Shop ADS 24823,Ongoing,Shop Ad,-,-,Custom,Manual Bidding,-,regenerist,Broad Match,24/08/2023 00:00:00,Unlimited,24,2,8.33%,1,1,50.00%,50.00%,16.00,16.00,1,1,415.00,415.00,16.00,25.94,25.94,3.86%,3.86%,271,5,1.85%
208,OLAY SKIN_Shop ADS 24823,Ongoing,Shop Ad,-,-,Custom,Manual Bidding,-,brilliant skin,Broad Match,24/08/2023 00:00:00,Unlimited,24,2,8.33%,0,0,0.00%,0.00%,0.00,0.00,0,0,0.00,0.00,14.00,0.00,0.00,0.00%,0.00%,134,0,0.00%
209,OLAY SKIN_Shop ADS 24823,Ongoing,Shop Ad,-,-,Custom,Manual Bidding,-,brightening cream,Broad Match,24/08/2023 00:00:00,Unlimited,20,1,5.00%,0,0,0.00%,0.00%,0.00,0.00,0,0,0.00,0.00,8.00,0.00,0.00,0.00%,0.00%,249,1,0.40%
210,OLAY SKIN_Shop ADS 24823,Ongoing,Shop Ad,-,-,Custom,Manual Bidding,-,vitamin c serum,Broad Match,24/08/2023 00:00:00,Unlimited,14,0,0.00%,0,0,0.00%,0.00%,0.00,0.00,0,0,0.00,0.00,0.00,0.00,0.00,0.00%,0.00%,60,0,0.00%
211,OLAY SKIN_Shop ADS 24823,Ongoing,Shop Ad,-,-,Custom,Manual Bidding,-,retinol cream,Broad Match,24/08/2023 00:00:00,Unlimited,11,0,0.00%,0,0,0.00%,0.00%,0.00,0.00,0,0,0.00,0.00,0.00,0.00,0.00,0.00%,0.00%,103,0,0.00%
212,OLAY SKIN_Shop ADS 24823,Ongoing,Shop Ad,-,-,Custom,Manual Bidding,-,skincare,Broad Match,24/08/2023 00:00:00,Unlimited,10,1,10.00%,0,0,0.00%,0.00%,0.00,0.00,0,0,0.00,0.00,7.00,0.00,0.00,0.00%,0.00%,90,0,0.00%
213,OLAY SKIN_Shop ADS 24823,Ongoing,Shop Ad,-,-,Custom,Manual Bidding,-,anti aging cream,Broad Match,24/08/2023 00:00:00,Unlimited,7,1,14.29%,0,0,0.00%,0.00%,0.00,0.00,0,0,0.00,0.00,7.00,0.00,0.00,0.00%,0.00%,21,0,0.00%
214,OLAY SKIN_Shop ADS 24823,Ongoing,Shop Ad,-,-,Custom,Manual Bidding,-,acne mark,Broad Match,24/08/2023 00:00:00,Unlimited,7,0,0.00%,0,0,0.00%,0.00%,0.00,0.00,0,0,0.00,0.00,0.00,0.00,0.00,0.00%,0.00%,47,0,0.00%
215,OLAY SKIN_Shop ADS 24823,Ongoing,Shop Ad,-,-,Custom,Manual Bidding,-,collagen serum,Broad Match,24/08/2023 00:00:00,Unlimited,4,0,0.00%,0,0,0.00%,0.00%,0.00,0.00,0,0,0.00,0.00,0.00,0.00,0.00,0.00%,0.00%,12,0,0.00%
216,OLAY SKIN_Shop ADS 24823,Ongoing,Shop Ad,-,-,Custom,Manual Bidding,-,dark spot,Broad Match,24/08/2023 00:00:00,Unlimited,4,0,0.00%,0,0,0.00%,0.00%,0.00,0.00,0,0,0.00,0.00,0.00,0.00,0.00,0.00%,0.00%,14,0,0.00%
217,OLAY SKIN_Shop ADS 24823,Ongoing,Shop Ad,-,-,Custom,Manual Bidding,-,dark spot cream,Broad Match,24/08/2023 00:00:00,Unlimited,4,0,0.00%,0,0,0.00%,0.00%,0.00,0.00,0,0,0.00,0.00,0.00,0.00,0.00,0.00%,0.00%,12,0,0.00%
218,OLAY SKIN_Shop ADS 24823,Ongoing,Shop Ad,-,-,Custom,Manual Bidding,-,lightening,Broad Match,24/08/2023 00:00:00,Unlimited,4,0,0.00%,0,0,0.00%,0.00%,0.00,0.00,0,0,0.00,0.00,0.00,0.00,0.00,0.00%,0.00%,12,0,0.00%
219,OLAY SKIN_Shop ADS 24823,Ongoing,Shop Ad,-,-,Custom,Manual Bidding,-,lightening serum,Broad Match,24/08/2023 00:00:00,Unlimited,2,0,0.00%,0,0,0.00%,0.00%,0.00,0.00,0,0,0.00,0.00,0.00,0.00,0.00,0.00%,0.00%,20,0,0.00%
220,OLAY SKIN_Shop ADS 24823,Ongoing,Shop Ad,-,-,Custom,Manual Bidding,-,olay cream day and night,Broad Match,24/08/2023 00:00:00,Unlimited,1,0,0.00%,0,0,0.00%,0.00%,0.00,0.00,0,0,0.00,0.00,0.00,0.00,0.00,0.00%,0.00%,10,0,0.00%
221,OLAY SKIN_Shop ADS 24823,Ongoing,Shop Ad,-,-,Custom,Manual Bidding,-,olay white radiance,Broad Match,24/08/2023 00:00:00,Unlimited,1,0,0.00%,0,0,0.00%,0.00%,0.00,0.00,0,0,0.00,0.00,0.00,0.00,0.00,0.00%,0.00%,9,0,0.00%
