﻿﻿All CPC Ads Report - Shopee Philippines
User Name:,pgolayofficialstore
Shop Name:,Olay Official Store
Shop ID:,221352938
Report Creation Time:,18/03/2024 09:57
Date Period:,13/03/2024 - 13/03/2024

Sequence,Ad Name,Status,Ads Type,Product ID,Audience Targeting,Creative,Bidding Method,Placement,Keyword/Location,Match Type,Start Date,End Date,Impression,Clicks,CTR,Conversions,Direct Conversions,Conversion Rate,Direct Conversion Rate,Cost per Conversion,Cost per Direct Conversion,Items Sold,Direct Items Sold,GMV,Direct GMV,Expense,ROAS,Direct ROAS,ACOS,Direct ACOS,Product Impressions,Product Clicks,Product CTR
1,Olay Regenerist Miracle Boost Youth Pre-Essence 40 ml [5],Ended,Product Ad,5017252295,-,Smart Creative Disabled,Auto Bidding,Discovery,Auto Selected,-,30/11/2023 00:00:00,Unlimited,261,3,1.15%,0,0,0.00%,0.00%,0.00,0.00,0,0,0.00,0.00,8.69,0.00,0.00,0.00%,0.00%,-,-,-
2,Olay Regenerist Miracle Boost Youth Pre-Essence 40 ml [5],Ended,Product Ad,5017252295,-,Smart Creative Disabled,Auto Bidding,Search,Auto Selected,-,30/11/2023 00:00:00,Unlimited,158,0,0.00%,0,0,0.00%,0.00%,0.00,0.00,0,0,0.00,0.00,0.00,0.00,0.00,0.00%,0.00%,-,-,-
3,Olay Total Effects Niacinamide Anti Aging Day Cream Moisturizer & Night Skincare Cream 50g + 50g [2],Ongoing,Product Ad,7717328129,Auto Targeting,Smart Creative Disabled,Manual Bidding,Discovery,You May Also Like,-,24/08/2023 00:00:00,Unlimited,3546,62,1.75%,1,1,1.61%,1.61%,370.00,370.00,1,1,1275.00,1275.00,370.00,3.45,3.45,29.02%,29.02%,-,-,-
4,Olay Total Effects Niacinamide Anti Aging Day Cream Moisturizer & Night Skincare Cream 50g + 50g [2],Ongoing,Product Ad,7717328129,Auto Targeting,Smart Creative Disabled,Manual Bidding,Discovery,Daily Discover,-,24/08/2023 00:00:00,Unlimited,3457,39,1.13%,0,0,0.00%,0.00%,0.00,0.00,0,0,0.00,0.00,230.00,0.00,0.00,0.00%,0.00%,-,-,-
5,Olay Total Effects Niacinamide Anti Aging Day Cream Moisturizer & Night Skincare Cream 50g + 50g [5],Ongoing,Product Ad,7717328129,-,Smart Creative Disabled,Auto Bidding,Discovery,Auto Selected,-,07/11/2023 00:00:00,Unlimited,3733,68,1.82%,1,1,1.47%,1.47%,192.00,192.00,1,1,1275.00,1275.00,192.00,6.64,6.64,15.06%,15.06%,-,-,-
6,Olay Total Effects Niacinamide Anti Aging Day Cream Moisturizer & Night Skincare Cream 50g + 50g [5],Ongoing,Product Ad,7717328129,-,Smart Creative Disabled,Auto Bidding,Search,Auto Selected,-,07/11/2023 00:00:00,Unlimited,676,60,8.88%,4,3,6.67%,5.00%,102.00,136.00,4,3,4778.00,3825.00,408.00,11.71,9.38,8.54%,10.67%,-,-,-
7,Olay Niacinamide Anti Aging Day Cream + Night Cream Regenerist Skincare 50g [4],Ongoing,Product Ad,4719436395,Auto Targeting,Smart Creative Disabled,Manual Bidding,Discovery,You May Also Like,-,24/08/2023 00:00:00,Unlimited,2591,82,3.16%,0,0,0.00%,0.00%,0.00,0.00,0,0,0.00,0.00,488.00,0.00,0.00,0.00%,0.00%,-,-,-
8,Olay Niacinamide Anti Aging Day Cream + Night Cream Regenerist Skincare 50g [4],Ongoing,Product Ad,4719436395,Auto Targeting,Smart Creative Disabled,Manual Bidding,Discovery,Daily Discover,-,24/08/2023 00:00:00,Unlimited,1803,27,1.50%,0,0,0.00%,0.00%,0.00,0.00,0,0,0.00,0.00,162.00,0.00,0.00,0.00%,0.00%,-,-,-
9,Olay Total Effects Niacinamide Anti Aging Serum Skincare 50ml [4],Ongoing,Product Ad,5517254914,Auto Targeting,Smart Creative Disabled,Manual Bidding,Discovery,You May Also Like,-,24/08/2023 00:00:00,Unlimited,2090,59,2.82%,0,0,0.00%,0.00%,0.00,0.00,0,0,0.00,0.00,350.00,0.00,0.00,0.00%,0.00%,-,-,-
10,Olay Total Effects Niacinamide Anti Aging Serum Skincare 50ml [4],Ongoing,Product Ad,5517254914,Auto Targeting,Smart Creative Disabled,Manual Bidding,Discovery,Daily Discover,-,24/08/2023 00:00:00,Unlimited,1235,25,2.02%,0,0,0.00%,0.00%,0.00,0.00,0,0,0.00,0.00,150.00,0.00,0.00,0.00%,0.00%,-,-,-
11,Olay Retinol Anti Aging Serum 30ml + Niacinamide Vitamin C Brightening Serum Luminous Skincare 30ml [4],Ongoing,Product Ad,6969166109,Auto Targeting,Smart Creative Disabled,Manual Bidding,Discovery,Daily Discover,-,24/08/2023 00:00:00,Unlimited,1411,34,2.41%,0,0,0.00%,0.00%,0.00,0.00,0,0,0.00,0.00,102.00,0.00,0.00,0.00%,0.00%,-,-,-
12,Olay Retinol Anti Aging Serum 30ml + Niacinamide Vitamin C Brightening Serum Luminous Skincare 30ml [4],Ongoing,Product Ad,6969166109,Auto Targeting,Smart Creative Disabled,Manual Bidding,Discovery,You May Also Like,-,24/08/2023 00:00:00,Unlimited,1271,33,2.60%,0,0,0.00%,0.00%,0.00,0.00,0,0,0.00,0.00,97.54,0.00,0.00,0.00%,0.00%,-,-,-
13,Olay Niacinamide + Vitamin C Brightening Serum Luminous Skincare 30ml​ [4],Ongoing,Product Ad,7369177119,Auto Targeting,Smart Creative Disabled,Manual Bidding,Discovery,You May Also Like,-,24/08/2023 00:00:00,Unlimited,2636,84,3.19%,0,0,0.00%,0.00%,0.00,0.00,0,0,0.00,0.00,500.00,0.00,0.00,0.00%,0.00%,-,-,-
14,Olay Retinol 24 Anti Aging Face Cream Skincare 50g [5],Ongoing,Product Ad,6153607771,-,Smart Creative Disabled,Auto Bidding,Discovery,Auto Selected,-,07/11/2023 00:00:00,Unlimited,2049,46,2.24%,1,0,2.17%,0.00%,128.00,0.00,1,0,1275.00,0.00,128.00,9.96,0.00,10.04%,0.00%,-,-,-
15,Olay Retinol 24 Anti Aging Face Cream Skincare 50g [5],Ongoing,Product Ad,6153607771,-,Smart Creative Disabled,Auto Bidding,Search,Auto Selected,-,07/11/2023 00:00:00,Unlimited,144,23,15.97%,1,0,4.35%,0.00%,272.00,0.00,1,0,2499.00,0.00,272.00,9.19,0.00,10.88%,0.00%,-,-,-
16,Olay Regenerist Collagen Peptide24 Skincare Cream Moisturizer & Serum 50 g + 30 ml [4],Ongoing,Product Ad,17934366448,Auto Targeting,Smart Creative Disabled,Manual Bidding,Discovery,You May Also Like,-,24/08/2023 00:00:00,Unlimited,1461,53,3.63%,0,0,0.00%,0.00%,0.00,0.00,0,0,0.00,0.00,316.00,0.00,0.00,0.00%,0.00%,-,-,-
17,Olay Regenerist Collagen Peptide24 Skincare Cream Moisturizer & Serum 50 g + 30 ml [4],Ongoing,Product Ad,17934366448,Auto Targeting,Smart Creative Disabled,Manual Bidding,Discovery,Daily Discover,-,24/08/2023 00:00:00,Unlimited,498,14,2.81%,0,0,0.00%,0.00%,0.00,0.00,0,0,0.00,0.00,84.00,0.00,0.00,0.00%,0.00%,-,-,-
18,Olay Retinol 24 Anti Aging Face Cream Skincare 50g [4],Ongoing,Product Ad,6153607771,Auto Targeting,Smart Creative Disabled,Manual Bidding,Discovery,You May Also Like,-,24/08/2023 00:00:00,Unlimited,986,33,3.35%,0,0,0.00%,0.00%,0.00,0.00,0,0,0.00,0.00,223.00,0.00,0.00,0.00%,0.00%,-,-,-
19,Olay Retinol 24 Anti Aging Face Cream Skincare 50g [4],Ongoing,Product Ad,6153607771,Auto Targeting,Smart Creative Disabled,Manual Bidding,Discovery,Daily Discover,-,24/08/2023 00:00:00,Unlimited,914,11,1.20%,0,0,0.00%,0.00%,0.00,0.00,0,0,0.00,0.00,77.00,0.00,0.00,0.00%,0.00%,-,-,-
20,Olay Total Effects Night Cream Moisturizer 50 g [2],Ongoing,Product Ad,3715815506,Auto Targeting,Smart Creative Disabled,Manual Bidding,Discovery,You May Also Like,-,24/08/2023 00:00:00,Unlimited,1234,47,3.81%,1,1,2.13%,2.13%,280.00,280.00,1,1,953.00,953.00,280.00,3.40,3.40,29.38%,29.38%,-,-,-
21,Olay Total Effects Night Cream Moisturizer 50 g [2],Ongoing,Product Ad,3715815506,Auto Targeting,Smart Creative Disabled,Manual Bidding,Discovery,Daily Discover,-,24/08/2023 00:00:00,Unlimited,659,20,3.03%,0,0,0.00%,0.00%,0.00,0.00,0,0,0.00,0.00,120.00,0.00,0.00,0.00%,0.00%,-,-,-
22,Olay Niacinamide Anti Aging Day Cream + Night Cream Regenerist Skincare 50g [2],Ongoing,Product Ad,4719436395,Auto Targeting,Smart Creative Disabled,Manual Bidding,Search,olay,Broad Match,25/08/2023 00:00:00,Unlimited,696,26,3.74%,0,0,0.00%,0.00%,0.00,0.00,0,0,0.00,0.00,169.06,0.00,0.00,0.00%,0.00%,-,-,-
23,Olay Niacinamide Anti Aging Day Cream + Night Cream Regenerist Skincare 50g [2],Ongoing,Product Ad,4719436395,Auto Targeting,Smart Creative Disabled,Manual Bidding,Search,olay total effects night cream,Broad Match,25/08/2023 00:00:00,Unlimited,349,6,1.72%,0,0,0.00%,0.00%,0.00,0.00,0,0,0.00,0.00,35.82,0.00,0.00,0.00%,0.00%,-,-,-
24,Olay Niacinamide Anti Aging Day Cream + Night Cream Regenerist Skincare 50g [2],Ongoing,Product Ad,4719436395,Auto Targeting,Smart Creative Disabled,Manual Bidding,Search,night cream,Broad Match,25/08/2023 00:00:00,Unlimited,267,2,0.75%,0,0,0.00%,0.00%,0.00,0.00,0,0,0.00,0.00,11.34,0.00,0.00,0.00%,0.00%,-,-,-
25,Olay Niacinamide Anti Aging Day Cream + Night Cream Regenerist Skincare 50g [2],Ongoing,Product Ad,4719436395,Auto Targeting,Smart Creative Disabled,Manual Bidding,Search,face cream,Broad Match,25/08/2023 00:00:00,Unlimited,201,3,1.49%,0,0,0.00%,0.00%,0.00,0.00,0,0,0.00,0.00,18.02,0.00,0.00,0.00%,0.00%,-,-,-
26,Olay Niacinamide Anti Aging Day Cream + Night Cream Regenerist Skincare 50g [2],Ongoing,Product Ad,4719436395,Auto Targeting,Smart Creative Disabled,Manual Bidding,Search,cream,Broad Match,25/08/2023 00:00:00,Unlimited,142,0,0.00%,0,0,0.00%,0.00%,0.00,0.00,0,0,0.00,0.00,0.00,0.00,0.00,0.00%,0.00%,-,-,-
27,Olay Niacinamide Anti Aging Day Cream + Night Cream Regenerist Skincare 50g [2],Ongoing,Product Ad,4719436395,Auto Targeting,Smart Creative Disabled,Manual Bidding,Search,olay official store,Broad Match,25/08/2023 00:00:00,Unlimited,129,5,3.88%,0,0,0.00%,0.00%,0.00,0.00,0,0,0.00,0.00,43.78,0.00,0.00,0.00%,0.00%,-,-,-
28,Olay Niacinamide Anti Aging Day Cream + Night Cream Regenerist Skincare 50g [2],Ongoing,Product Ad,4719436395,Auto Targeting,Smart Creative Disabled,Manual Bidding,Search,anti aging,Broad Match,25/08/2023 00:00:00,Unlimited,65,3,4.62%,0,0,0.00%,0.00%,0.00,0.00,0,0,0.00,0.00,19.53,0.00,0.00,0.00%,0.00%,-,-,-
29,Olay Niacinamide Anti Aging Day Cream + Night Cream Regenerist Skincare 50g [2],Ongoing,Product Ad,4719436395,Auto Targeting,Smart Creative Disabled,Manual Bidding,Search,skin care,Broad Match,25/08/2023 00:00:00,Unlimited,12,1,8.33%,0,0,0.00%,0.00%,0.00,0.00,0,0,0.00,0.00,2.44,0.00,0.00,0.00%,0.00%,-,-,-
30,Olay Niacinamide Anti Aging Day Cream + Night Cream Regenerist Skincare 50g [2],Ongoing,Product Ad,4719436395,Auto Targeting,Smart Creative Disabled,Manual Bidding,Search,olay total effects,Broad Match,25/08/2023 00:00:00,Unlimited,6,0,0.00%,0,0,0.00%,0.00%,0.00,0.00,0,0,0.00,0.00,0.00,0.00,0.00,0.00%,0.00%,-,-,-
31,Olay Niacinamide Anti Aging Day Cream + Night Cream Regenerist Skincare 50g [2],Ongoing,Product Ad,4719436395,Auto Targeting,Smart Creative Disabled,Manual Bidding,Search,regenerist cream,Broad Match,25/08/2023 00:00:00,Unlimited,5,0,0.00%,0,0,0.00%,0.00%,0.00,0.00,0,0,0.00,0.00,0.00,0.00,0.00,0.00%,0.00%,-,-,-
32,Olay Niacinamide Anti Aging Cream Regenerist 50g + Retinol Anti-Aging Cream Skincare 50g​ [5],Ongoing,Product Ad,15866804253,-,Smart Creative Disabled,Auto Bidding,Discovery,Auto Selected,-,06/10/2023 00:00:00,Unlimited,1696,23,1.36%,0,0,0.00%,0.00%,0.00,0.00,0,0,0.00,0.00,64.00,0.00,0.00,0.00%,0.00%,-,-,-
33,Olay Niacinamide Anti Aging Cream Regenerist 50g + Retinol Anti-Aging Cream Skincare 50g​ [5],Ongoing,Product Ad,15866804253,-,Smart Creative Disabled,Auto Bidding,Search,Auto Selected,-,06/10/2023 00:00:00,Unlimited,116,8,6.90%,0,0,0.00%,0.00%,0.00,0.00,0,0,0.00,0.00,136.00,0.00,0.00,0.00%,0.00%,-,-,-
34,Olay Regenerist Collagen Peptide 24 Anti Aging Moisturizer Skincare 50g [2],Ongoing,Product Ad,13513458778,Auto Targeting,Smart Creative Disabled,Manual Bidding,Discovery,You May Also Like,-,24/08/2023 00:00:00,Unlimited,1039,33,3.18%,0,0,0.00%,0.00%,0.00,0.00,0,0,0.00,0.00,198.00,0.00,0.00,0.00%,0.00%,-,-,-
35,Olay Regenerist Collagen Peptide 24 Anti Aging Moisturizer Skincare 50g [2],Ongoing,Product Ad,13513458778,Auto Targeting,Smart Creative Disabled,Manual Bidding,Discovery,Daily Discover,-,24/08/2023 00:00:00,Unlimited,725,17,2.34%,0,0,0.00%,0.00%,0.00,0.00,0,0,0.00,0.00,102.00,0.00,0.00,0.00%,0.00%,-,-,-
36,Olay Retinol 24 Anti Aging Serum Skincare 30ml​ [5],Ongoing,Product Ad,6153610671,-,Smart Creative Disabled,Auto Bidding,Discovery,Auto Selected,-,07/11/2023 00:00:00,Unlimited,1440,36,2.50%,0,0,0.00%,0.00%,0.00,0.00,0,0,0.00,0.00,96.00,0.00,0.00,0.00%,0.00%,-,-,-
37,Olay Retinol 24 Anti Aging Serum Skincare 30ml​ [5],Ongoing,Product Ad,6153610671,-,Smart Creative Disabled,Auto Bidding,Search,Auto Selected,-,07/11/2023 00:00:00,Unlimited,268,14,5.22%,0,0,0.00%,0.00%,0.00,0.00,0,0,0.00,0.00,204.00,0.00,0.00,0.00%,0.00%,-,-,-
38,Olay Total Effects Niacinamide Anti Aging Day Cream Moisturizer & Night Skincare Cream 50g + 50g [4],Ongoing,Product Ad,7717328129,Auto Targeting,Smart Creative Disabled,Manual Bidding,Search,olay,Broad Match,25/08/2023 00:00:00,Unlimited,477,17,3.56%,0,0,0.00%,0.00%,0.00,0.00,0,0,0.00,0.00,117.18,0.00,0.00,0.00%,0.00%,-,-,-
39,Olay Total Effects Niacinamide Anti Aging Day Cream Moisturizer & Night Skincare Cream 50g + 50g [4],Ongoing,Product Ad,7717328129,Auto Targeting,Smart Creative Disabled,Manual Bidding,Search,olay moisturizer,Broad Match,25/08/2023 00:00:00,Unlimited,242,4,1.65%,0,0,0.00%,0.00%,0.00,0.00,0,0,0.00,0.00,13.38,0.00,0.00,0.00%,0.00%,-,-,-
40,Olay Total Effects Niacinamide Anti Aging Day Cream Moisturizer & Night Skincare Cream 50g + 50g [4],Ongoing,Product Ad,7717328129,Auto Targeting,Smart Creative Disabled,Manual Bidding,Search,anti aging cream,Broad Match,25/08/2023 00:00:00,Unlimited,239,8,3.35%,0,0,0.00%,0.00%,0.00,0.00,0,0,0.00,0.00,54.68,0.00,0.00,0.00%,0.00%,-,-,-
41,Olay Total Effects Niacinamide Anti Aging Day Cream Moisturizer & Night Skincare Cream 50g + 50g [4],Ongoing,Product Ad,7717328129,Auto Targeting,Smart Creative Disabled,Manual Bidding,Search,olay cream,Broad Match,25/08/2023 00:00:00,Unlimited,218,4,1.83%,0,0,0.00%,0.00%,0.00,0.00,0,0,0.00,0.00,14.54,0.00,0.00,0.00%,0.00%,-,-,-
42,Olay Total Effects Niacinamide Anti Aging Day Cream Moisturizer & Night Skincare Cream 50g + 50g [4],Ongoing,Product Ad,7717328129,Auto Targeting,Smart Creative Disabled,Manual Bidding,Search,olay retinol,Broad Match,25/08/2023 00:00:00,Unlimited,103,2,1.94%,0,0,0.00%,0.00%,0.00,0.00,0,0,0.00,0.00,18.78,0.00,0.00,0.00%,0.00%,-,-,-
43,Olay Total Effects Niacinamide Anti Aging Day Cream Moisturizer & Night Skincare Cream 50g + 50g [4],Ongoing,Product Ad,7717328129,Auto Targeting,Smart Creative Disabled,Manual Bidding,Search,collagen cream,Broad Match,25/08/2023 00:00:00,Unlimited,96,0,0.00%,0,0,0.00%,0.00%,0.00,0.00,0,0,0.00,0.00,0.00,0.00,0.00,0.00%,0.00%,-,-,-
44,Olay Total Effects Niacinamide Anti Aging Day Cream Moisturizer & Night Skincare Cream 50g + 50g [4],Ongoing,Product Ad,7717328129,Auto Targeting,Smart Creative Disabled,Manual Bidding,Search,olay anti aging cream,Broad Match,25/08/2023 00:00:00,Unlimited,93,2,2.15%,0,0,0.00%,0.00%,0.00,0.00,0,0,0.00,0.00,9.74,0.00,0.00,0.00%,0.00%,-,-,-
45,Olay Total Effects Niacinamide Anti Aging Day Cream Moisturizer & Night Skincare Cream 50g + 50g [4],Ongoing,Product Ad,7717328129,Auto Targeting,Smart Creative Disabled,Manual Bidding,Search,olay cream day and night,Broad Match,25/08/2023 00:00:00,Unlimited,92,3,3.26%,0,0,0.00%,0.00%,0.00,0.00,0,0,0.00,0.00,21.05,0.00,0.00,0.00%,0.00%,-,-,-
46,Olay Total Effects Niacinamide Anti Aging Day Cream Moisturizer & Night Skincare Cream 50g + 50g [4],Ongoing,Product Ad,7717328129,Auto Targeting,Smart Creative Disabled,Manual Bidding,Search,olay night cream,Broad Match,25/08/2023 00:00:00,Unlimited,71,5,7.04%,0,0,0.00%,0.00%,0.00,0.00,0,0,0.00,0.00,37.25,0.00,0.00,0.00%,0.00%,-,-,-
47,Olay Total Effects Niacinamide Anti Aging Day Cream Moisturizer & Night Skincare Cream 50g + 50g [4],Ongoing,Product Ad,7717328129,Auto Targeting,Smart Creative Disabled,Manual Bidding,Search,olay total effects,Broad Match,25/08/2023 00:00:00,Unlimited,32,3,9.38%,0,0,0.00%,0.00%,0.00,0.00,0,0,0.00,0.00,13.40,0.00,0.00,0.00%,0.00%,-,-,-
48,Olay Total Effects Niacinamide Anti Aging Day Cream Moisturizer & Night Skincare Cream 50g + 50g [4],Ongoing,Product Ad,7717328129,Auto Targeting,Smart Creative Disabled,Manual Bidding,Search,moisturizer,Broad Match,25/08/2023 00:00:00,Unlimited,6,0,0.00%,0,0,0.00%,0.00%,0.00,0.00,0,0,0.00,0.00,0.00,0.00,0.00,0.00%,0.00%,-,-,-
49,Olay Total Effects Niacinamide Anti Aging Day Cream Moisturizer & Night Skincare Cream 50g + 50g [4],Ongoing,Product Ad,7717328129,Auto Targeting,Smart Creative Disabled,Manual Bidding,Search,cream,Broad Match,25/08/2023 00:00:00,Unlimited,3,0,0.00%,0,0,0.00%,0.00%,0.00,0.00,0,0,0.00,0.00,0.00,0.00,0.00,0.00%,0.00%,-,-,-
50,Olay Niacinamide Anti Aging Day Cream + Night Cream Regenerist Skincare 50g [5],Ongoing,Product Ad,4719436395,-,Smart Creative Disabled,Auto Bidding,Discovery,Auto Selected,-,07/11/2023 00:00:00,Unlimited,1174,24,2.04%,0,0,0.00%,0.00%,0.00,0.00,0,0,0.00,0.00,64.00,0.00,0.00,0.00%,0.00%,-,-,-
51,Olay Niacinamide Anti Aging Day Cream + Night Cream Regenerist Skincare 50g [5],Ongoing,Product Ad,4719436395,-,Smart Creative Disabled,Auto Bidding,Search,Auto Selected,-,07/11/2023 00:00:00,Unlimited,360,11,3.06%,2,2,18.18%,18.18%,68.00,68.00,2,2,4598.00,4598.00,136.00,33.81,33.81,2.96%,2.96%,-,-,-
52,Olay Retinol 24 Anti Aging Face Cream Skincare 50g [2],Ongoing,Product Ad,6153607771,Auto Targeting,Smart Creative Disabled,Manual Bidding,Search,olay,Broad Match,25/08/2023 00:00:00,Unlimited,416,13,3.12%,1,0,7.69%,0.00%,100.40,0.00,1,0,2549.00,0.00,100.40,25.39,0.00,3.94%,0.00%,-,-,-
53,Olay Retinol 24 Anti Aging Face Cream Skincare 50g [2],Ongoing,Product Ad,6153607771,Auto Targeting,Smart Creative Disabled,Manual Bidding,Search,olay cream,Broad Match,25/08/2023 00:00:00,Unlimited,401,9,2.24%,0,0,0.00%,0.00%,0.00,0.00,0,0,0.00,0.00,57.12,0.00,0.00,0.00%,0.00%,-,-,-
54,Olay Retinol 24 Anti Aging Face Cream Skincare 50g [2],Ongoing,Product Ad,6153607771,Auto Targeting,Smart Creative Disabled,Manual Bidding,Search,retinol cream,Broad Match,25/08/2023 00:00:00,Unlimited,263,9,3.42%,0,0,0.00%,0.00%,0.00,0.00,0,0,0.00,0.00,84.82,0.00,0.00,0.00%,0.00%,-,-,-
55,Olay Retinol 24 Anti Aging Face Cream Skincare 50g [2],Ongoing,Product Ad,6153607771,Auto Targeting,Smart Creative Disabled,Manual Bidding,Search,olay retinol,Broad Match,25/08/2023 00:00:00,Unlimited,153,18,11.76%,0,0,0.00%,0.00%,0.00,0.00,0,0,0.00,0.00,91.90,0.00,0.00,0.00%,0.00%,-,-,-
56,Olay Retinol 24 Anti Aging Face Cream Skincare 50g [2],Ongoing,Product Ad,6153607771,Auto Targeting,Smart Creative Disabled,Manual Bidding,Search,cream,Broad Match,25/08/2023 00:00:00,Unlimited,87,0,0.00%,0,0,0.00%,0.00%,0.00,0.00,0,0,0.00,0.00,0.00,0.00,0.00,0.00%,0.00%,-,-,-
57,Olay Retinol 24 Anti Aging Face Cream Skincare 50g [2],Ongoing,Product Ad,6153607771,Auto Targeting,Smart Creative Disabled,Manual Bidding,Search,face cream,Broad Match,25/08/2023 00:00:00,Unlimited,62,1,1.61%,0,0,0.00%,0.00%,0.00,0.00,0,0,0.00,0.00,5.64,0.00,0.00,0.00%,0.00%,-,-,-
58,Olay Retinol 24 Anti Aging Face Cream Skincare 50g [2],Ongoing,Product Ad,6153607771,Auto Targeting,Smart Creative Disabled,Manual Bidding,Search,anti aging cream,Broad Match,25/08/2023 00:00:00,Unlimited,50,1,2.00%,0,0,0.00%,0.00%,0.00,0.00,0,0,0.00,0.00,5.63,0.00,0.00,0.00%,0.00%,-,-,-
59,Olay Retinol 24 Anti Aging Face Cream Skincare 50g [2],Ongoing,Product Ad,6153607771,Auto Targeting,Smart Creative Disabled,Manual Bidding,Search,anti aging,Broad Match,25/08/2023 00:00:00,Unlimited,35,1,2.86%,0,0,0.00%,0.00%,0.00,0.00,0,0,0.00,0.00,4.50,0.00,0.00,0.00%,0.00%,-,-,-
60,Olay Retinol 24 Anti Aging Face Cream Skincare 50g [2],Ongoing,Product Ad,6153607771,Auto Targeting,Smart Creative Disabled,Manual Bidding,Search,gift for women,Broad Match,25/08/2023 00:00:00,Unlimited,4,0,0.00%,0,0,0.00%,0.00%,0.00,0.00,0,0,0.00,0.00,0.00,0.00,0.00,0.00%,0.00%,-,-,-
61,Olay Retinol 24 Anti Aging Face Cream Skincare 50g [2],Ongoing,Product Ad,6153607771,Auto Targeting,Smart Creative Disabled,Manual Bidding,Search,niacinamide,Broad Match,25/08/2023 00:00:00,Unlimited,3,0,0.00%,0,0,0.00%,0.00%,0.00,0.00,0,0,0.00,0.00,0.00,0.00,0.00,0.00%,0.00%,-,-,-
62,Olay Luminous Niacinamide + AHA Serum 30ml (Acne Mark / Dark Spot) [2],Ongoing,Product Ad,15232912019,Auto Targeting,Smart Creative Disabled,Manual Bidding,Discovery,You May Also Like,-,24/08/2023 00:00:00,Unlimited,1437,19,1.32%,0,0,0.00%,0.00%,0.00,0.00,0,0,0.00,0.00,114.00,0.00,0.00,0.00%,0.00%,-,-,-
63,Olay Retinol 24 Face Cream 50g Set of 2,Ongoing,Product Ad,22620730145,Auto Targeting,Smart Creative Disabled,Manual Bidding,Discovery,You May Also Like,-,11/11/2023 00:00:00,Unlimited,847,20,2.36%,0,0,0.00%,0.00%,0.00,0.00,0,0,0.00,0.00,164.27,0.00,0.00,0.00%,0.00%,-,-,-
64,Olay Retinol 24 Face Cream 50g Set of 2,Ongoing,Product Ad,22620730145,Auto Targeting,Smart Creative Disabled,Manual Bidding,Discovery,Daily Discover,-,11/11/2023 00:00:00,Unlimited,545,21,3.85%,0,0,0.00%,0.00%,0.00,0.00,0,0,0.00,0.00,135.73,0.00,0.00,0.00%,0.00%,-,-,-
65,Olay Total Effects Anti Aging Foaming Cream Cleanser Skincare 100g [2],Ongoing,Product Ad,5915716212,Auto Targeting,Smart Creative Disabled,Manual Bidding,Search,olay total effects,Broad Match,09/02/2024 00:00:00,Unlimited,895,19,2.12%,2,1,10.53%,5.26%,37.15,74.29,2,1,1188.00,235.00,74.29,15.99,3.16,6.25%,31.61%,-,-,-
66,Olay Total Effects Anti Aging Foaming Cream Cleanser Skincare 100g [2],Ongoing,Product Ad,5915716212,Auto Targeting,Smart Creative Disabled,Manual Bidding,Search,facial cleanser,Broad Match,09/02/2024 00:00:00,Unlimited,212,3,1.42%,0,0,0.00%,0.00%,0.00,0.00,0,0,0.00,0.00,14.58,0.00,0.00,0.00%,0.00%,-,-,-
67,Olay Total Effects Anti Aging Foaming Cream Cleanser Skincare 100g [2],Ongoing,Product Ad,5915716212,Auto Targeting,Smart Creative Disabled,Manual Bidding,Search,olay cleanser,Broad Match,09/02/2024 00:00:00,Unlimited,141,0,0.00%,0,0,0.00%,0.00%,0.00,0.00,0,0,0.00,0.00,0.00,0.00,0.00,0.00%,0.00%,-,-,-
68,Olay Total Effects Anti Aging Foaming Cream Cleanser Skincare 100g [2],Ongoing,Product Ad,5915716212,Auto Targeting,Smart Creative Disabled,Manual Bidding,Search,cleanser for face,Broad Match,09/02/2024 00:00:00,Unlimited,103,3,2.91%,0,0,0.00%,0.00%,0.00,0.00,0,0,0.00,0.00,14.42,0.00,0.00,0.00%,0.00%,-,-,-
69,Olay Regenerist Collagen Peptide24 Moisturiser 50g Set of 2,Ongoing,Product Ad,18972050720,Auto Targeting,Smart Creative Disabled,Manual Bidding,Discovery,You May Also Like,-,11/11/2023 00:00:00,Unlimited,1210,23,1.90%,0,0,0.00%,0.00%,0.00,0.00,0,0,0.00,0.00,147.98,0.00,0.00,0.00%,0.00%,-,-,-
70,Olay Regenerist Collagen Peptide24 Moisturiser 50g Set of 2,Ongoing,Product Ad,18972050720,Auto Targeting,Smart Creative Disabled,Manual Bidding,Discovery,Daily Discover,-,11/11/2023 00:00:00,Unlimited,138,0,0.00%,0,0,0.00%,0.00%,0.00,0.00,0,0,0.00,0.00,0.00,0.00,0.00,0.00%,0.00%,-,-,-
71,Olay Niacinamide + Vitamin C Brightening Serum Luminous Skincare 30ml​ [5],Ongoing,Product Ad,7369177119,-,Smart Creative Disabled,Auto Bidding,Discovery,Auto Selected,-,07/11/2023 00:00:00,Unlimited,1132,15,1.33%,0,0,0.00%,0.00%,0.00,0.00,0,0,0.00,0.00,39.95,0.00,0.00,0.00%,0.00%,-,-,-
72,Olay Niacinamide + Vitamin C Brightening Serum Luminous Skincare 30ml​ [5],Ongoing,Product Ad,7369177119,-,Smart Creative Disabled,Auto Bidding,Search,Auto Selected,-,07/11/2023 00:00:00,Unlimited,174,16,9.20%,0,0,0.00%,0.00%,0.00,0.00,0,0,0.00,0.00,128.71,0.00,0.00,0.00%,0.00%,-,-,-
73,Olay Luminous Foaming Cleanser Brightening Skincare 100 g [5],Ongoing,Product Ad,7817321843,-,Smart Creative Disabled,Auto Bidding,Discovery,Auto Selected,-,30/11/2023 00:00:00,Unlimited,766,13,1.70%,0,0,0.00%,0.00%,0.00,0.00,0,0,0.00,0.00,29.15,0.00,0.00,0.00%,0.00%,-,-,-
74,Olay Luminous Foaming Cleanser Brightening Skincare 100 g [5],Ongoing,Product Ad,7817321843,-,Smart Creative Disabled,Auto Bidding,Search,Auto Selected,-,30/11/2023 00:00:00,Unlimited,534,15,2.81%,1,1,6.67%,6.67%,136.00,136.00,1,1,315.00,315.00,136.00,2.32,2.32,43.17%,43.17%,-,-,-
75,Olay Total Effects Niacinamide Anti Aging Serum Skincare 50ml [2],Ongoing,Product Ad,5517254914,Auto Targeting,Smart Creative Disabled,Manual Bidding,Search,olay cream,Broad Match,25/08/2023 00:00:00,Unlimited,600,16,2.67%,0,0,0.00%,0.00%,0.00,0.00,0,0,0.00,0.00,114.64,0.00,0.00,0.00%,0.00%,-,-,-
76,Olay Total Effects Niacinamide Anti Aging Serum Skincare 50ml [2],Ongoing,Product Ad,5517254914,Auto Targeting,Smart Creative Disabled,Manual Bidding,Search,face serum,Broad Match,25/08/2023 00:00:00,Unlimited,441,10,2.27%,0,0,0.00%,0.00%,0.00,0.00,0,0,0.00,0.00,67.11,0.00,0.00,0.00%,0.00%,-,-,-
77,Olay Total Effects Niacinamide Anti Aging Serum Skincare 50ml [2],Ongoing,Product Ad,5517254914,Auto Targeting,Smart Creative Disabled,Manual Bidding,Search,olay total effects,Broad Match,25/08/2023 00:00:00,Unlimited,145,1,0.69%,0,0,0.00%,0.00%,0.00,0.00,0,0,0.00,0.00,5.21,0.00,0.00,0.00%,0.00%,-,-,-
78,Olay Total Effects Niacinamide Anti Aging Serum Skincare 50ml [2],Ongoing,Product Ad,5517254914,Auto Targeting,Smart Creative Disabled,Manual Bidding,Search,anti aging serum,Broad Match,25/08/2023 00:00:00,Unlimited,54,3,5.56%,0,0,0.00%,0.00%,0.00,0.00,0,0,0.00,0.00,13.04,0.00,0.00,0.00%,0.00%,-,-,-
79,Olay Total Effects Niacinamide Anti Aging Serum Skincare 50ml [2],Ongoing,Product Ad,5517254914,Auto Targeting,Smart Creative Disabled,Manual Bidding,Search,niacinamide serum,Broad Match,25/08/2023 00:00:00,Unlimited,21,0,0.00%,0,0,0.00%,0.00%,0.00,0.00,0,0,0.00,0.00,0.00,0.00,0.00,0.00%,0.00%,-,-,-
80,Olay Total Effects Niacinamide Anti Aging Serum Skincare 50ml [2],Ongoing,Product Ad,5517254914,Auto Targeting,Smart Creative Disabled,Manual Bidding,Search,olay niacinamide,Broad Match,25/08/2023 00:00:00,Unlimited,1,0,0.00%,0,0,0.00%,0.00%,0.00,0.00,0,0,0.00,0.00,0.00,0.00,0.00,0.00%,0.00%,-,-,-
81,Olay Niacinamide Anti Aging Cream Regenerist 50g + Retinol Anti-Aging Cream Skincare,Ongoing,Product Ad,4853962533,Auto Targeting,Smart Creative Disabled,Manual Bidding,Discovery,You May Also Like,-,24/08/2023 00:00:00,Unlimited,1204,67,5.56%,0,0,0.00%,0.00%,0.00,0.00,0,0,0.00,0.00,400.00,0.00,0.00,0.00%,0.00%,-,-,-
82,Olay White Radiance Niacinamide + Vitamin C Super Serum 30mL Set of 2 [4],Ongoing,Product Ad,5569165898,Auto Targeting,Smart Creative Disabled,Manual Bidding,Discovery,You May Also Like,-,11/11/2023 00:00:00,Unlimited,618,12,1.94%,1,0,8.33%,0.00%,75.26,0.00,1,0,2499.00,0.00,75.26,33.20,0.00,3.01%,0.00%,-,-,-
83,Olay White Radiance Niacinamide + Vitamin C Super Serum 30mL Set of 2 [4],Ongoing,Product Ad,5569165898,Auto Targeting,Smart Creative Disabled,Manual Bidding,Discovery,Daily Discover,-,11/11/2023 00:00:00,Unlimited,446,19,4.26%,1,0,5.26%,0.00%,124.74,0.00,1,0,235.00,0.00,124.74,1.88,0.00,53.08%,0.00%,-,-,-
84,Olay Retinol 24 Anti Aging Serum Skincare 30ml​ [4],Ongoing,Product Ad,6153610671,Auto Targeting,Smart Creative Disabled,Manual Bidding,Discovery,You May Also Like,-,24/08/2023 00:00:00,Unlimited,573,24,4.19%,0,0,0.00%,0.00%,0.00,0.00,0,0,0.00,0.00,140.00,0.00,0.00,0.00%,0.00%,-,-,-
85,Olay Retinol 24 Anti Aging Serum Skincare 30ml​ [4],Ongoing,Product Ad,6153610671,Auto Targeting,Smart Creative Disabled,Manual Bidding,Discovery,Daily Discover,-,24/08/2023 00:00:00,Unlimited,486,10,2.06%,0,0,0.00%,0.00%,0.00,0.00,0,0,0.00,0.00,60.00,0.00,0.00,0.00%,0.00%,-,-,-
86,Olay Retinol 24 Serum 30mL + White radiance Essence 30mL [4],Ongoing,Product Ad,6854282453,Auto Targeting,Smart Creative Disabled,Manual Bidding,Discovery,You May Also Like,-,11/11/2023 00:00:00,Unlimited,1003,34,3.39%,0,0,0.00%,0.00%,0.00,0.00,0,0,0.00,0.00,200.00,0.00,0.00,0.00%,0.00%,-,-,-
87,Olay Retinol 24 Serum 30mL + White radiance Essence 30mL [4],Ongoing,Product Ad,6854282453,Auto Targeting,Smart Creative Disabled,Manual Bidding,Discovery,Daily Discover,-,11/11/2023 00:00:00,Unlimited,6,0,0.00%,0,0,0.00%,0.00%,0.00,0.00,0,0,0.00,0.00,0.00,0.00,0.00,0.00%,0.00%,-,-,-
88,Olay Luminous Niacinamide + AHA Brightening Serum 30ml + Moisturizer 50g Skincare [5],Ongoing,Product Ad,15246652336,-,Smart Creative Disabled,Auto Bidding,Discovery,Auto Selected,-,07/11/2023 00:00:00,Unlimited,796,15,1.88%,1,1,6.67%,6.67%,44.00,44.00,1,1,2715.00,2715.00,44.00,61.70,61.70,1.62%,1.62%,-,-,-
89,Olay Luminous Niacinamide + AHA Brightening Serum 30ml + Moisturizer 50g Skincare [5],Ongoing,Product Ad,15246652336,-,Smart Creative Disabled,Auto Bidding,Search,Auto Selected,-,07/11/2023 00:00:00,Unlimited,131,4,3.05%,0,0,0.00%,0.00%,0.00,0.00,0,0,0.00,0.00,102.83,0.00,0.00,0.00%,0.00%,-,-,-
90,Olay Luminous Niacinamide + Hyaluron Moisturizer 50g,Ongoing,Product Ad,22087480279,-,Smart Creative Disabled,Auto Bidding,Discovery,Auto Selected,-,12/12/2023 00:00:00,Unlimited,641,11,1.72%,0,0,0.00%,0.00%,0.00,0.00,0,0,0.00,0.00,29.00,0.00,0.00,0.00%,0.00%,-,-,-
91,Olay Luminous Niacinamide + Hyaluron Moisturizer 50g,Ongoing,Product Ad,22087480279,-,Smart Creative Disabled,Auto Bidding,Search,Auto Selected,-,12/12/2023 00:00:00,Unlimited,193,2,1.04%,0,0,0.00%,0.00%,0.00,0.00,0,0,0.00,0.00,14.40,0.00,0.00,0.00%,0.00%,-,-,-
92,Olay Retinol 24 Anti Aging Serum Skincare 30ml​ [2],Ongoing,Product Ad,6153610671,Auto Targeting,Smart Creative Disabled,Manual Bidding,Search,olay retinol,Broad Match,25/08/2023 00:00:00,Unlimited,321,14,4.36%,0,0,0.00%,0.00%,0.00,0.00,0,0,0.00,0.00,83.67,0.00,0.00,0.00%,0.00%,-,-,-
93,Olay Retinol 24 Anti Aging Serum Skincare 30ml​ [2],Ongoing,Product Ad,6153610671,Auto Targeting,Smart Creative Disabled,Manual Bidding,Search,olay,Broad Match,25/08/2023 00:00:00,Unlimited,234,8,3.42%,0,0,0.00%,0.00%,0.00,0.00,0,0,0.00,0.00,53.63,0.00,0.00,0.00%,0.00%,-,-,-
94,Olay Retinol 24 Anti Aging Serum Skincare 30ml​ [2],Ongoing,Product Ad,6153610671,Auto Targeting,Smart Creative Disabled,Manual Bidding,Search,olay cream,Broad Match,25/08/2023 00:00:00,Unlimited,107,4,3.74%,0,0,0.00%,0.00%,0.00,0.00,0,0,0.00,0.00,21.93,0.00,0.00,0.00%,0.00%,-,-,-
95,Olay Retinol 24 Anti Aging Serum Skincare 30ml​ [2],Ongoing,Product Ad,6153610671,Auto Targeting,Smart Creative Disabled,Manual Bidding,Search,olay serum,Broad Match,25/08/2023 00:00:00,Unlimited,89,2,2.25%,0,0,0.00%,0.00%,0.00,0.00,0,0,0.00,0.00,20.77,0.00,0.00,0.00%,0.00%,-,-,-
96,Olay Retinol 24 Anti Aging Serum Skincare 30ml​ [2],Ongoing,Product Ad,6153610671,Auto Targeting,Smart Creative Disabled,Manual Bidding,Search,skincare,Broad Match,25/08/2023 00:00:00,Unlimited,7,0,0.00%,0,0,0.00%,0.00%,0.00,0.00,0,0,0.00,0.00,0.00,0.00,0.00,0.00%,0.00%,-,-,-
97,Olay Retinol 24 Anti Aging Serum Skincare 30ml​ [2],Ongoing,Product Ad,6153610671,Auto Targeting,Smart Creative Disabled,Manual Bidding,Search,skin care,Broad Match,25/08/2023 00:00:00,Unlimited,3,0,0.00%,0,0,0.00%,0.00%,0.00,0.00,0,0,0.00,0.00,0.00,0.00,0.00,0.00%,0.00%,-,-,-
98,Olay Regenerist Collagen Peptide 24 Anti Aging Moisturizer Skincare 50g [4],Ongoing,Product Ad,13513458778,Auto Targeting,Smart Creative Disabled,Manual Bidding,Search,olay,Broad Match,25/08/2023 00:00:00,Unlimited,248,5,2.02%,0,0,0.00%,0.00%,0.00,0.00,0,0,0.00,0.00,37.78,0.00,0.00,0.00%,0.00%,-,-,-
99,Olay Regenerist Collagen Peptide 24 Anti Aging Moisturizer Skincare 50g [4],Ongoing,Product Ad,13513458778,Auto Targeting,Smart Creative Disabled,Manual Bidding,Search,olay cream,Broad Match,25/08/2023 00:00:00,Unlimited,149,2,1.34%,0,0,0.00%,0.00%,0.00,0.00,0,0,0.00,0.00,13.76,0.00,0.00,0.00%,0.00%,-,-,-
100,Olay Regenerist Collagen Peptide 24 Anti Aging Moisturizer Skincare 50g [4],Ongoing,Product Ad,13513458778,Auto Targeting,Smart Creative Disabled,Manual Bidding,Search,moisturizer,Broad Match,25/08/2023 00:00:00,Unlimited,114,3,2.63%,0,0,0.00%,0.00%,0.00,0.00,0,0,0.00,0.00,19.25,0.00,0.00,0.00%,0.00%,-,-,-
101,Olay Regenerist Collagen Peptide 24 Anti Aging Moisturizer Skincare 50g [4],Ongoing,Product Ad,13513458778,Auto Targeting,Smart Creative Disabled,Manual Bidding,Search,olay regenerist,Broad Match,25/08/2023 00:00:00,Unlimited,56,4,7.14%,0,0,0.00%,0.00%,0.00,0.00,0,0,0.00,0.00,23.10,0.00,0.00,0.00%,0.00%,-,-,-
102,Olay Regenerist Collagen Peptide 24 Anti Aging Moisturizer Skincare 50g [4],Ongoing,Product Ad,13513458778,Auto Targeting,Smart Creative Disabled,Manual Bidding,Search,olay anti aging,Broad Match,25/08/2023 00:00:00,Unlimited,55,1,1.82%,0,0,0.00%,0.00%,0.00,0.00,0,0,0.00,0.00,0.95,0.00,0.00,0.00%,0.00%,-,-,-
103,Olay Regenerist Collagen Peptide 24 Anti Aging Moisturizer Skincare 50g [4],Ongoing,Product Ad,13513458778,Auto Targeting,Smart Creative Disabled,Manual Bidding,Search,anti aging cream,Broad Match,25/08/2023 00:00:00,Unlimited,50,0,0.00%,0,0,0.00%,0.00%,0.00,0.00,0,0,0.00,0.00,0.00,0.00,0.00,0.00%,0.00%,-,-,-
104,Olay Regenerist Collagen Peptide 24 Anti Aging Moisturizer Skincare 50g [4],Ongoing,Product Ad,13513458778,Auto Targeting,Smart Creative Disabled,Manual Bidding,Search,collagen,Broad Match,25/08/2023 00:00:00,Unlimited,41,1,2.44%,0,0,0.00%,0.00%,0.00,0.00,0,0,0.00,0.00,5.15,0.00,0.00,0.00%,0.00%,-,-,-
105,Olay Regenerist Collagen Peptide 24 Anti Aging Moisturizer Skincare 50g [4],Ongoing,Product Ad,13513458778,Auto Targeting,Smart Creative Disabled,Manual Bidding,Search,anti aging,Broad Match,25/08/2023 00:00:00,Unlimited,14,0,0.00%,0,0,0.00%,0.00%,0.00,0.00,0,0,0.00,0.00,0.00,0.00,0.00,0.00%,0.00%,-,-,-
106,Olay Regenerist Collagen Peptide 24 Anti Aging Moisturizer Skincare 50g [4],Ongoing,Product Ad,13513458778,Auto Targeting,Smart Creative Disabled,Manual Bidding,Search,collagen serum,Broad Match,25/08/2023 00:00:00,Unlimited,14,0,0.00%,0,0,0.00%,0.00%,0.00,0.00,0,0,0.00,0.00,0.00,0.00,0.00,0.00%,0.00%,-,-,-
107,Olay Regenerist Collagen Peptide 24 Anti Aging Moisturizer Skincare 50g [4],Ongoing,Product Ad,13513458778,Auto Targeting,Smart Creative Disabled,Manual Bidding,Search,collagen cream,Broad Match,25/08/2023 00:00:00,Unlimited,7,0,0.00%,0,0,0.00%,0.00%,0.00,0.00,0,0,0.00,0.00,0.00,0.00,0.00,0.00%,0.00%,-,-,-
108,Olay Retinol 24 MAX Anti Aging Face Cream Skincare 50g,Ongoing,Product Ad,24256492294,Auto Targeting,Smart Creative Disabled,Manual Bidding,Search,olay,Broad Match,24/01/2024 00:00:00,Unlimited,364,1,0.27%,0,0,0.00%,0.00%,0.00,0.00,0,0,0.00,0.00,6.20,0.00,0.00,0.00%,0.00%,-,-,-
109,Olay Retinol 24 MAX Anti Aging Face Cream Skincare 50g,Ongoing,Product Ad,24256492294,Auto Targeting,Smart Creative Disabled,Manual Bidding,Search,olay retinol,Broad Match,24/01/2024 00:00:00,Unlimited,94,10,10.64%,0,0,0.00%,0.00%,0.00,0.00,0,0,0.00,0.00,47.59,0.00,0.00,0.00%,0.00%,-,-,-
110,Olay Retinol 24 MAX Anti Aging Face Cream Skincare 50g,Ongoing,Product Ad,24256492294,Auto Targeting,Smart Creative Disabled,Manual Bidding,Search,retinol,Broad Match,24/01/2024 00:00:00,Unlimited,92,4,4.35%,0,0,0.00%,0.00%,0.00,0.00,0,0,0.00,0.00,26.19,0.00,0.00,0.00%,0.00%,-,-,-
111,Olay Retinol 24 MAX Anti Aging Face Cream Skincare 50g,Ongoing,Product Ad,24256492294,Auto Targeting,Smart Creative Disabled,Manual Bidding,Search,cream,Broad Match,24/01/2024 00:00:00,Unlimited,38,0,0.00%,0,0,0.00%,0.00%,0.00,0.00,0,0,0.00,0.00,0.00,0.00,0.00,0.00%,0.00%,-,-,-
112,Olay Retinol 24 MAX Anti Aging Face Cream Skincare 50g,Ongoing,Product Ad,24256492294,Auto Targeting,Smart Creative Disabled,Manual Bidding,Search,anti aging cream,Broad Match,24/01/2024 00:00:00,Unlimited,34,0,0.00%,0,0,0.00%,0.00%,0.00,0.00,0,0,0.00,0.00,0.00,0.00,0.00,0.00%,0.00%,-,-,-
113,Olay Retinol 24 MAX Anti Aging Face Cream Skincare 50g,Ongoing,Product Ad,24256492294,Auto Targeting,Smart Creative Disabled,Manual Bidding,Search,face cream,Broad Match,24/01/2024 00:00:00,Unlimited,28,0,0.00%,0,0,0.00%,0.00%,0.00,0.00,0,0,0.00,0.00,0.00,0.00,0.00,0.00%,0.00%,-,-,-
114,Olay Retinol 24 MAX Anti Aging Face Cream Skincare 50g,Ongoing,Product Ad,24256492294,Auto Targeting,Smart Creative Disabled,Manual Bidding,Search,moisturizer,Broad Match,24/01/2024 00:00:00,Unlimited,20,3,15.00%,0,0,0.00%,0.00%,0.00,0.00,0,0,0.00,0.00,19.55,0.00,0.00,0.00%,0.00%,-,-,-
115,Olay Retinol 24 MAX Anti Aging Face Cream Skincare 50g,Ongoing,Product Ad,24256492294,Auto Targeting,Smart Creative Disabled,Manual Bidding,Search,regenerist cream,Broad Match,24/01/2024 00:00:00,Unlimited,8,0,0.00%,0,0,0.00%,0.00%,0.00,0.00,0,0,0.00,0.00,0.00,0.00,0.00,0.00%,0.00%,-,-,-
116,Olay Retinol 24 MAX Anti Aging Face Cream Skincare 50g,Ongoing,Product Ad,24256492294,Auto Targeting,Smart Creative Disabled,Manual Bidding,Search,skin care,Broad Match,24/01/2024 00:00:00,Unlimited,8,0,0.00%,0,0,0.00%,0.00%,0.00,0.00,0,0,0.00,0.00,0.00,0.00,0.00,0.00%,0.00%,-,-,-
117,Olay Retinol 24 MAX Anti Aging Face Cream Skincare 50g,Ongoing,Product Ad,24256492294,Auto Targeting,Smart Creative Disabled,Manual Bidding,Search,skincare,Broad Match,24/01/2024 00:00:00,Unlimited,3,0,0.00%,0,0,0.00%,0.00%,0.00,0.00,0,0,0.00,0.00,0.00,0.00,0.00,0.00%,0.00%,-,-,-
118,Olay Luminous Hyaluron+Niacinamide Gel Cream and Serum Set,Ongoing,Product Ad,25102396653,-,Smart Creative Disabled,Auto Bidding,Discovery,Auto Selected,-,12/12/2023 00:00:00,Unlimited,584,8,1.37%,0,0,0.00%,0.00%,0.00,0.00,0,0,0.00,0.00,21.56,0.00,0.00,0.00%,0.00%,-,-,-
119,Olay Luminous Hyaluron+Niacinamide Gel Cream and Serum Set,Ongoing,Product Ad,25102396653,-,Smart Creative Disabled,Auto Bidding,Search,Auto Selected,-,12/12/2023 00:00:00,Unlimited,51,5,9.80%,0,0,0.00%,0.00%,0.00,0.00,0,0,0.00,0.00,63.95,0.00,0.00,0.00%,0.00%,-,-,-
120,Olay Retinol 24 MAX Anti Aging Serum Skincare 30ml,Ongoing,Product Ad,25506491547,Auto Targeting,Smart Creative Disabled,Manual Bidding,Search,olay,Broad Match,24/01/2024 00:00:00,Unlimited,300,5,1.67%,0,0,0.00%,0.00%,0.00,0.00,0,0,0.00,0.00,32.85,0.00,0.00,0.00%,0.00%,-,-,-
121,Olay Retinol 24 MAX Anti Aging Serum Skincare 30ml,Ongoing,Product Ad,25506491547,Auto Targeting,Smart Creative Disabled,Manual Bidding,Search,retinol,Broad Match,24/01/2024 00:00:00,Unlimited,110,6,5.45%,0,0,0.00%,0.00%,0.00,0.00,0,0,0.00,0.00,36.13,0.00,0.00,0.00%,0.00%,-,-,-
122,Olay Retinol 24 MAX Anti Aging Serum Skincare 30ml,Ongoing,Product Ad,25506491547,Auto Targeting,Smart Creative Disabled,Manual Bidding,Search,serum,Broad Match,24/01/2024 00:00:00,Unlimited,86,3,3.49%,0,0,0.00%,0.00%,0.00,0.00,0,0,0.00,0.00,17.77,0.00,0.00,0.00%,0.00%,-,-,-
123,Olay Retinol 24 MAX Anti Aging Serum Skincare 30ml,Ongoing,Product Ad,25506491547,Auto Targeting,Smart Creative Disabled,Manual Bidding,Search,olay retinol,Broad Match,24/01/2024 00:00:00,Unlimited,52,1,1.92%,0,0,0.00%,0.00%,0.00,0.00,0,0,0.00,0.00,6.28,0.00,0.00,0.00%,0.00%,-,-,-
124,Olay Retinol 24 MAX Anti Aging Serum Skincare 30ml,Ongoing,Product Ad,25506491547,Auto Targeting,Smart Creative Disabled,Manual Bidding,Search,retinol cream,Broad Match,24/01/2024 00:00:00,Unlimited,41,1,2.44%,0,0,0.00%,0.00%,0.00,0.00,0,0,0.00,0.00,6.97,0.00,0.00,0.00%,0.00%,-,-,-
125,Olay Retinol 24 MAX Anti Aging Serum Skincare 30ml,Ongoing,Product Ad,25506491547,Auto Targeting,Smart Creative Disabled,Manual Bidding,Search,olay serum,Broad Match,24/01/2024 00:00:00,Unlimited,17,0,0.00%,0,0,0.00%,0.00%,0.00,0.00,0,0,0.00,0.00,0.00,0.00,0.00,0.00%,0.00%,-,-,-
126,Olay Retinol 24 MAX Anti Aging Serum Skincare 30ml,Ongoing,Product Ad,25506491547,Auto Targeting,Smart Creative Disabled,Manual Bidding,Search,anti aging,Broad Match,24/01/2024 00:00:00,Unlimited,9,0,0.00%,0,0,0.00%,0.00%,0.00,0.00,0,0,0.00,0.00,0.00,0.00,0.00,0.00%,0.00%,-,-,-
127,Olay Retinol 24 MAX Anti Aging Serum Skincare 30ml,Ongoing,Product Ad,25506491547,Auto Targeting,Smart Creative Disabled,Manual Bidding,Search,skin care,Broad Match,24/01/2024 00:00:00,Unlimited,9,0,0.00%,0,0,0.00%,0.00%,0.00,0.00,0,0,0.00,0.00,0.00,0.00,0.00,0.00%,0.00%,-,-,-
128,Olay Retinol 24 MAX Anti Aging Serum Skincare 30ml,Ongoing,Product Ad,25506491547,Auto Targeting,Smart Creative Disabled,Manual Bidding,Search,skincare,Broad Match,24/01/2024 00:00:00,Unlimited,6,0,0.00%,0,0,0.00%,0.00%,0.00,0.00,0,0,0.00,0.00,0.00,0.00,0.00,0.00%,0.00%,-,-,-
129,Olay Niacinamide Anti Aging Cream Regenerist 50g + Retinol Anti-Aging Cream Skincare [3],Ongoing,Product Ad,4853962533,Auto Targeting,Smart Creative Disabled,Manual Bidding,Search,olay regenerist,Broad Match,12/12/2023 00:00:00,Unlimited,347,3,0.86%,0,0,0.00%,0.00%,0.00,0.00,0,0,0.00,0.00,12.98,0.00,0.00,0.00%,0.00%,-,-,-
130,Olay Niacinamide Anti Aging Cream Regenerist 50g + Retinol Anti-Aging Cream Skincare [3],Ongoing,Product Ad,4853962533,Auto Targeting,Smart Creative Disabled,Manual Bidding,Search,retinol cream,Broad Match,12/12/2023 00:00:00,Unlimited,90,4,4.44%,0,0,0.00%,0.00%,0.00,0.00,0,0,0.00,0.00,19.32,0.00,0.00,0.00%,0.00%,-,-,-
131,Olay Niacinamide Anti Aging Cream Regenerist 50g + Retinol Anti-Aging Cream Skincare [3],Ongoing,Product Ad,4853962533,Auto Targeting,Smart Creative Disabled,Manual Bidding,Search,face cream,Broad Match,12/12/2023 00:00:00,Unlimited,60,1,1.67%,0,0,0.00%,0.00%,0.00,0.00,0,0,0.00,0.00,4.73,0.00,0.00,0.00%,0.00%,-,-,-
132,Olay Niacinamide Anti Aging Cream Regenerist 50g + Retinol Anti-Aging Cream Skincare [3],Ongoing,Product Ad,4853962533,Auto Targeting,Smart Creative Disabled,Manual Bidding,Search,retinol,Broad Match,12/12/2023 00:00:00,Unlimited,23,0,0.00%,0,0,0.00%,0.00%,0.00,0.00,0,0,0.00,0.00,0.00,0.00,0.00,0.00%,0.00%,-,-,-
133,Olay Niacinamide Anti Aging Cream Regenerist 50g + Retinol Anti-Aging Cream Skincare [3],Ongoing,Product Ad,4853962533,Auto Targeting,Smart Creative Disabled,Manual Bidding,Search,regenerist cream,Broad Match,12/12/2023 00:00:00,Unlimited,19,0,0.00%,0,0,0.00%,0.00%,0.00,0.00,0,0,0.00,0.00,0.00,0.00,0.00,0.00%,0.00%,-,-,-
134,Olay Niacinamide Anti Aging Cream Regenerist 50g + Retinol Anti-Aging Cream Skincare [3],Ongoing,Product Ad,4853962533,Auto Targeting,Smart Creative Disabled,Manual Bidding,Search,niacinamide,Broad Match,12/12/2023 00:00:00,Unlimited,17,0,0.00%,0,0,0.00%,0.00%,0.00,0.00,0,0,0.00,0.00,0.00,0.00,0.00,0.00%,0.00%,-,-,-
135,Olay Niacinamide Anti Aging Cream Regenerist 50g + Retinol Anti-Aging Cream Skincare [3],Ongoing,Product Ad,4853962533,Auto Targeting,Smart Creative Disabled,Manual Bidding,Search,skincare,Broad Match,12/12/2023 00:00:00,Unlimited,7,0,0.00%,0,0,0.00%,0.00%,0.00,0.00,0,0,0.00,0.00,0.00,0.00,0.00,0.00%,0.00%,-,-,-
136,Olay Niacinamide Anti Aging Cream Regenerist 50g + Retinol Anti-Aging Cream Skincare [3],Ongoing,Product Ad,4853962533,Auto Targeting,Smart Creative Disabled,Manual Bidding,Search,skin care,Broad Match,12/12/2023 00:00:00,Unlimited,4,0,0.00%,0,0,0.00%,0.00%,0.00,0.00,0,0,0.00,0.00,0.00,0.00,0.00,0.00%,0.00%,-,-,-
137,Olay Niacinamide Anti Aging Cream Regenerist 50g + Retinol Anti-Aging Cream Skincare [3],Ongoing,Product Ad,4853962533,Auto Targeting,Smart Creative Disabled,Manual Bidding,Search,regenerist,Broad Match,12/12/2023 00:00:00,Unlimited,1,0,0.00%,0,0,0.00%,0.00%,0.00,0.00,0,0,0.00,0.00,0.00,0.00,0.00,0.00%,0.00%,-,-,-
138,Olay Luminous Niacinamide + Hyaluron Serum 30ml,Ongoing,Product Ad,25152397032,-,Smart Creative Disabled,Auto Bidding,Discovery,Auto Selected,-,12/12/2023 00:00:00,Unlimited,266,4,1.50%,0,0,0.00%,0.00%,0.00,0.00,0,0,0.00,0.00,12.00,0.00,0.00,0.00%,0.00%,-,-,-
139,Olay Luminous Niacinamide + Hyaluron Serum 30ml,Ongoing,Product Ad,25152397032,-,Smart Creative Disabled,Auto Bidding,Search,Auto Selected,-,12/12/2023 00:00:00,Unlimited,147,2,1.36%,0,0,0.00%,0.00%,0.00,0.00,0,0,0.00,0.00,20.36,0.00,0.00,0.00%,0.00%,-,-,-
140,[LIMITED TIME ONLY] Olay Regenerist Retinol 24 Cream 50g +Luminous Vitamin C 30ml Regimen Bundle [2],Ongoing,Product Ad,23358503322,Auto Targeting,Smart Creative Disabled,Manual Bidding,Search,retinol cream,Broad Match,09/02/2024 00:00:00,Unlimited,376,5,1.33%,0,0,0.00%,0.00%,0.00,0.00,0,0,0.00,0.00,33.90,0.00,0.00,0.00%,0.00%,-,-,-
141,[LIMITED TIME ONLY] Olay Regenerist Retinol 24 Cream 50g +Luminous Vitamin C 30ml Regimen Bundle [2],Ongoing,Product Ad,23358503322,Auto Targeting,Smart Creative Disabled,Manual Bidding,Search,vitamin c serum,Broad Match,09/02/2024 00:00:00,Unlimited,22,1,4.55%,0,0,0.00%,0.00%,0.00,0.00,0,0,0.00,0.00,3.82,0.00,0.00,0.00%,0.00%,-,-,-
142,Olay Total Effects 7 Benefits Gentle Cream Moisturizer with SPF15 50G (Skincare/Anti Aging),Ongoing,Product Ad,4817256687,-,Smart Creative Disabled,Auto Bidding,Search,Auto Selected,-,25/08/2023 00:00:00,Unlimited,396,13,3.28%,2,0,15.38%,0.00%,100.00,0.00,3,0,597.00,0.00,200.00,2.98,0.00,33.50%,0.00%,-,-,-
143,Olay Retinol Anti Aging Serum 30ml + Niacinamide Vitamin C Brightening Serum Luminous Skincare 30ml [2],Ongoing,Product Ad,6969166109,Auto Targeting,Smart Creative Disabled,Manual Bidding,Search,olay,Broad Match,25/08/2023 00:00:00,Unlimited,185,8,4.32%,0,0,0.00%,0.00%,0.00,0.00,0,0,0.00,0.00,25.69,0.00,0.00,0.00%,0.00%,-,-,-
144,Olay Retinol Anti Aging Serum 30ml + Niacinamide Vitamin C Brightening Serum Luminous Skincare 30ml [2],Ongoing,Product Ad,6969166109,Auto Targeting,Smart Creative Disabled,Manual Bidding,Search,olay retinol,Broad Match,25/08/2023 00:00:00,Unlimited,52,2,3.85%,0,0,0.00%,0.00%,0.00,0.00,0,0,0.00,0.00,6.64,0.00,0.00,0.00%,0.00%,-,-,-
145,Olay Retinol Anti Aging Serum 30ml + Niacinamide Vitamin C Brightening Serum Luminous Skincare 30ml [2],Ongoing,Product Ad,6969166109,Auto Targeting,Smart Creative Disabled,Manual Bidding,Search,olay serum,Broad Match,25/08/2023 00:00:00,Unlimited,38,4,10.53%,0,0,0.00%,0.00%,0.00,0.00,0,0,0.00,0.00,10.74,0.00,0.00,0.00%,0.00%,-,-,-
146,Olay Retinol Anti Aging Serum 30ml + Niacinamide Vitamin C Brightening Serum Luminous Skincare 30ml [2],Ongoing,Product Ad,6969166109,Auto Targeting,Smart Creative Disabled,Manual Bidding,Search,retinol,Broad Match,25/08/2023 00:00:00,Unlimited,29,2,6.90%,0,0,0.00%,0.00%,0.00,0.00,0,0,0.00,0.00,7.83,0.00,0.00,0.00%,0.00%,-,-,-
147,Olay Retinol Anti Aging Serum 30ml + Niacinamide Vitamin C Brightening Serum Luminous Skincare 30ml [2],Ongoing,Product Ad,6969166109,Auto Targeting,Smart Creative Disabled,Manual Bidding,Search,vitamin c serum,Broad Match,25/08/2023 00:00:00,Unlimited,29,2,6.90%,0,0,0.00%,0.00%,0.00,0.00,0,0,0.00,0.00,5.03,0.00,0.00,0.00%,0.00%,-,-,-
148,Olay Retinol Anti Aging Serum 30ml + Niacinamide Vitamin C Brightening Serum Luminous Skincare 30ml [2],Ongoing,Product Ad,6969166109,Auto Targeting,Smart Creative Disabled,Manual Bidding,Search,serum,Broad Match,25/08/2023 00:00:00,Unlimited,29,0,0.00%,0,0,0.00%,0.00%,0.00,0.00,0,0,0.00,0.00,0.00,0.00,0.00,0.00%,0.00%,-,-,-
149,Olay Retinol Anti Aging Serum 30ml + Niacinamide Vitamin C Brightening Serum Luminous Skincare 30ml [2],Ongoing,Product Ad,6969166109,Auto Targeting,Smart Creative Disabled,Manual Bidding,Search,retinol cream,Broad Match,25/08/2023 00:00:00,Unlimited,27,0,0.00%,0,0,0.00%,0.00%,0.00,0.00,0,0,0.00,0.00,0.00,0.00,0.00,0.00%,0.00%,-,-,-
150,Olay Retinol Anti Aging Serum 30ml + Niacinamide Vitamin C Brightening Serum Luminous Skincare 30ml [2],Ongoing,Product Ad,6969166109,Auto Targeting,Smart Creative Disabled,Manual Bidding,Search,olay white radiance,Broad Match,25/08/2023 00:00:00,Unlimited,6,0,0.00%,0,0,0.00%,0.00%,0.00,0.00,0,0,0.00,0.00,0.00,0.00,0.00,0.00%,0.00%,-,-,-
151,Olay Luminous Niacinamide + AHA Brightening Serum 30ml + Moisturizer 50g Skincare [2],Ongoing,Product Ad,15246652336,Auto Targeting,Smart Creative Disabled,Manual Bidding,Search,olay serum,Broad Match,25/08/2023 00:00:00,Unlimited,233,4,1.72%,0,0,0.00%,0.00%,0.00,0.00,0,0,0.00,0.00,20.05,0.00,0.00,0.00%,0.00%,-,-,-
152,Olay Luminous Niacinamide + AHA Brightening Serum 30ml + Moisturizer 50g Skincare [2],Ongoing,Product Ad,15246652336,Auto Targeting,Smart Creative Disabled,Manual Bidding,Search,olay white radiance,Broad Match,25/08/2023 00:00:00,Unlimited,112,0,0.00%,0,0,0.00%,0.00%,0.00,0.00,0,0,0.00,0.00,0.00,0.00,0.00,0.00%,0.00%,-,-,-
153,Olay Luminous Niacinamide + AHA Brightening Serum 30ml + Moisturizer 50g Skincare [2],Ongoing,Product Ad,15246652336,Auto Targeting,Smart Creative Disabled,Manual Bidding,Search,serum,Broad Match,25/08/2023 00:00:00,Unlimited,24,1,4.17%,0,0,0.00%,0.00%,0.00,0.00,0,0,0.00,0.00,2.93,0.00,0.00,0.00%,0.00%,-,-,-
154,Olay Luminous Niacinamide + Hyaluron Eye Cream 15ml,Ongoing,Product Ad,22887481349,-,Smart Creative Disabled,Auto Bidding,Discovery,Auto Selected,-,12/12/2023 00:00:00,Unlimited,295,7,2.37%,0,0,0.00%,0.00%,0.00,0.00,0,0,0.00,0.00,16.00,0.00,0.00,0.00%,0.00%,-,-,-
155,Olay Luminous Niacinamide + Hyaluron Eye Cream 15ml,Ongoing,Product Ad,22887481349,-,Smart Creative Disabled,Auto Bidding,Search,Auto Selected,-,12/12/2023 00:00:00,Unlimited,62,4,6.45%,0,0,0.00%,0.00%,0.00,0.00,0,0,0.00,0.00,44.00,0.00,0.00,0.00%,0.00%,-,-,-
156,Olay Regenerist Micro Sculpting UV Cream Anti Aging Moisturizer SPF 30 Skincare 50g [4],Ongoing,Product Ad,6317251827,Auto Targeting,Smart Creative Disabled,Manual Bidding,Search,olay cream,Broad Match,09/02/2024 00:00:00,Unlimited,223,5,2.24%,0,0,0.00%,0.00%,0.00,0.00,0,0,0.00,0.00,26.24,0.00,0.00,0.00%,0.00%,-,-,-
157,Olay Regenerist Micro Sculpting UV Cream Anti Aging Moisturizer SPF 30 Skincare 50g [4],Ongoing,Product Ad,6317251827,Auto Targeting,Smart Creative Disabled,Manual Bidding,Search,moisturizer,Broad Match,09/02/2024 00:00:00,Unlimited,66,1,1.52%,0,0,0.00%,0.00%,0.00,0.00,0,0,0.00,0.00,6.48,0.00,0.00,0.00%,0.00%,-,-,-
158,Olay Regenerist Micro Sculpting UV Cream Anti Aging Moisturizer SPF 30 Skincare 50g [4],Ongoing,Product Ad,6317251827,Auto Targeting,Smart Creative Disabled,Manual Bidding,Search,anti aging cream,Broad Match,09/02/2024 00:00:00,Unlimited,38,1,2.63%,0,0,0.00%,0.00%,0.00,0.00,0,0,0.00,0.00,5.49,0.00,0.00,0.00%,0.00%,-,-,-
159,Olay Regenerist Micro Sculpting UV Cream Anti Aging Moisturizer SPF 30 Skincare 50g [4],Ongoing,Product Ad,6317251827,Auto Targeting,Smart Creative Disabled,Manual Bidding,Search,olay moisturizer,Broad Match,09/02/2024 00:00:00,Unlimited,27,1,3.70%,0,0,0.00%,0.00%,0.00,0.00,0,0,0.00,0.00,2.49,0.00,0.00,0.00%,0.00%,-,-,-
160,Olay Retinol 24 Anti Aging Serum Skincare 30mL Set of 2 [4],Ongoing,Product Ad,6653950417,Auto Targeting,Smart Creative Disabled,Manual Bidding,Search,olay,Broad Match,09/02/2024 00:00:00,Unlimited,220,1,0.45%,0,0,0.00%,0.00%,0.00,0.00,0,0,0.00,0.00,5.60,0.00,0.00,0.00%,0.00%,-,-,-
161,Olay Retinol 24 Anti Aging Serum Skincare 30mL Set of 2 [4],Ongoing,Product Ad,6653950417,Auto Targeting,Smart Creative Disabled,Manual Bidding,Search,serum,Broad Match,09/02/2024 00:00:00,Unlimited,44,2,4.55%,0,0,0.00%,0.00%,0.00,0.00,0,0,0.00,0.00,13.51,0.00,0.00,0.00%,0.00%,-,-,-
162,Olay Retinol 24 Anti Aging Serum Skincare 30mL Set of 2 [4],Ongoing,Product Ad,6653950417,Auto Targeting,Smart Creative Disabled,Manual Bidding,Search,retinol,Broad Match,09/02/2024 00:00:00,Unlimited,42,0,0.00%,0,0,0.00%,0.00%,0.00,0.00,0,0,0.00,0.00,0.00,0.00,0.00,0.00%,0.00%,-,-,-
163,Olay Retinol 24 Anti Aging Serum Skincare 30mL Set of 2 [4],Ongoing,Product Ad,6653950417,Auto Targeting,Smart Creative Disabled,Manual Bidding,Search,olay retinol,Broad Match,09/02/2024 00:00:00,Unlimited,17,0,0.00%,0,0,0.00%,0.00%,0.00,0.00,0,0,0.00,0.00,0.00,0.00,0.00,0.00%,0.00%,-,-,-
164,Olay Retinol 24 Anti Aging Serum Skincare 30mL Set of 2 [4],Ongoing,Product Ad,6653950417,Auto Targeting,Smart Creative Disabled,Manual Bidding,Search,olay serum,Broad Match,09/02/2024 00:00:00,Unlimited,10,0,0.00%,0,0,0.00%,0.00%,0.00,0.00,0,0,0.00,0.00,0.00,0.00,0.00,0.00%,0.00%,-,-,-
165,Olay Skin Regenerist Micro-sculpting Day & Night Ritual Duo Cream (50g/50g) + Retinol 24 Serum 30mL [4],Ongoing,Product Ad,4654277296,-,Smart Creative Disabled,Auto Bidding,Discovery,Auto Selected,-,06/10/2023 00:00:00,Unlimited,274,6,2.19%,0,0,0.00%,0.00%,0.00,0.00,0,0,0.00,0.00,18.00,0.00,0.00,0.00%,0.00%,-,-,-
166,Olay Skin Regenerist Micro-sculpting Day & Night Ritual Duo Cream (50g/50g) + Retinol 24 Serum 30mL [4],Ongoing,Product Ad,4654277296,-,Smart Creative Disabled,Auto Bidding,Search,Auto Selected,-,06/10/2023 00:00:00,Unlimited,44,1,2.27%,0,0,0.00%,0.00%,0.00,0.00,0,0,0.00,0.00,30.85,0.00,0.00,0.00%,0.00%,-,-,-
167,Olay White Radiance Niacinamide + Vitamin C Super Serum 30mL Set of 2 [5],Ongoing,Product Ad,5569165898,-,Smart Creative Disabled,Auto Bidding,Discovery,Auto Selected,-,20/12/2023 00:00:00,Unlimited,218,5,2.29%,0,0,0.00%,0.00%,0.00,0.00,0,0,0.00,0.00,10.30,0.00,0.00,0.00%,0.00%,-,-,-
168,Olay White Radiance Niacinamide + Vitamin C Super Serum 30mL Set of 2 [5],Ongoing,Product Ad,5569165898,-,Smart Creative Disabled,Auto Bidding,Search,Auto Selected,-,20/12/2023 00:00:00,Unlimited,63,1,1.59%,0,0,0.00%,0.00%,0.00,0.00,0,0,0.00,0.00,4.95,0.00,0.00,0.00%,0.00%,-,-,-
169,Olay Regenerist Collagen Peptide24 Skincare Cream Moisturizer & Serum 50 g + 30 ml,Ongoing,Product Ad,17934366448,-,Smart Creative Disabled,Auto Bidding,Search,Auto Selected,-,04/09/2023 00:00:00,Unlimited,271,7,2.58%,0,0,0.00%,0.00%,0.00,0.00,0,0,0.00,0.00,350.00,0.00,0.00,0.00%,0.00%,-,-,-
170,[LIMITED EDITION] Olay Regenerist Micro-Sculpting Cream 50g [5],Ongoing,Product Ad,21354612357,-,Smart Creative Disabled,Auto Bidding,Discovery,Auto Selected,-,09/11/2023 00:00:00,Unlimited,144,2,1.39%,0,0,0.00%,0.00%,0.00,0.00,0,0,0.00,0.00,4.95,0.00,0.00,0.00%,0.00%,-,-,-
171,[LIMITED EDITION] Olay Regenerist Micro-Sculpting Cream 50g [5],Ongoing,Product Ad,21354612357,-,Smart Creative Disabled,Auto Bidding,Search,Auto Selected,-,09/11/2023 00:00:00,Unlimited,59,3,5.08%,0,0,0.00%,0.00%,0.00,0.00,0,0,0.00,0.00,15.38,0.00,0.00,0.00%,0.00%,-,-,-
172,Olay Luminous Niacinamide + AHA Moisturizer 50g (Acne Mark / Dark Spot) [5],Ongoing,Product Ad,14632912068,-,Smart Creative Disabled,Auto Bidding,Discovery,Auto Selected,-,07/11/2023 00:00:00,Unlimited,112,0,0.00%,0,0,0.00%,0.00%,0.00,0.00,0,0,0.00,0.00,0.00,0.00,0.00,0.00%,0.00%,-,-,-
173,Olay Luminous Niacinamide + AHA Moisturizer 50g (Acne Mark / Dark Spot) [5],Ongoing,Product Ad,14632912068,-,Smart Creative Disabled,Auto Bidding,Search,Auto Selected,-,07/11/2023 00:00:00,Unlimited,90,2,2.22%,0,0,0.00%,0.00%,0.00,0.00,0,0,0.00,0.00,20.39,0.00,0.00,0.00%,0.00%,-,-,-
174,Olay Retinol 24 Serum 30mL + White radiance Essence 30mL [5],Ongoing,Product Ad,6854282453,-,Smart Creative Disabled,Auto Bidding,Discovery,Auto Selected,-,07/11/2023 00:00:00,Unlimited,149,4,2.68%,0,0,0.00%,0.00%,0.00,0.00,0,0,0.00,0.00,12.00,0.00,0.00,0.00%,0.00%,-,-,-
175,Olay Retinol 24 Serum 30mL + White radiance Essence 30mL [5],Ongoing,Product Ad,6854282453,-,Smart Creative Disabled,Auto Bidding,Search,Auto Selected,-,07/11/2023 00:00:00,Unlimited,26,0,0.00%,0,0,0.00%,0.00%,0.00,0.00,0,0,0.00,0.00,0.00,0.00,0.00,0.00%,0.00%,-,-,-
176,Olay Retinol 24 Face Cream 50g Set of 2 [2],Ongoing,Product Ad,22620730145,-,Smart Creative Disabled,Auto Bidding,Discovery,Auto Selected,-,30/11/2023 00:00:00,Unlimited,91,8,8.79%,0,0,0.00%,0.00%,0.00,0.00,0,0,0.00,0.00,21.67,0.00,0.00,0.00%,0.00%,-,-,-
177,Olay Retinol 24 Face Cream 50g Set of 2 [2],Ongoing,Product Ad,22620730145,-,Smart Creative Disabled,Auto Bidding,Search,Auto Selected,-,30/11/2023 00:00:00,Unlimited,41,0,0.00%,0,0,0.00%,0.00%,0.00,0.00,0,0,0.00,0.00,0.00,0.00,0.00,0.00%,0.00%,-,-,-
178,Olay White Radiance Light Perfecting Essence Serum 30mL (Skincare/Brightening),Ongoing,Product Ad,3417366470,-,Smart Creative Disabled,Auto Bidding,Search,Auto Selected,-,25/08/2023 00:00:00,Unlimited,66,0,0.00%,0,0,0.00%,0.00%,0.00,0.00,0,0,0.00,0.00,0.00,0.00,0.00,0.00%,0.00%,-,-,-
179,Olay Total Effects 7 Benefits Gentle Cream Moisturizer with SPF15 50G (Skincare/Anti Aging) [4],Paused,Product Ad,4817256687,Auto Targeting,Smart Creative Disabled,Manual Bidding,Discovery,You May Also Like,-,24/08/2023 00:00:00,Unlimited,1106,15,1.36%,0,0,0.00%,0.00%,0.00,0.00,0,0,0.00,0.00,90.00,0.00,0.00,0.00%,0.00%,-,-,-
180,OLAY SKIN_Shop ADS 24823,Ongoing,Shop Ad,-,-,Custom,Manual Bidding,-,cream,Broad Match,24/08/2023 00:00:00,Unlimited,713,24,3.37%,0,0,0.00%,0.00%,0.00,0.00,0,0,0.00,0.00,168.00,0.00,0.00,0.00%,0.00%,6864,39,0.57%
181,OLAY SKIN_Shop ADS 24823,Ongoing,Shop Ad,-,-,Custom,Manual Bidding,-,olay total effects moisturizer,Broad Match,24/08/2023 00:00:00,Unlimited,318,50,15.72%,2,1,4.00%,2.00%,188.00,376.00,2,1,1673.00,1275.00,376.00,4.45,3.39,22.47%,29.49%,6661,161,2.42%
182,OLAY SKIN_Shop ADS 24823,Ongoing,Shop Ad,-,-,Custom,Manual Bidding,-,moisturizer,Broad Match,24/08/2023 00:00:00,Unlimited,273,12,4.40%,0,0,0.00%,0.00%,0.00,0.00,0,0,0.00,0.00,84.00,0.00,0.00,0.00%,0.00%,2707,12,0.44%
183,OLAY SKIN_Shop ADS 24823,Ongoing,Shop Ad,-,-,Custom,Manual Bidding,-,olay day and night cream,Broad Match,24/08/2023 00:00:00,Unlimited,208,17,8.17%,0,0,0.00%,0.00%,0.00,0.00,0,0,0.00,0.00,119.00,0.00,0.00,0.00%,0.00%,2665,15,0.56%
184,OLAY SKIN_Shop ADS 24823,Ongoing,Shop Ad,-,-,Custom,Manual Bidding,-,serum,Broad Match,24/08/2023 00:00:00,Unlimited,201,8,3.98%,0,0,0.00%,0.00%,0.00,0.00,0,0,0.00,0.00,61.00,0.00,0.00,0.00%,0.00%,1885,4,0.21%
185,OLAY SKIN_Shop ADS 24823,Ongoing,Shop Ad,-,-,Custom,Manual Bidding,-,retinol,Broad Match,24/08/2023 00:00:00,Unlimited,176,11,6.25%,0,0,0.00%,0.00%,0.00,0.00,0,0,0.00,0.00,83.00,0.00,0.00,0.00%,0.00%,2255,33,1.46%
186,OLAY SKIN_Shop ADS 24823,Ongoing,Shop Ad,-,-,Custom,Manual Bidding,-,anti aging,Broad Match,24/08/2023 00:00:00,Unlimited,130,10,7.69%,1,0,10.00%,0.00%,77.00,0.00,2,0,398.00,0.00,77.00,5.17,0.00,19.35%,0.00%,1136,14,1.23%
187,OLAY SKIN_Shop ADS 24823,Ongoing,Shop Ad,-,-,Custom,Manual Bidding,-,eye cream,Broad Match,24/08/2023 00:00:00,Unlimited,106,3,2.83%,0,0,0.00%,0.00%,0.00,0.00,0,0,0.00,0.00,22.00,0.00,0.00,0.00%,0.00%,1084,1,0.09%
188,OLAY SKIN_Shop ADS 24823,Ongoing,Shop Ad,-,-,Custom,Manual Bidding,-,collagen cream,Broad Match,24/08/2023 00:00:00,Unlimited,80,4,5.00%,0,0,0.00%,0.00%,0.00,0.00,0,0,0.00,0.00,32.00,0.00,0.00,0.00%,0.00%,468,3,0.64%
189,OLAY SKIN_Shop ADS 24823,Ongoing,Shop Ad,-,-,Custom,Manual Bidding,-,olay moisturizer for face,Broad Match,24/08/2023 00:00:00,Unlimited,64,7,10.94%,0,0,0.00%,0.00%,0.00,0.00,0,0,0.00,0.00,49.00,0.00,0.00,0.00%,0.00%,695,4,0.58%
190,OLAY SKIN_Shop ADS 24823,Ongoing,Shop Ad,-,-,Custom,Manual Bidding,-,olay official store,Broad Match,24/08/2023 00:00:00,Unlimited,61,3,4.92%,0,0,0.00%,0.00%,0.00,0.00,0,0,0.00,0.00,21.00,0.00,0.00,0.00%,0.00%,719,0,0.00%
191,OLAY SKIN_Shop ADS 24823,Ongoing,Shop Ad,-,-,Custom,Manual Bidding,-,niacinamide,Broad Match,24/08/2023 00:00:00,Unlimited,60,3,5.00%,0,0,0.00%,0.00%,0.00,0.00,0,0,0.00,0.00,21.00,0.00,0.00,0.00%,0.00%,434,1,0.23%
192,OLAY SKIN_Shop ADS 24823,Ongoing,Shop Ad,-,-,Custom,Manual Bidding,-,face cream,Broad Match,24/08/2023 00:00:00,Unlimited,49,2,4.08%,0,0,0.00%,0.00%,0.00,0.00,0,0,0.00,0.00,14.00,0.00,0.00,0.00%,0.00%,323,0,0.00%
193,OLAY SKIN_Shop ADS 24823,Ongoing,Shop Ad,-,-,Custom,Manual Bidding,-,olay skin,Broad Match,24/08/2023 00:00:00,Unlimited,37,4,10.81%,0,0,0.00%,0.00%,0.00,0.00,0,0,0.00,0.00,32.00,0.00,0.00,0.00%,0.00%,495,3,0.61%
194,OLAY SKIN_Shop ADS 24823,Ongoing,Shop Ad,-,-,Custom,Manual Bidding,-,collagen,Broad Match,24/08/2023 00:00:00,Unlimited,35,2,5.71%,0,0,0.00%,0.00%,0.00,0.00,0,0,0.00,0.00,14.00,0.00,0.00,0.00%,0.00%,243,2,0.82%
195,OLAY SKIN_Shop ADS 24823,Ongoing,Shop Ad,-,-,Custom,Manual Bidding,-,cleanser,Broad Match,24/08/2023 00:00:00,Unlimited,29,3,10.34%,0,0,0.00%,0.00%,0.00,0.00,0,0,0.00,0.00,21.00,0.00,0.00,0.00%,0.00%,256,3,1.17%
196,OLAY SKIN_Shop ADS 24823,Ongoing,Shop Ad,-,-,Custom,Manual Bidding,-,regenerist,Broad Match,24/08/2023 00:00:00,Unlimited,26,0,0.00%,0,0,0.00%,0.00%,0.00,0.00,0,0,0.00,0.00,0.00,0.00,0.00,0.00%,0.00%,260,0,0.00%
197,OLAY SKIN_Shop ADS 24823,Ongoing,Shop Ad,-,-,Custom,Manual Bidding,-,skin care,Broad Match,24/08/2023 00:00:00,Unlimited,25,2,8.00%,0,0,0.00%,0.00%,0.00,0.00,0,0,0.00,0.00,14.00,0.00,0.00,0.00%,0.00%,219,0,0.00%
198,OLAY SKIN_Shop ADS 24823,Ongoing,Shop Ad,-,-,Custom,Manual Bidding,-,retinol cream,Broad Match,24/08/2023 00:00:00,Unlimited,17,0,0.00%,0,0,0.00%,0.00%,0.00,0.00,0,0,0.00,0.00,0.00,0.00,0.00,0.00%,0.00%,167,0,0.00%
199,OLAY SKIN_Shop ADS 24823,Ongoing,Shop Ad,-,-,Custom,Manual Bidding,-,olay white radiance,Broad Match,24/08/2023 00:00:00,Unlimited,10,2,20.00%,0,0,0.00%,0.00%,0.00,0.00,0,0,0.00,0.00,14.00,0.00,0.00,0.00%,0.00%,249,1,0.40%
200,OLAY SKIN_Shop ADS 24823,Ongoing,Shop Ad,-,-,Custom,Manual Bidding,-,brightening cream,Broad Match,24/08/2023 00:00:00,Unlimited,10,1,10.00%,0,0,0.00%,0.00%,0.00,0.00,0,0,0.00,0.00,7.00,0.00,0.00,0.00%,0.00%,128,0,0.00%
201,OLAY SKIN_Shop ADS 24823,Ongoing,Shop Ad,-,-,Custom,Manual Bidding,-,olay cream day and night,Broad Match,24/08/2023 00:00:00,Unlimited,5,0,0.00%,0,0,0.00%,0.00%,0.00,0.00,0,0,0.00,0.00,0.00,0.00,0.00,0.00%,0.00%,47,0,0.00%
202,OLAY SKIN_Shop ADS 24823,Ongoing,Shop Ad,-,-,Custom,Manual Bidding,-,dark spot,Broad Match,24/08/2023 00:00:00,Unlimited,4,0,0.00%,0,0,0.00%,0.00%,0.00,0.00,0,0,0.00,0.00,0.00,0.00,0.00,0.00%,0.00%,16,0,0.00%
203,OLAY SKIN_Shop ADS 24823,Ongoing,Shop Ad,-,-,Custom,Manual Bidding,-,dark spot cream,Broad Match,24/08/2023 00:00:00,Unlimited,3,0,0.00%,0,0,0.00%,0.00%,0.00,0.00,0,0,0.00,0.00,0.00,0.00,0.00,0.00%,0.00%,12,0,0.00%
204,OLAY SKIN_Shop ADS 24823,Ongoing,Shop Ad,-,-,Custom,Manual Bidding,-,foaming cleanser,Broad Match,24/08/2023 00:00:00,Unlimited,3,0,0.00%,0,0,0.00%,0.00%,0.00,0.00,0,0,0.00,0.00,0.00,0.00,0.00,0.00%,0.00%,15,0,0.00%
205,OLAY SKIN_Shop ADS 24823,Ongoing,Shop Ad,-,-,Custom,Manual Bidding,-,lightening,Broad Match,24/08/2023 00:00:00,Unlimited,2,0,0.00%,0,0,0.00%,0.00%,0.00,0.00,0,0,0.00,0.00,0.00,0.00,0.00,0.00%,0.00%,12,0,0.00%
206,OLAY SKIN_Shop ADS 24823,Ongoing,Shop Ad,-,-,Custom,Manual Bidding,-,olay night cream anti aging,Broad Match,24/08/2023 00:00:00,Unlimited,2,0,0.00%,0,0,0.00%,0.00%,0.00,0.00,0,0,0.00,0.00,0.00,0.00,0.00,0.00%,0.00%,20,0,0.00%
207,OLAY SKIN_Shop ADS 24823,Ongoing,Shop Ad,-,-,Custom,Manual Bidding,-,skincare,Broad Match,24/08/2023 00:00:00,Unlimited,1,0,0.00%,0,0,0.00%,0.00%,0.00,0.00,0,0,0.00,0.00,0.00,0.00,0.00,0.00%,0.00%,5,0,0.00%
