﻿﻿All CPC Ads Report - Shopee Philippines
User Name:,pgolayofficialstore
Shop Name:,Olay Official Store
Shop ID:,221352938
Report Creation Time:,18/03/2024 09:58
Date Period:,14/03/2024 - 14/03/2024

Sequence,Ad Name,Status,Ads Type,Product ID,Audience Targeting,Creative,Bidding Method,Placement,Keyword/Location,Match Type,Start Date,End Date,Impression,Clicks,CTR,Conversions,Direct Conversions,Conversion Rate,Direct Conversion Rate,Cost per Conversion,Cost per Direct Conversion,Items Sold,Direct Items Sold,GMV,Direct GMV,Expense,ROAS,Direct ROAS,ACOS,Direct ACOS,Product Impressions,Product Clicks,Product CTR
1,Olay Regenerist Miracle Boost Youth Pre-Essence 40 ml [5],Ended,Product Ad,5017252295,-,Smart Creative Disabled,Auto Bidding,Discovery,Auto Selected,-,30/11/2023 00:00:00,Unlimited,328,4,1.22%,0,0,0.00%,0.00%,0.00,0.00,0,0,0.00,0.00,12.00,0.00,0.00,0.00%,0.00%,-,-,-
2,Olay Regenerist Miracle Boost Youth Pre-Essence 40 ml [5],Ended,Product Ad,5017252295,-,Smart Creative Disabled,Auto Bidding,Search,Auto Selected,-,30/11/2023 00:00:00,Unlimited,163,3,1.84%,0,0,0.00%,0.00%,0.00,0.00,0,0,0.00,0.00,36.58,0.00,0.00,0.00%,0.00%,-,-,-
3,Olay Total Effects Niacinamide Anti Aging Day Cream Moisturizer & Night Skincare Cream 50g + 50g [2],Ongoing,Product Ad,7717328129,Auto Targeting,Smart Creative Disabled,Manual Bidding,Discovery,You May Also Like,-,24/08/2023 00:00:00,Unlimited,3344,64,1.91%,0,0,0.00%,0.00%,0.00,0.00,0,0,0.00,0.00,380.31,0.00,0.00,0.00%,0.00%,-,-,-
4,Olay Total Effects Niacinamide Anti Aging Day Cream Moisturizer & Night Skincare Cream 50g + 50g [2],Ongoing,Product Ad,7717328129,Auto Targeting,Smart Creative Disabled,Manual Bidding,Discovery,Daily Discover,-,24/08/2023 00:00:00,Unlimited,2866,37,1.29%,0,0,0.00%,0.00%,0.00,0.00,0,0,0.00,0.00,219.69,0.00,0.00,0.00%,0.00%,-,-,-
5,Olay Total Effects Niacinamide Anti Aging Day Cream Moisturizer & Night Skincare Cream 50g + 50g [5],Ongoing,Product Ad,7717328129,-,Smart Creative Disabled,Auto Bidding,Discovery,Auto Selected,-,07/11/2023 00:00:00,Unlimited,4022,70,1.74%,1,1,1.43%,1.43%,192.00,192.00,1,1,1275.00,1275.00,192.00,6.64,6.64,15.06%,15.06%,-,-,-
6,Olay Total Effects Niacinamide Anti Aging Day Cream Moisturizer & Night Skincare Cream 50g + 50g [5],Ongoing,Product Ad,7717328129,-,Smart Creative Disabled,Auto Bidding,Search,Auto Selected,-,07/11/2023 00:00:00,Unlimited,849,59,6.95%,5,3,8.47%,5.08%,81.60,136.00,6,3,5248.00,3825.00,408.00,12.86,9.38,7.77%,10.67%,-,-,-
7,Olay Niacinamide Anti Aging Day Cream + Night Cream Regenerist Skincare 50g [4],Ongoing,Product Ad,4719436395,Auto Targeting,Smart Creative Disabled,Manual Bidding,Discovery,You May Also Like,-,24/08/2023 00:00:00,Unlimited,3005,84,2.80%,0,0,0.00%,0.00%,0.00,0.00,0,0,0.00,0.00,503.64,0.00,0.00,0.00%,0.00%,-,-,-
8,Olay Niacinamide Anti Aging Day Cream + Night Cream Regenerist Skincare 50g [4],Ongoing,Product Ad,4719436395,Auto Targeting,Smart Creative Disabled,Manual Bidding,Discovery,Daily Discover,-,24/08/2023 00:00:00,Unlimited,1839,25,1.36%,0,0,0.00%,0.00%,0.00,0.00,0,0,0.00,0.00,146.36,0.00,0.00,0.00%,0.00%,-,-,-
9,Olay Retinol 24 Anti Aging Face Cream Skincare 50g [5],Ongoing,Product Ad,6153607771,-,Smart Creative Disabled,Auto Bidding,Discovery,Auto Selected,-,07/11/2023 00:00:00,Unlimited,2430,43,1.77%,0,0,0.00%,0.00%,0.00,0.00,0,0,0.00,0.00,121.06,0.00,0.00,0.00%,0.00%,-,-,-
10,Olay Retinol 24 Anti Aging Face Cream Skincare 50g [5],Ongoing,Product Ad,6153607771,-,Smart Creative Disabled,Auto Bidding,Search,Auto Selected,-,07/11/2023 00:00:00,Unlimited,580,24,4.14%,0,0,0.00%,0.00%,0.00,0.00,0,0,0.00,0.00,259.53,0.00,0.00,0.00%,0.00%,-,-,-
11,Olay Retinol Anti Aging Serum 30ml + Niacinamide Vitamin C Brightening Serum Luminous Skincare 30ml [4],Ongoing,Product Ad,6969166109,Auto Targeting,Smart Creative Disabled,Manual Bidding,Discovery,Daily Discover,-,24/08/2023 00:00:00,Unlimited,1383,20,1.45%,0,0,0.00%,0.00%,0.00,0.00,0,0,0.00,0.00,60.00,0.00,0.00,0.00%,0.00%,-,-,-
12,Olay Retinol Anti Aging Serum 30ml + Niacinamide Vitamin C Brightening Serum Luminous Skincare 30ml [4],Ongoing,Product Ad,6969166109,Auto Targeting,Smart Creative Disabled,Manual Bidding,Discovery,You May Also Like,-,24/08/2023 00:00:00,Unlimited,1343,43,3.20%,1,0,2.33%,0.00%,127.39,0.00,1,0,2499.00,0.00,127.39,19.62,0.00,5.10%,0.00%,-,-,-
13,Olay Total Effects Niacinamide Anti Aging Serum Skincare 50ml [4],Ongoing,Product Ad,5517254914,Auto Targeting,Smart Creative Disabled,Manual Bidding,Discovery,You May Also Like,-,24/08/2023 00:00:00,Unlimited,1617,58,3.59%,0,0,0.00%,0.00%,0.00,0.00,0,0,0.00,0.00,344.00,0.00,0.00,0.00%,0.00%,-,-,-
14,Olay Total Effects Niacinamide Anti Aging Serum Skincare 50ml [4],Ongoing,Product Ad,5517254914,Auto Targeting,Smart Creative Disabled,Manual Bidding,Discovery,Daily Discover,-,24/08/2023 00:00:00,Unlimited,1047,26,2.48%,0,0,0.00%,0.00%,0.00,0.00,0,0,0.00,0.00,156.00,0.00,0.00,0.00%,0.00%,-,-,-
15,Olay Niacinamide Anti Aging Cream Regenerist 50g + Retinol Anti-Aging Cream Skincare 50g​ [5],Ongoing,Product Ad,15866804253,-,Smart Creative Disabled,Auto Bidding,Discovery,Auto Selected,-,06/10/2023 00:00:00,Unlimited,2285,23,1.01%,0,0,0.00%,0.00%,0.00,0.00,0,0,0.00,0.00,64.00,0.00,0.00,0.00%,0.00%,-,-,-
16,Olay Niacinamide Anti Aging Cream Regenerist 50g + Retinol Anti-Aging Cream Skincare 50g​ [5],Ongoing,Product Ad,15866804253,-,Smart Creative Disabled,Auto Bidding,Search,Auto Selected,-,06/10/2023 00:00:00,Unlimited,316,14,4.43%,2,1,14.29%,7.14%,66.61,133.21,2,1,5048.00,2549.00,133.21,37.89,19.13,2.64%,5.23%,-,-,-
17,Olay Niacinamide + Vitamin C Brightening Serum Luminous Skincare 30ml​ [4],Ongoing,Product Ad,7369177119,Auto Targeting,Smart Creative Disabled,Manual Bidding,Discovery,You May Also Like,-,24/08/2023 00:00:00,Unlimited,2479,84,3.39%,0,0,0.00%,0.00%,0.00,0.00,0,0,0.00,0.00,500.00,0.00,0.00,0.00%,0.00%,-,-,-
18,Olay Total Effects Night Cream Moisturizer 50 g [2],Ongoing,Product Ad,3715815506,Auto Targeting,Smart Creative Disabled,Manual Bidding,Discovery,You May Also Like,-,24/08/2023 00:00:00,Unlimited,1603,45,2.81%,0,0,0.00%,0.00%,0.00,0.00,0,0,0.00,0.00,268.00,0.00,0.00,0.00%,0.00%,-,-,-
19,Olay Total Effects Night Cream Moisturizer 50 g [2],Ongoing,Product Ad,3715815506,Auto Targeting,Smart Creative Disabled,Manual Bidding,Discovery,Daily Discover,-,24/08/2023 00:00:00,Unlimited,876,22,2.51%,0,0,0.00%,0.00%,0.00,0.00,0,0,0.00,0.00,132.00,0.00,0.00,0.00%,0.00%,-,-,-
20,Olay Retinol 24 Anti Aging Face Cream Skincare 50g [4],Ongoing,Product Ad,6153607771,Auto Targeting,Smart Creative Disabled,Manual Bidding,Discovery,You May Also Like,-,24/08/2023 00:00:00,Unlimited,1201,29,2.41%,0,0,0.00%,0.00%,0.00,0.00,0,0,0.00,0.00,202.00,0.00,0.00,0.00%,0.00%,-,-,-
21,Olay Retinol 24 Anti Aging Face Cream Skincare 50g [4],Ongoing,Product Ad,6153607771,Auto Targeting,Smart Creative Disabled,Manual Bidding,Discovery,Daily Discover,-,24/08/2023 00:00:00,Unlimited,1127,14,1.24%,0,0,0.00%,0.00%,0.00,0.00,0,0,0.00,0.00,98.00,0.00,0.00,0.00%,0.00%,-,-,-
22,Olay Regenerist Collagen Peptide24 Skincare Cream Moisturizer & Serum 50 g + 30 ml [4],Ongoing,Product Ad,17934366448,Auto Targeting,Smart Creative Disabled,Manual Bidding,Discovery,You May Also Like,-,24/08/2023 00:00:00,Unlimited,1683,57,3.39%,1,0,1.75%,0.00%,340.00,0.00,1,0,2079.00,0.00,340.00,6.11,0.00,16.35%,0.00%,-,-,-
23,Olay Regenerist Collagen Peptide24 Skincare Cream Moisturizer & Serum 50 g + 30 ml [4],Ongoing,Product Ad,17934366448,Auto Targeting,Smart Creative Disabled,Manual Bidding,Discovery,Daily Discover,-,24/08/2023 00:00:00,Unlimited,560,10,1.79%,0,0,0.00%,0.00%,0.00,0.00,0,0,0.00,0.00,60.00,0.00,0.00,0.00%,0.00%,-,-,-
24,Olay Luminous Foaming Cleanser Brightening Skincare 100 g [5],Ongoing,Product Ad,7817321843,-,Smart Creative Disabled,Auto Bidding,Discovery,Auto Selected,-,30/11/2023 00:00:00,Unlimited,946,10,1.06%,0,0,0.00%,0.00%,0.00,0.00,0,0,0.00,0.00,26.40,0.00,0.00,0.00%,0.00%,-,-,-
25,Olay Luminous Foaming Cleanser Brightening Skincare 100 g [5],Ongoing,Product Ad,7817321843,-,Smart Creative Disabled,Auto Bidding,Search,Auto Selected,-,30/11/2023 00:00:00,Unlimited,744,12,1.61%,0,0,0.00%,0.00%,0.00,0.00,0,0,0.00,0.00,118.92,0.00,0.00,0.00%,0.00%,-,-,-
26,Olay Luminous Niacinamide + AHA Serum 30ml (Acne Mark / Dark Spot) [2],Ongoing,Product Ad,15232912019,Auto Targeting,Smart Creative Disabled,Manual Bidding,Discovery,You May Also Like,-,24/08/2023 00:00:00,Unlimited,1586,25,1.58%,0,0,0.00%,0.00%,0.00,0.00,0,0,0.00,0.00,150.00,0.00,0.00,0.00%,0.00%,-,-,-
27,Olay Regenerist Collagen Peptide 24 Anti Aging Moisturizer Skincare 50g [2],Ongoing,Product Ad,13513458778,Auto Targeting,Smart Creative Disabled,Manual Bidding,Discovery,You May Also Like,-,24/08/2023 00:00:00,Unlimited,900,37,4.11%,0,0,0.00%,0.00%,0.00,0.00,0,0,0.00,0.00,222.00,0.00,0.00,0.00%,0.00%,-,-,-
28,Olay Regenerist Collagen Peptide 24 Anti Aging Moisturizer Skincare 50g [2],Ongoing,Product Ad,13513458778,Auto Targeting,Smart Creative Disabled,Manual Bidding,Discovery,Daily Discover,-,24/08/2023 00:00:00,Unlimited,605,13,2.15%,0,0,0.00%,0.00%,0.00,0.00,0,0,0.00,0.00,78.00,0.00,0.00,0.00%,0.00%,-,-,-
29,Olay Niacinamide Anti Aging Day Cream + Night Cream Regenerist Skincare 50g [5],Ongoing,Product Ad,4719436395,-,Smart Creative Disabled,Auto Bidding,Discovery,Auto Selected,-,07/11/2023 00:00:00,Unlimited,1278,24,1.88%,0,0,0.00%,0.00%,0.00,0.00,0,0,0.00,0.00,64.00,0.00,0.00,0.00%,0.00%,-,-,-
30,Olay Niacinamide Anti Aging Day Cream + Night Cream Regenerist Skincare 50g [5],Ongoing,Product Ad,4719436395,-,Smart Creative Disabled,Auto Bidding,Search,Auto Selected,-,07/11/2023 00:00:00,Unlimited,227,6,2.64%,0,0,0.00%,0.00%,0.00,0.00,0,0,0.00,0.00,136.00,0.00,0.00,0.00%,0.00%,-,-,-
31,Olay Retinol 24 Anti Aging Serum Skincare 30ml​ [5],Ongoing,Product Ad,6153610671,-,Smart Creative Disabled,Auto Bidding,Discovery,Auto Selected,-,07/11/2023 00:00:00,Unlimited,1247,35,2.81%,0,0,0.00%,0.00%,0.00,0.00,0,0,0.00,0.00,96.00,0.00,0.00,0.00%,0.00%,-,-,-
32,Olay Retinol 24 Anti Aging Serum Skincare 30ml​ [5],Ongoing,Product Ad,6153610671,-,Smart Creative Disabled,Auto Bidding,Search,Auto Selected,-,07/11/2023 00:00:00,Unlimited,224,17,7.59%,0,0,0.00%,0.00%,0.00,0.00,0,0,0.00,0.00,195.90,0.00,0.00,0.00%,0.00%,-,-,-
33,Olay Retinol 24 Anti Aging Face Cream Skincare 50g [2],Ongoing,Product Ad,6153607771,Auto Targeting,Smart Creative Disabled,Manual Bidding,Search,olay,Broad Match,25/08/2023 00:00:00,Unlimited,405,12,2.96%,0,0,0.00%,0.00%,0.00,0.00,0,0,0.00,0.00,68.99,0.00,0.00,0.00%,0.00%,-,-,-
34,Olay Retinol 24 Anti Aging Face Cream Skincare 50g [2],Ongoing,Product Ad,6153607771,Auto Targeting,Smart Creative Disabled,Manual Bidding,Search,retinol cream,Broad Match,25/08/2023 00:00:00,Unlimited,315,17,5.40%,0,0,0.00%,0.00%,0.00,0.00,0,0,0.00,0.00,138.62,0.00,0.00,0.00%,0.00%,-,-,-
35,Olay Retinol 24 Anti Aging Face Cream Skincare 50g [2],Ongoing,Product Ad,6153607771,Auto Targeting,Smart Creative Disabled,Manual Bidding,Search,olay cream,Broad Match,25/08/2023 00:00:00,Unlimited,301,7,2.33%,0,0,0.00%,0.00%,0.00,0.00,0,0,0.00,0.00,44.11,0.00,0.00,0.00%,0.00%,-,-,-
36,Olay Retinol 24 Anti Aging Face Cream Skincare 50g [2],Ongoing,Product Ad,6153607771,Auto Targeting,Smart Creative Disabled,Manual Bidding,Search,face cream,Broad Match,25/08/2023 00:00:00,Unlimited,185,7,3.78%,0,0,0.00%,0.00%,0.00,0.00,0,0,0.00,0.00,66.19,0.00,0.00,0.00%,0.00%,-,-,-
37,Olay Retinol 24 Anti Aging Face Cream Skincare 50g [2],Ongoing,Product Ad,6153607771,Auto Targeting,Smart Creative Disabled,Manual Bidding,Search,olay retinol,Broad Match,25/08/2023 00:00:00,Unlimited,114,8,7.02%,0,0,0.00%,0.00%,0.00,0.00,0,0,0.00,0.00,32.09,0.00,0.00,0.00%,0.00%,-,-,-
38,Olay Retinol 24 Anti Aging Face Cream Skincare 50g [2],Ongoing,Product Ad,6153607771,Auto Targeting,Smart Creative Disabled,Manual Bidding,Search,cream,Broad Match,25/08/2023 00:00:00,Unlimited,84,0,0.00%,0,0,0.00%,0.00%,0.00,0.00,0,0,0.00,0.00,0.00,0.00,0.00,0.00%,0.00%,-,-,-
39,Olay Retinol 24 Anti Aging Face Cream Skincare 50g [2],Ongoing,Product Ad,6153607771,Auto Targeting,Smart Creative Disabled,Manual Bidding,Search,anti aging cream,Broad Match,25/08/2023 00:00:00,Unlimited,36,0,0.00%,0,0,0.00%,0.00%,0.00,0.00,0,0,0.00,0.00,0.00,0.00,0.00,0.00%,0.00%,-,-,-
40,Olay Retinol 24 Anti Aging Face Cream Skincare 50g [2],Ongoing,Product Ad,6153607771,Auto Targeting,Smart Creative Disabled,Manual Bidding,Search,anti aging,Broad Match,25/08/2023 00:00:00,Unlimited,15,0,0.00%,0,0,0.00%,0.00%,0.00,0.00,0,0,0.00,0.00,0.00,0.00,0.00,0.00%,0.00%,-,-,-
41,Olay Retinol 24 Anti Aging Face Cream Skincare 50g [2],Ongoing,Product Ad,6153607771,Auto Targeting,Smart Creative Disabled,Manual Bidding,Search,niacinamide,Broad Match,25/08/2023 00:00:00,Unlimited,12,0,0.00%,0,0,0.00%,0.00%,0.00,0.00,0,0,0.00,0.00,0.00,0.00,0.00,0.00%,0.00%,-,-,-
42,Olay Retinol 24 Anti Aging Face Cream Skincare 50g [2],Ongoing,Product Ad,6153607771,Auto Targeting,Smart Creative Disabled,Manual Bidding,Search,gift for women,Broad Match,25/08/2023 00:00:00,Unlimited,1,0,0.00%,0,0,0.00%,0.00%,0.00,0.00,0,0,0.00,0.00,0.00,0.00,0.00,0.00%,0.00%,-,-,-
43,Olay Total Effects Anti Aging Foaming Cream Cleanser Skincare 100g [2],Ongoing,Product Ad,5915716212,Auto Targeting,Smart Creative Disabled,Manual Bidding,Search,olay cleanser,Broad Match,09/02/2024 00:00:00,Unlimited,958,24,2.51%,3,1,12.50%,4.17%,30.00,89.99,4,2,948.00,470.00,89.99,10.53,5.22,9.49%,19.15%,-,-,-
44,Olay Total Effects Anti Aging Foaming Cream Cleanser Skincare 100g [2],Ongoing,Product Ad,5915716212,Auto Targeting,Smart Creative Disabled,Manual Bidding,Search,facial cleanser,Broad Match,09/02/2024 00:00:00,Unlimited,283,9,3.18%,0,0,0.00%,0.00%,0.00,0.00,0,0,0.00,0.00,36.37,0.00,0.00,0.00%,0.00%,-,-,-
45,Olay Total Effects Anti Aging Foaming Cream Cleanser Skincare 100g [2],Ongoing,Product Ad,5915716212,Auto Targeting,Smart Creative Disabled,Manual Bidding,Search,olay total effects,Broad Match,09/02/2024 00:00:00,Unlimited,119,0,0.00%,0,0,0.00%,0.00%,0.00,0.00,0,0,0.00,0.00,0.00,0.00,0.00,0.00%,0.00%,-,-,-
46,Olay Total Effects Anti Aging Foaming Cream Cleanser Skincare 100g [2],Ongoing,Product Ad,5915716212,Auto Targeting,Smart Creative Disabled,Manual Bidding,Search,cleanser for face,Broad Match,09/02/2024 00:00:00,Unlimited,105,0,0.00%,0,0,0.00%,0.00%,0.00,0.00,0,0,0.00,0.00,0.00,0.00,0.00,0.00%,0.00%,-,-,-
47,Olay Niacinamide Anti Aging Day Cream + Night Cream Regenerist Skincare 50g [2],Ongoing,Product Ad,4719436395,Auto Targeting,Smart Creative Disabled,Manual Bidding,Search,olay,Broad Match,25/08/2023 00:00:00,Unlimited,530,18,3.40%,0,0,0.00%,0.00%,0.00,0.00,0,0,0.00,0.00,124.07,0.00,0.00,0.00%,0.00%,-,-,-
48,Olay Niacinamide Anti Aging Day Cream + Night Cream Regenerist Skincare 50g [2],Ongoing,Product Ad,4719436395,Auto Targeting,Smart Creative Disabled,Manual Bidding,Search,olay total effects night cream,Broad Match,25/08/2023 00:00:00,Unlimited,271,7,2.58%,0,0,0.00%,0.00%,0.00,0.00,0,0,0.00,0.00,45.32,0.00,0.00,0.00%,0.00%,-,-,-
49,Olay Niacinamide Anti Aging Day Cream + Night Cream Regenerist Skincare 50g [2],Ongoing,Product Ad,4719436395,Auto Targeting,Smart Creative Disabled,Manual Bidding,Search,night cream,Broad Match,25/08/2023 00:00:00,Unlimited,184,2,1.09%,0,0,0.00%,0.00%,0.00,0.00,0,0,0.00,0.00,22.28,0.00,0.00,0.00%,0.00%,-,-,-
50,Olay Niacinamide Anti Aging Day Cream + Night Cream Regenerist Skincare 50g [2],Ongoing,Product Ad,4719436395,Auto Targeting,Smart Creative Disabled,Manual Bidding,Search,cream,Broad Match,25/08/2023 00:00:00,Unlimited,163,3,1.84%,0,0,0.00%,0.00%,0.00,0.00,0,0,0.00,0.00,23.55,0.00,0.00,0.00%,0.00%,-,-,-
51,Olay Niacinamide Anti Aging Day Cream + Night Cream Regenerist Skincare 50g [2],Ongoing,Product Ad,4719436395,Auto Targeting,Smart Creative Disabled,Manual Bidding,Search,face cream,Broad Match,25/08/2023 00:00:00,Unlimited,121,5,4.13%,0,0,0.00%,0.00%,0.00,0.00,0,0,0.00,0.00,37.00,0.00,0.00,0.00%,0.00%,-,-,-
52,Olay Niacinamide Anti Aging Day Cream + Night Cream Regenerist Skincare 50g [2],Ongoing,Product Ad,4719436395,Auto Targeting,Smart Creative Disabled,Manual Bidding,Search,olay official store,Broad Match,25/08/2023 00:00:00,Unlimited,95,2,2.11%,0,0,0.00%,0.00%,0.00,0.00,0,0,0.00,0.00,17.83,0.00,0.00,0.00%,0.00%,-,-,-
53,Olay Niacinamide Anti Aging Day Cream + Night Cream Regenerist Skincare 50g [2],Ongoing,Product Ad,4719436395,Auto Targeting,Smart Creative Disabled,Manual Bidding,Search,anti aging,Broad Match,25/08/2023 00:00:00,Unlimited,62,3,4.84%,0,0,0.00%,0.00%,0.00,0.00,0,0,0.00,0.00,19.04,0.00,0.00,0.00%,0.00%,-,-,-
54,Olay Niacinamide Anti Aging Day Cream + Night Cream Regenerist Skincare 50g [2],Ongoing,Product Ad,4719436395,Auto Targeting,Smart Creative Disabled,Manual Bidding,Search,skin care,Broad Match,25/08/2023 00:00:00,Unlimited,12,1,8.33%,0,0,0.00%,0.00%,0.00,0.00,0,0,0.00,0.00,10.91,0.00,0.00,0.00%,0.00%,-,-,-
55,Olay Niacinamide Anti Aging Day Cream + Night Cream Regenerist Skincare 50g [2],Ongoing,Product Ad,4719436395,Auto Targeting,Smart Creative Disabled,Manual Bidding,Search,olay total effects,Broad Match,25/08/2023 00:00:00,Unlimited,8,0,0.00%,0,0,0.00%,0.00%,0.00,0.00,0,0,0.00,0.00,0.00,0.00,0.00,0.00%,0.00%,-,-,-
56,Olay Niacinamide Anti Aging Day Cream + Night Cream Regenerist Skincare 50g [2],Ongoing,Product Ad,4719436395,Auto Targeting,Smart Creative Disabled,Manual Bidding,Search,regenerist cream,Broad Match,25/08/2023 00:00:00,Unlimited,6,0,0.00%,0,0,0.00%,0.00%,0.00,0.00,0,0,0.00,0.00,0.00,0.00,0.00,0.00%,0.00%,-,-,-
57,Olay Total Effects Niacinamide Anti Aging Serum Skincare 50ml [2],Ongoing,Product Ad,5517254914,Auto Targeting,Smart Creative Disabled,Manual Bidding,Search,olay cream,Broad Match,25/08/2023 00:00:00,Unlimited,786,18,2.29%,1,1,5.56%,5.56%,114.63,114.63,1,1,863.00,863.00,114.63,7.53,7.53,13.28%,13.28%,-,-,-
58,Olay Total Effects Niacinamide Anti Aging Serum Skincare 50ml [2],Ongoing,Product Ad,5517254914,Auto Targeting,Smart Creative Disabled,Manual Bidding,Search,face serum,Broad Match,25/08/2023 00:00:00,Unlimited,496,10,2.02%,0,0,0.00%,0.00%,0.00,0.00,0,0,0.00,0.00,67.67,0.00,0.00,0.00%,0.00%,-,-,-
59,Olay Total Effects Niacinamide Anti Aging Serum Skincare 50ml [2],Ongoing,Product Ad,5517254914,Auto Targeting,Smart Creative Disabled,Manual Bidding,Search,anti aging serum,Broad Match,25/08/2023 00:00:00,Unlimited,66,1,1.52%,0,0,0.00%,0.00%,0.00,0.00,0,0,0.00,0.00,4.95,0.00,0.00,0.00%,0.00%,-,-,-
60,Olay Total Effects Niacinamide Anti Aging Serum Skincare 50ml [2],Ongoing,Product Ad,5517254914,Auto Targeting,Smart Creative Disabled,Manual Bidding,Search,olay total effects,Broad Match,25/08/2023 00:00:00,Unlimited,37,2,5.41%,0,0,0.00%,0.00%,0.00,0.00,0,0,0.00,0.00,12.75,0.00,0.00,0.00%,0.00%,-,-,-
61,Olay Total Effects Niacinamide Anti Aging Serum Skincare 50ml [2],Ongoing,Product Ad,5517254914,Auto Targeting,Smart Creative Disabled,Manual Bidding,Search,niacinamide serum,Broad Match,25/08/2023 00:00:00,Unlimited,18,0,0.00%,0,0,0.00%,0.00%,0.00,0.00,0,0,0.00,0.00,0.00,0.00,0.00,0.00%,0.00%,-,-,-
62,Olay Total Effects Niacinamide Anti Aging Serum Skincare 50ml [2],Ongoing,Product Ad,5517254914,Auto Targeting,Smart Creative Disabled,Manual Bidding,Search,olay niacinamide,Broad Match,25/08/2023 00:00:00,Unlimited,5,0,0.00%,0,0,0.00%,0.00%,0.00,0.00,0,0,0.00,0.00,0.00,0.00,0.00,0.00%,0.00%,-,-,-
63,Olay Luminous Niacinamide + AHA Brightening Serum 30ml + Moisturizer 50g Skincare [5],Ongoing,Product Ad,15246652336,-,Smart Creative Disabled,Auto Bidding,Discovery,Auto Selected,-,07/11/2023 00:00:00,Unlimited,1216,16,1.32%,0,0,0.00%,0.00%,0.00,0.00,0,0,0.00,0.00,48.00,0.00,0.00,0.00%,0.00%,-,-,-
64,Olay Luminous Niacinamide + AHA Brightening Serum 30ml + Moisturizer 50g Skincare [5],Ongoing,Product Ad,15246652336,-,Smart Creative Disabled,Auto Bidding,Search,Auto Selected,-,07/11/2023 00:00:00,Unlimited,165,4,2.42%,1,1,25.00%,25.00%,136.00,136.00,1,1,2715.00,2715.00,136.00,19.96,19.96,5.01%,5.01%,-,-,-
65,Olay Total Effects Niacinamide Anti Aging Day Cream Moisturizer & Night Skincare Cream 50g + 50g [4],Ongoing,Product Ad,7717328129,Auto Targeting,Smart Creative Disabled,Manual Bidding,Search,olay,Broad Match,25/08/2023 00:00:00,Unlimited,317,14,4.42%,1,0,7.14%,0.00%,98.33,0.00,2,0,124.00,0.00,98.33,1.26,0.00,79.30%,0.00%,-,-,-
66,Olay Total Effects Niacinamide Anti Aging Day Cream Moisturizer & Night Skincare Cream 50g + 50g [4],Ongoing,Product Ad,7717328129,Auto Targeting,Smart Creative Disabled,Manual Bidding,Search,anti aging cream,Broad Match,25/08/2023 00:00:00,Unlimited,218,7,3.21%,0,0,0.00%,0.00%,0.00,0.00,0,0,0.00,0.00,52.47,0.00,0.00,0.00%,0.00%,-,-,-
67,Olay Total Effects Niacinamide Anti Aging Day Cream Moisturizer & Night Skincare Cream 50g + 50g [4],Ongoing,Product Ad,7717328129,Auto Targeting,Smart Creative Disabled,Manual Bidding,Search,olay moisturizer,Broad Match,25/08/2023 00:00:00,Unlimited,184,5,2.72%,0,0,0.00%,0.00%,0.00,0.00,0,0,0.00,0.00,32.60,0.00,0.00,0.00%,0.00%,-,-,-
68,Olay Total Effects Niacinamide Anti Aging Day Cream Moisturizer & Night Skincare Cream 50g + 50g [4],Ongoing,Product Ad,7717328129,Auto Targeting,Smart Creative Disabled,Manual Bidding,Search,olay cream,Broad Match,25/08/2023 00:00:00,Unlimited,164,8,4.88%,0,0,0.00%,0.00%,0.00,0.00,0,0,0.00,0.00,50.84,0.00,0.00,0.00%,0.00%,-,-,-
69,Olay Total Effects Niacinamide Anti Aging Day Cream Moisturizer & Night Skincare Cream 50g + 50g [4],Ongoing,Product Ad,7717328129,Auto Targeting,Smart Creative Disabled,Manual Bidding,Search,olay cream day and night,Broad Match,25/08/2023 00:00:00,Unlimited,150,2,1.33%,0,0,0.00%,0.00%,0.00,0.00,0,0,0.00,0.00,15.24,0.00,0.00,0.00%,0.00%,-,-,-
70,Olay Total Effects Niacinamide Anti Aging Day Cream Moisturizer & Night Skincare Cream 50g + 50g [4],Ongoing,Product Ad,7717328129,Auto Targeting,Smart Creative Disabled,Manual Bidding,Search,olay retinol,Broad Match,25/08/2023 00:00:00,Unlimited,65,0,0.00%,0,0,0.00%,0.00%,0.00,0.00,0,0,0.00,0.00,0.00,0.00,0.00,0.00%,0.00%,-,-,-
71,Olay Total Effects Niacinamide Anti Aging Day Cream Moisturizer & Night Skincare Cream 50g + 50g [4],Ongoing,Product Ad,7717328129,Auto Targeting,Smart Creative Disabled,Manual Bidding,Search,olay night cream,Broad Match,25/08/2023 00:00:00,Unlimited,38,2,5.26%,0,0,0.00%,0.00%,0.00,0.00,0,0,0.00,0.00,18.03,0.00,0.00,0.00%,0.00%,-,-,-
72,Olay Total Effects Niacinamide Anti Aging Day Cream Moisturizer & Night Skincare Cream 50g + 50g [4],Ongoing,Product Ad,7717328129,Auto Targeting,Smart Creative Disabled,Manual Bidding,Search,olay total effects,Broad Match,25/08/2023 00:00:00,Unlimited,29,2,6.90%,0,0,0.00%,0.00%,0.00,0.00,0,0,0.00,0.00,10.81,0.00,0.00,0.00%,0.00%,-,-,-
73,Olay Total Effects Niacinamide Anti Aging Day Cream Moisturizer & Night Skincare Cream 50g + 50g [4],Ongoing,Product Ad,7717328129,Auto Targeting,Smart Creative Disabled,Manual Bidding,Search,olay anti aging cream,Broad Match,25/08/2023 00:00:00,Unlimited,24,3,12.50%,0,0,0.00%,0.00%,0.00,0.00,0,0,0.00,0.00,21.68,0.00,0.00,0.00%,0.00%,-,-,-
74,Olay Total Effects Niacinamide Anti Aging Day Cream Moisturizer & Night Skincare Cream 50g + 50g [4],Ongoing,Product Ad,7717328129,Auto Targeting,Smart Creative Disabled,Manual Bidding,Search,collagen cream,Broad Match,25/08/2023 00:00:00,Unlimited,20,0,0.00%,0,0,0.00%,0.00%,0.00,0.00,0,0,0.00,0.00,0.00,0.00,0.00,0.00%,0.00%,-,-,-
75,Olay Total Effects Niacinamide Anti Aging Day Cream Moisturizer & Night Skincare Cream 50g + 50g [4],Ongoing,Product Ad,7717328129,Auto Targeting,Smart Creative Disabled,Manual Bidding,Search,moisturizer,Broad Match,25/08/2023 00:00:00,Unlimited,3,0,0.00%,0,0,0.00%,0.00%,0.00,0.00,0,0,0.00,0.00,0.00,0.00,0.00,0.00%,0.00%,-,-,-
76,Olay Total Effects Niacinamide Anti Aging Day Cream Moisturizer & Night Skincare Cream 50g + 50g [4],Ongoing,Product Ad,7717328129,Auto Targeting,Smart Creative Disabled,Manual Bidding,Search,cream,Broad Match,25/08/2023 00:00:00,Unlimited,1,0,0.00%,0,0,0.00%,0.00%,0.00,0.00,0,0,0.00,0.00,0.00,0.00,0.00,0.00%,0.00%,-,-,-
77,Olay Niacinamide Anti Aging Cream Regenerist 50g + Retinol Anti-Aging Cream Skincare,Ongoing,Product Ad,4853962533,Auto Targeting,Smart Creative Disabled,Manual Bidding,Discovery,You May Also Like,-,24/08/2023 00:00:00,Unlimited,1164,67,5.76%,0,0,0.00%,0.00%,0.00,0.00,0,0,0.00,0.00,400.00,0.00,0.00,0.00%,0.00%,-,-,-
78,Olay Retinol 24 Face Cream 50g Set of 2,Ongoing,Product Ad,22620730145,Auto Targeting,Smart Creative Disabled,Manual Bidding,Discovery,You May Also Like,-,11/11/2023 00:00:00,Unlimited,690,26,3.77%,0,0,0.00%,0.00%,0.00,0.00,0,0,0.00,0.00,188.15,0.00,0.00,0.00%,0.00%,-,-,-
79,Olay Retinol 24 Face Cream 50g Set of 2,Ongoing,Product Ad,22620730145,Auto Targeting,Smart Creative Disabled,Manual Bidding,Discovery,Daily Discover,-,11/11/2023 00:00:00,Unlimited,436,15,3.44%,0,0,0.00%,0.00%,0.00,0.00,0,0,0.00,0.00,111.85,0.00,0.00,0.00%,0.00%,-,-,-
80,Olay Regenerist Collagen Peptide24 Moisturiser 50g Set of 2,Ongoing,Product Ad,18972050720,Auto Targeting,Smart Creative Disabled,Manual Bidding,Discovery,You May Also Like,-,11/11/2023 00:00:00,Unlimited,995,24,2.41%,0,0,0.00%,0.00%,0.00,0.00,0,0,0.00,0.00,134.31,0.00,0.00,0.00%,0.00%,-,-,-
81,Olay Regenerist Collagen Peptide24 Moisturiser 50g Set of 2,Ongoing,Product Ad,18972050720,Auto Targeting,Smart Creative Disabled,Manual Bidding,Discovery,Daily Discover,-,11/11/2023 00:00:00,Unlimited,103,4,3.88%,0,0,0.00%,0.00%,0.00,0.00,0,0,0.00,0.00,15.69,0.00,0.00,0.00%,0.00%,-,-,-
82,Olay Niacinamide + Vitamin C Brightening Serum Luminous Skincare 30ml​ [5],Ongoing,Product Ad,7369177119,-,Smart Creative Disabled,Auto Bidding,Discovery,Auto Selected,-,07/11/2023 00:00:00,Unlimited,915,20,2.19%,0,0,0.00%,0.00%,0.00,0.00,0,0,0.00,0.00,54.95,0.00,0.00,0.00%,0.00%,-,-,-
83,Olay Niacinamide + Vitamin C Brightening Serum Luminous Skincare 30ml​ [5],Ongoing,Product Ad,7369177119,-,Smart Creative Disabled,Auto Bidding,Search,Auto Selected,-,07/11/2023 00:00:00,Unlimited,180,11,6.11%,1,0,9.09%,0.00%,136.00,0.00,1,0,2499.00,0.00,136.00,18.38,0.00,5.44%,0.00%,-,-,-
84,Olay Retinol 24 Serum 30mL + White radiance Essence 30mL [4],Ongoing,Product Ad,6854282453,Auto Targeting,Smart Creative Disabled,Manual Bidding,Discovery,You May Also Like,-,11/11/2023 00:00:00,Unlimited,972,33,3.40%,0,0,0.00%,0.00%,0.00,0.00,0,0,0.00,0.00,200.00,0.00,0.00,0.00%,0.00%,-,-,-
85,Olay Retinol 24 Serum 30mL + White radiance Essence 30mL [4],Ongoing,Product Ad,6854282453,Auto Targeting,Smart Creative Disabled,Manual Bidding,Discovery,Daily Discover,-,11/11/2023 00:00:00,Unlimited,3,0,0.00%,0,0,0.00%,0.00%,0.00,0.00,0,0,0.00,0.00,0.00,0.00,0.00,0.00%,0.00%,-,-,-
86,Olay Luminous Niacinamide + Hyaluron Moisturizer 50g,Ongoing,Product Ad,22087480279,-,Smart Creative Disabled,Auto Bidding,Discovery,Auto Selected,-,12/12/2023 00:00:00,Unlimited,825,14,1.70%,0,0,0.00%,0.00%,0.00,0.00,0,0,0.00,0.00,36.95,0.00,0.00,0.00%,0.00%,-,-,-
87,Olay Luminous Niacinamide + Hyaluron Moisturizer 50g,Ongoing,Product Ad,22087480279,-,Smart Creative Disabled,Auto Bidding,Search,Auto Selected,-,12/12/2023 00:00:00,Unlimited,147,4,2.72%,0,0,0.00%,0.00%,0.00,0.00,0,0,0.00,0.00,60.27,0.00,0.00,0.00%,0.00%,-,-,-
88,Olay Retinol 24 Anti Aging Serum Skincare 30ml​ [4],Ongoing,Product Ad,6153610671,Auto Targeting,Smart Creative Disabled,Manual Bidding,Discovery,You May Also Like,-,24/08/2023 00:00:00,Unlimited,503,24,4.77%,0,0,0.00%,0.00%,0.00,0.00,0,0,0.00,0.00,140.00,0.00,0.00,0.00%,0.00%,-,-,-
89,Olay Retinol 24 Anti Aging Serum Skincare 30ml​ [4],Ongoing,Product Ad,6153610671,Auto Targeting,Smart Creative Disabled,Manual Bidding,Discovery,Daily Discover,-,24/08/2023 00:00:00,Unlimited,437,10,2.29%,0,0,0.00%,0.00%,0.00,0.00,0,0,0.00,0.00,60.00,0.00,0.00,0.00%,0.00%,-,-,-
90,Olay White Radiance Niacinamide + Vitamin C Super Serum 30mL Set of 2 [4],Ongoing,Product Ad,5569165898,Auto Targeting,Smart Creative Disabled,Manual Bidding,Discovery,You May Also Like,-,11/11/2023 00:00:00,Unlimited,562,21,3.74%,0,0,0.00%,0.00%,0.00,0.00,0,0,0.00,0.00,137.02,0.00,0.00,0.00%,0.00%,-,-,-
91,Olay White Radiance Niacinamide + Vitamin C Super Serum 30mL Set of 2 [4],Ongoing,Product Ad,5569165898,Auto Targeting,Smart Creative Disabled,Manual Bidding,Discovery,Daily Discover,-,11/11/2023 00:00:00,Unlimited,370,9,2.43%,0,0,0.00%,0.00%,0.00,0.00,0,0,0.00,0.00,62.98,0.00,0.00,0.00%,0.00%,-,-,-
92,Olay Retinol 24 MAX Anti Aging Serum Skincare 30ml,Ongoing,Product Ad,25506491547,Auto Targeting,Smart Creative Disabled,Manual Bidding,Search,olay,Broad Match,24/01/2024 00:00:00,Unlimited,419,5,1.19%,0,0,0.00%,0.00%,0.00,0.00,0,0,0.00,0.00,32.58,0.00,0.00,0.00%,0.00%,-,-,-
93,Olay Retinol 24 MAX Anti Aging Serum Skincare 30ml,Ongoing,Product Ad,25506491547,Auto Targeting,Smart Creative Disabled,Manual Bidding,Search,retinol,Broad Match,24/01/2024 00:00:00,Unlimited,137,2,1.46%,0,0,0.00%,0.00%,0.00,0.00,0,0,0.00,0.00,10.66,0.00,0.00,0.00%,0.00%,-,-,-
94,Olay Retinol 24 MAX Anti Aging Serum Skincare 30ml,Ongoing,Product Ad,25506491547,Auto Targeting,Smart Creative Disabled,Manual Bidding,Search,serum,Broad Match,24/01/2024 00:00:00,Unlimited,96,0,0.00%,0,0,0.00%,0.00%,0.00,0.00,0,0,0.00,0.00,0.00,0.00,0.00,0.00%,0.00%,-,-,-
95,Olay Retinol 24 MAX Anti Aging Serum Skincare 30ml,Ongoing,Product Ad,25506491547,Auto Targeting,Smart Creative Disabled,Manual Bidding,Search,retinol cream,Broad Match,24/01/2024 00:00:00,Unlimited,54,0,0.00%,0,0,0.00%,0.00%,0.00,0.00,0,0,0.00,0.00,0.00,0.00,0.00,0.00%,0.00%,-,-,-
96,Olay Retinol 24 MAX Anti Aging Serum Skincare 30ml,Ongoing,Product Ad,25506491547,Auto Targeting,Smart Creative Disabled,Manual Bidding,Search,olay retinol,Broad Match,24/01/2024 00:00:00,Unlimited,52,5,9.62%,0,0,0.00%,0.00%,0.00,0.00,0,0,0.00,0.00,24.29,0.00,0.00,0.00%,0.00%,-,-,-
97,Olay Retinol 24 MAX Anti Aging Serum Skincare 30ml,Ongoing,Product Ad,25506491547,Auto Targeting,Smart Creative Disabled,Manual Bidding,Search,olay serum,Broad Match,24/01/2024 00:00:00,Unlimited,46,0,0.00%,0,0,0.00%,0.00%,0.00,0.00,0,0,0.00,0.00,0.00,0.00,0.00,0.00%,0.00%,-,-,-
98,Olay Retinol 24 MAX Anti Aging Serum Skincare 30ml,Ongoing,Product Ad,25506491547,Auto Targeting,Smart Creative Disabled,Manual Bidding,Search,anti aging,Broad Match,24/01/2024 00:00:00,Unlimited,14,0,0.00%,0,0,0.00%,0.00%,0.00,0.00,0,0,0.00,0.00,0.00,0.00,0.00,0.00%,0.00%,-,-,-
99,Olay Retinol 24 MAX Anti Aging Serum Skincare 30ml,Ongoing,Product Ad,25506491547,Auto Targeting,Smart Creative Disabled,Manual Bidding,Search,skin care,Broad Match,24/01/2024 00:00:00,Unlimited,11,0,0.00%,0,0,0.00%,0.00%,0.00,0.00,0,0,0.00,0.00,0.00,0.00,0.00,0.00%,0.00%,-,-,-
100,Olay Retinol 24 MAX Anti Aging Serum Skincare 30ml,Ongoing,Product Ad,25506491547,Auto Targeting,Smart Creative Disabled,Manual Bidding,Search,skincare,Broad Match,24/01/2024 00:00:00,Unlimited,11,0,0.00%,0,0,0.00%,0.00%,0.00,0.00,0,0,0.00,0.00,0.00,0.00,0.00,0.00%,0.00%,-,-,-
101,Olay Retinol 24 MAX Anti Aging Serum Skincare 30ml,Ongoing,Product Ad,25506491547,Auto Targeting,Smart Creative Disabled,Manual Bidding,Search,regenerist cream,Broad Match,24/01/2024 00:00:00,Unlimited,2,0,0.00%,0,0,0.00%,0.00%,0.00,0.00,0,0,0.00,0.00,0.00,0.00,0.00,0.00%,0.00%,-,-,-
102,Olay Regenerist Collagen Peptide 24 Anti Aging Moisturizer Skincare 50g [4],Ongoing,Product Ad,13513458778,Auto Targeting,Smart Creative Disabled,Manual Bidding,Search,olay,Broad Match,25/08/2023 00:00:00,Unlimited,246,3,1.22%,0,0,0.00%,0.00%,0.00,0.00,0,0,0.00,0.00,20.43,0.00,0.00,0.00%,0.00%,-,-,-
103,Olay Regenerist Collagen Peptide 24 Anti Aging Moisturizer Skincare 50g [4],Ongoing,Product Ad,13513458778,Auto Targeting,Smart Creative Disabled,Manual Bidding,Search,olay cream,Broad Match,25/08/2023 00:00:00,Unlimited,186,3,1.61%,0,0,0.00%,0.00%,0.00,0.00,0,0,0.00,0.00,20.33,0.00,0.00,0.00%,0.00%,-,-,-
104,Olay Regenerist Collagen Peptide 24 Anti Aging Moisturizer Skincare 50g [4],Ongoing,Product Ad,13513458778,Auto Targeting,Smart Creative Disabled,Manual Bidding,Search,moisturizer,Broad Match,25/08/2023 00:00:00,Unlimited,104,5,4.81%,0,0,0.00%,0.00%,0.00,0.00,0,0,0.00,0.00,37.47,0.00,0.00,0.00%,0.00%,-,-,-
105,Olay Regenerist Collagen Peptide 24 Anti Aging Moisturizer Skincare 50g [4],Ongoing,Product Ad,13513458778,Auto Targeting,Smart Creative Disabled,Manual Bidding,Search,olay regenerist,Broad Match,25/08/2023 00:00:00,Unlimited,41,2,4.88%,0,0,0.00%,0.00%,0.00,0.00,0,0,0.00,0.00,10.19,0.00,0.00,0.00%,0.00%,-,-,-
106,Olay Regenerist Collagen Peptide 24 Anti Aging Moisturizer Skincare 50g [4],Ongoing,Product Ad,13513458778,Auto Targeting,Smart Creative Disabled,Manual Bidding,Search,collagen,Broad Match,25/08/2023 00:00:00,Unlimited,37,0,0.00%,0,0,0.00%,0.00%,0.00,0.00,0,0,0.00,0.00,0.00,0.00,0.00,0.00%,0.00%,-,-,-
107,Olay Regenerist Collagen Peptide 24 Anti Aging Moisturizer Skincare 50g [4],Ongoing,Product Ad,13513458778,Auto Targeting,Smart Creative Disabled,Manual Bidding,Search,collagen serum,Broad Match,25/08/2023 00:00:00,Unlimited,34,1,2.94%,0,0,0.00%,0.00%,0.00,0.00,0,0,0.00,0.00,11.58,0.00,0.00,0.00%,0.00%,-,-,-
108,Olay Regenerist Collagen Peptide 24 Anti Aging Moisturizer Skincare 50g [4],Ongoing,Product Ad,13513458778,Auto Targeting,Smart Creative Disabled,Manual Bidding,Search,olay anti aging,Broad Match,25/08/2023 00:00:00,Unlimited,24,0,0.00%,0,0,0.00%,0.00%,0.00,0.00,0,0,0.00,0.00,0.00,0.00,0.00,0.00%,0.00%,-,-,-
109,Olay Regenerist Collagen Peptide 24 Anti Aging Moisturizer Skincare 50g [4],Ongoing,Product Ad,13513458778,Auto Targeting,Smart Creative Disabled,Manual Bidding,Search,collagen cream,Broad Match,25/08/2023 00:00:00,Unlimited,15,0,0.00%,0,0,0.00%,0.00%,0.00,0.00,0,0,0.00,0.00,0.00,0.00,0.00,0.00%,0.00%,-,-,-
110,Olay Regenerist Collagen Peptide 24 Anti Aging Moisturizer Skincare 50g [4],Ongoing,Product Ad,13513458778,Auto Targeting,Smart Creative Disabled,Manual Bidding,Search,anti aging,Broad Match,25/08/2023 00:00:00,Unlimited,8,0,0.00%,0,0,0.00%,0.00%,0.00,0.00,0,0,0.00,0.00,0.00,0.00,0.00,0.00%,0.00%,-,-,-
111,Olay Regenerist Collagen Peptide 24 Anti Aging Moisturizer Skincare 50g [4],Ongoing,Product Ad,13513458778,Auto Targeting,Smart Creative Disabled,Manual Bidding,Search,anti aging cream,Broad Match,25/08/2023 00:00:00,Unlimited,7,0,0.00%,0,0,0.00%,0.00%,0.00,0.00,0,0,0.00,0.00,0.00,0.00,0.00,0.00%,0.00%,-,-,-
112,Olay Retinol 24 Anti Aging Serum Skincare 30ml​ [2],Ongoing,Product Ad,6153610671,Auto Targeting,Smart Creative Disabled,Manual Bidding,Search,olay retinol,Broad Match,25/08/2023 00:00:00,Unlimited,307,16,5.21%,1,0,6.25%,0.00%,108.32,0.00,1,0,2685.00,0.00,108.32,24.79,0.00,4.03%,0.00%,-,-,-
113,Olay Retinol 24 Anti Aging Serum Skincare 30ml​ [2],Ongoing,Product Ad,6153610671,Auto Targeting,Smart Creative Disabled,Manual Bidding,Search,olay,Broad Match,25/08/2023 00:00:00,Unlimited,194,5,2.58%,0,0,0.00%,0.00%,0.00,0.00,0,0,0.00,0.00,36.24,0.00,0.00,0.00%,0.00%,-,-,-
114,Olay Retinol 24 Anti Aging Serum Skincare 30ml​ [2],Ongoing,Product Ad,6153610671,Auto Targeting,Smart Creative Disabled,Manual Bidding,Search,olay cream,Broad Match,25/08/2023 00:00:00,Unlimited,77,1,1.30%,0,0,0.00%,0.00%,0.00,0.00,0,0,0.00,0.00,7.56,0.00,0.00,0.00%,0.00%,-,-,-
115,Olay Retinol 24 Anti Aging Serum Skincare 30ml​ [2],Ongoing,Product Ad,6153610671,Auto Targeting,Smart Creative Disabled,Manual Bidding,Search,olay serum,Broad Match,25/08/2023 00:00:00,Unlimited,68,4,5.88%,0,0,0.00%,0.00%,0.00,0.00,0,0,0.00,0.00,27.89,0.00,0.00,0.00%,0.00%,-,-,-
116,Olay Retinol 24 Anti Aging Serum Skincare 30ml​ [2],Ongoing,Product Ad,6153610671,Auto Targeting,Smart Creative Disabled,Manual Bidding,Search,skincare,Broad Match,25/08/2023 00:00:00,Unlimited,3,0,0.00%,0,0,0.00%,0.00%,0.00,0.00,0,0,0.00,0.00,0.00,0.00,0.00,0.00%,0.00%,-,-,-
117,Olay Retinol 24 Anti Aging Serum Skincare 30ml​ [2],Ongoing,Product Ad,6153610671,Auto Targeting,Smart Creative Disabled,Manual Bidding,Search,skin care,Broad Match,25/08/2023 00:00:00,Unlimited,2,0,0.00%,0,0,0.00%,0.00%,0.00,0.00,0,0,0.00,0.00,0.00,0.00,0.00,0.00%,0.00%,-,-,-
118,Olay Retinol 24 MAX Anti Aging Face Cream Skincare 50g,Ongoing,Product Ad,24256492294,Auto Targeting,Smart Creative Disabled,Manual Bidding,Search,olay,Broad Match,24/01/2024 00:00:00,Unlimited,366,6,1.64%,0,0,0.00%,0.00%,0.00,0.00,0,0,0.00,0.00,32.83,0.00,0.00,0.00%,0.00%,-,-,-
119,Olay Retinol 24 MAX Anti Aging Face Cream Skincare 50g,Ongoing,Product Ad,24256492294,Auto Targeting,Smart Creative Disabled,Manual Bidding,Search,olay retinol,Broad Match,24/01/2024 00:00:00,Unlimited,100,9,9.00%,0,0,0.00%,0.00%,0.00,0.00,0,0,0.00,0.00,48.91,0.00,0.00,0.00%,0.00%,-,-,-
120,Olay Retinol 24 MAX Anti Aging Face Cream Skincare 50g,Ongoing,Product Ad,24256492294,Auto Targeting,Smart Creative Disabled,Manual Bidding,Search,retinol,Broad Match,24/01/2024 00:00:00,Unlimited,84,1,1.19%,0,0,0.00%,0.00%,0.00,0.00,0,0,0.00,0.00,6.88,0.00,0.00,0.00%,0.00%,-,-,-
121,Olay Retinol 24 MAX Anti Aging Face Cream Skincare 50g,Ongoing,Product Ad,24256492294,Auto Targeting,Smart Creative Disabled,Manual Bidding,Search,face cream,Broad Match,24/01/2024 00:00:00,Unlimited,40,1,2.50%,0,0,0.00%,0.00%,0.00,0.00,0,0,0.00,0.00,7.00,0.00,0.00,0.00%,0.00%,-,-,-
122,Olay Retinol 24 MAX Anti Aging Face Cream Skincare 50g,Ongoing,Product Ad,24256492294,Auto Targeting,Smart Creative Disabled,Manual Bidding,Search,cream,Broad Match,24/01/2024 00:00:00,Unlimited,21,0,0.00%,0,0,0.00%,0.00%,0.00,0.00,0,0,0.00,0.00,0.00,0.00,0.00,0.00%,0.00%,-,-,-
123,Olay Retinol 24 MAX Anti Aging Face Cream Skincare 50g,Ongoing,Product Ad,24256492294,Auto Targeting,Smart Creative Disabled,Manual Bidding,Search,moisturizer,Broad Match,24/01/2024 00:00:00,Unlimited,18,2,11.11%,0,0,0.00%,0.00%,0.00,0.00,0,0,0.00,0.00,4.38,0.00,0.00,0.00%,0.00%,-,-,-
124,Olay Retinol 24 MAX Anti Aging Face Cream Skincare 50g,Ongoing,Product Ad,24256492294,Auto Targeting,Smart Creative Disabled,Manual Bidding,Search,anti aging cream,Broad Match,24/01/2024 00:00:00,Unlimited,11,0,0.00%,0,0,0.00%,0.00%,0.00,0.00,0,0,0.00,0.00,0.00,0.00,0.00,0.00%,0.00%,-,-,-
125,Olay Retinol 24 MAX Anti Aging Face Cream Skincare 50g,Ongoing,Product Ad,24256492294,Auto Targeting,Smart Creative Disabled,Manual Bidding,Search,skin care,Broad Match,24/01/2024 00:00:00,Unlimited,5,0,0.00%,0,0,0.00%,0.00%,0.00,0.00,0,0,0.00,0.00,0.00,0.00,0.00,0.00%,0.00%,-,-,-
126,Olay Retinol 24 MAX Anti Aging Face Cream Skincare 50g,Ongoing,Product Ad,24256492294,Auto Targeting,Smart Creative Disabled,Manual Bidding,Search,regenerist cream,Broad Match,24/01/2024 00:00:00,Unlimited,1,0,0.00%,0,0,0.00%,0.00%,0.00,0.00,0,0,0.00,0.00,0.00,0.00,0.00,0.00%,0.00%,-,-,-
127,Olay Retinol 24 MAX Anti Aging Face Cream Skincare 50g,Ongoing,Product Ad,24256492294,Auto Targeting,Smart Creative Disabled,Manual Bidding,Search,skincare,Broad Match,24/01/2024 00:00:00,Unlimited,1,0,0.00%,0,0,0.00%,0.00%,0.00,0.00,0,0,0.00,0.00,0.00,0.00,0.00,0.00%,0.00%,-,-,-
128,Olay Luminous Hyaluron+Niacinamide Gel Cream and Serum Set,Ongoing,Product Ad,25102396653,-,Smart Creative Disabled,Auto Bidding,Discovery,Auto Selected,-,12/12/2023 00:00:00,Unlimited,505,7,1.39%,0,0,0.00%,0.00%,0.00,0.00,0,0,0.00,0.00,21.00,0.00,0.00,0.00%,0.00%,-,-,-
129,Olay Luminous Hyaluron+Niacinamide Gel Cream and Serum Set,Ongoing,Product Ad,25102396653,-,Smart Creative Disabled,Auto Bidding,Search,Auto Selected,-,12/12/2023 00:00:00,Unlimited,102,2,1.96%,0,0,0.00%,0.00%,0.00,0.00,0,0,0.00,0.00,15.99,0.00,0.00,0.00%,0.00%,-,-,-
130,Olay Regenerist Collagen Peptide24 Skincare Cream Moisturizer & Serum 50 g + 30 ml,Ongoing,Product Ad,17934366448,-,Smart Creative Disabled,Auto Bidding,Search,Auto Selected,-,04/09/2023 00:00:00,Unlimited,599,13,2.17%,0,0,0.00%,0.00%,0.00,0.00,0,0,0.00,0.00,286.27,0.00,0.00,0.00%,0.00%,-,-,-
131,Olay Niacinamide Anti Aging Cream Regenerist 50g + Retinol Anti-Aging Cream Skincare [3],Ongoing,Product Ad,4853962533,Auto Targeting,Smart Creative Disabled,Manual Bidding,Search,olay regenerist,Broad Match,12/12/2023 00:00:00,Unlimited,390,5,1.28%,0,0,0.00%,0.00%,0.00,0.00,0,0,0.00,0.00,19.00,0.00,0.00,0.00%,0.00%,-,-,-
132,Olay Niacinamide Anti Aging Cream Regenerist 50g + Retinol Anti-Aging Cream Skincare [3],Ongoing,Product Ad,4853962533,Auto Targeting,Smart Creative Disabled,Manual Bidding,Search,retinol cream,Broad Match,12/12/2023 00:00:00,Unlimited,84,1,1.19%,0,0,0.00%,0.00%,0.00,0.00,0,0,0.00,0.00,3.77,0.00,0.00,0.00%,0.00%,-,-,-
133,Olay Niacinamide Anti Aging Cream Regenerist 50g + Retinol Anti-Aging Cream Skincare [3],Ongoing,Product Ad,4853962533,Auto Targeting,Smart Creative Disabled,Manual Bidding,Search,face cream,Broad Match,12/12/2023 00:00:00,Unlimited,67,2,2.99%,0,0,0.00%,0.00%,0.00,0.00,0,0,0.00,0.00,10.02,0.00,0.00,0.00%,0.00%,-,-,-
134,Olay Niacinamide Anti Aging Cream Regenerist 50g + Retinol Anti-Aging Cream Skincare [3],Ongoing,Product Ad,4853962533,Auto Targeting,Smart Creative Disabled,Manual Bidding,Search,retinol,Broad Match,12/12/2023 00:00:00,Unlimited,16,0,0.00%,0,0,0.00%,0.00%,0.00,0.00,0,0,0.00,0.00,0.00,0.00,0.00,0.00%,0.00%,-,-,-
135,Olay Niacinamide Anti Aging Cream Regenerist 50g + Retinol Anti-Aging Cream Skincare [3],Ongoing,Product Ad,4853962533,Auto Targeting,Smart Creative Disabled,Manual Bidding,Search,niacinamide,Broad Match,12/12/2023 00:00:00,Unlimited,14,0,0.00%,0,0,0.00%,0.00%,0.00,0.00,0,0,0.00,0.00,0.00,0.00,0.00,0.00%,0.00%,-,-,-
136,Olay Niacinamide Anti Aging Cream Regenerist 50g + Retinol Anti-Aging Cream Skincare [3],Ongoing,Product Ad,4853962533,Auto Targeting,Smart Creative Disabled,Manual Bidding,Search,skin care,Broad Match,12/12/2023 00:00:00,Unlimited,5,0,0.00%,0,0,0.00%,0.00%,0.00,0.00,0,0,0.00,0.00,0.00,0.00,0.00,0.00%,0.00%,-,-,-
137,Olay Niacinamide Anti Aging Cream Regenerist 50g + Retinol Anti-Aging Cream Skincare [3],Ongoing,Product Ad,4853962533,Auto Targeting,Smart Creative Disabled,Manual Bidding,Search,regenerist cream,Broad Match,12/12/2023 00:00:00,Unlimited,4,0,0.00%,0,0,0.00%,0.00%,0.00,0.00,0,0,0.00,0.00,0.00,0.00,0.00,0.00%,0.00%,-,-,-
138,Olay Niacinamide Anti Aging Cream Regenerist 50g + Retinol Anti-Aging Cream Skincare [3],Ongoing,Product Ad,4853962533,Auto Targeting,Smart Creative Disabled,Manual Bidding,Search,regenerist,Broad Match,12/12/2023 00:00:00,Unlimited,3,0,0.00%,0,0,0.00%,0.00%,0.00,0.00,0,0,0.00,0.00,0.00,0.00,0.00,0.00%,0.00%,-,-,-
139,Olay Niacinamide Anti Aging Cream Regenerist 50g + Retinol Anti-Aging Cream Skincare [3],Ongoing,Product Ad,4853962533,Auto Targeting,Smart Creative Disabled,Manual Bidding,Search,skincare,Broad Match,12/12/2023 00:00:00,Unlimited,2,0,0.00%,0,0,0.00%,0.00%,0.00,0.00,0,0,0.00,0.00,0.00,0.00,0.00,0.00%,0.00%,-,-,-
140,Olay Luminous Niacinamide + Hyaluron Serum 30ml,Ongoing,Product Ad,25152397032,-,Smart Creative Disabled,Auto Bidding,Discovery,Auto Selected,-,12/12/2023 00:00:00,Unlimited,379,2,0.53%,0,0,0.00%,0.00%,0.00,0.00,0,0,0.00,0.00,4.65,0.00,0.00,0.00%,0.00%,-,-,-
141,Olay Luminous Niacinamide + Hyaluron Serum 30ml,Ongoing,Product Ad,25152397032,-,Smart Creative Disabled,Auto Bidding,Search,Auto Selected,-,12/12/2023 00:00:00,Unlimited,160,1,0.62%,0,0,0.00%,0.00%,0.00,0.00,0,0,0.00,0.00,8.14,0.00,0.00,0.00%,0.00%,-,-,-
142,Olay Luminous Niacinamide + Hyaluron Eye Cream 15ml,Ongoing,Product Ad,22887481349,-,Smart Creative Disabled,Auto Bidding,Discovery,Auto Selected,-,12/12/2023 00:00:00,Unlimited,388,6,1.55%,0,0,0.00%,0.00%,0.00,0.00,0,0,0.00,0.00,18.00,0.00,0.00,0.00%,0.00%,-,-,-
143,Olay Luminous Niacinamide + Hyaluron Eye Cream 15ml,Ongoing,Product Ad,22887481349,-,Smart Creative Disabled,Auto Bidding,Search,Auto Selected,-,12/12/2023 00:00:00,Unlimited,130,5,3.85%,0,0,0.00%,0.00%,0.00,0.00,0,0,0.00,0.00,25.07,0.00,0.00,0.00%,0.00%,-,-,-
144,Olay Luminous Niacinamide + AHA Brightening Serum 30ml + Moisturizer 50g Skincare [2],Ongoing,Product Ad,15246652336,Auto Targeting,Smart Creative Disabled,Manual Bidding,Search,olay serum,Broad Match,25/08/2023 00:00:00,Unlimited,296,7,2.36%,0,0,0.00%,0.00%,0.00,0.00,0,0,0.00,0.00,39.72,0.00,0.00,0.00%,0.00%,-,-,-
145,Olay Luminous Niacinamide + AHA Brightening Serum 30ml + Moisturizer 50g Skincare [2],Ongoing,Product Ad,15246652336,Auto Targeting,Smart Creative Disabled,Manual Bidding,Search,olay white radiance,Broad Match,25/08/2023 00:00:00,Unlimited,148,1,0.68%,0,0,0.00%,0.00%,0.00,0.00,0,0,0.00,0.00,6.66,0.00,0.00,0.00%,0.00%,-,-,-
146,Olay Luminous Niacinamide + AHA Brightening Serum 30ml + Moisturizer 50g Skincare [2],Ongoing,Product Ad,15246652336,Auto Targeting,Smart Creative Disabled,Manual Bidding,Search,serum,Broad Match,25/08/2023 00:00:00,Unlimited,26,1,3.85%,0,0,0.00%,0.00%,0.00,0.00,0,0,0.00,0.00,3.21,0.00,0.00,0.00%,0.00%,-,-,-
147,Olay Retinol Anti Aging Serum 30ml + Niacinamide Vitamin C Brightening Serum Luminous Skincare 30ml [2],Ongoing,Product Ad,6969166109,Auto Targeting,Smart Creative Disabled,Manual Bidding,Search,olay,Broad Match,25/08/2023 00:00:00,Unlimited,181,2,1.10%,0,0,0.00%,0.00%,0.00,0.00,0,0,0.00,0.00,6.30,0.00,0.00,0.00%,0.00%,-,-,-
148,Olay Retinol Anti Aging Serum 30ml + Niacinamide Vitamin C Brightening Serum Luminous Skincare 30ml [2],Ongoing,Product Ad,6969166109,Auto Targeting,Smart Creative Disabled,Manual Bidding,Search,olay serum,Broad Match,25/08/2023 00:00:00,Unlimited,53,4,7.55%,0,0,0.00%,0.00%,0.00,0.00,0,0,0.00,0.00,8.48,0.00,0.00,0.00%,0.00%,-,-,-
149,Olay Retinol Anti Aging Serum 30ml + Niacinamide Vitamin C Brightening Serum Luminous Skincare 30ml [2],Ongoing,Product Ad,6969166109,Auto Targeting,Smart Creative Disabled,Manual Bidding,Search,retinol,Broad Match,25/08/2023 00:00:00,Unlimited,47,2,4.26%,0,0,0.00%,0.00%,0.00,0.00,0,0,0.00,0.00,5.90,0.00,0.00,0.00%,0.00%,-,-,-
150,Olay Retinol Anti Aging Serum 30ml + Niacinamide Vitamin C Brightening Serum Luminous Skincare 30ml [2],Ongoing,Product Ad,6969166109,Auto Targeting,Smart Creative Disabled,Manual Bidding,Search,serum,Broad Match,25/08/2023 00:00:00,Unlimited,39,1,2.56%,0,0,0.00%,0.00%,0.00,0.00,0,0,0.00,0.00,3.78,0.00,0.00,0.00%,0.00%,-,-,-
151,Olay Retinol Anti Aging Serum 30ml + Niacinamide Vitamin C Brightening Serum Luminous Skincare 30ml [2],Ongoing,Product Ad,6969166109,Auto Targeting,Smart Creative Disabled,Manual Bidding,Search,olay retinol,Broad Match,25/08/2023 00:00:00,Unlimited,38,2,5.26%,0,0,0.00%,0.00%,0.00,0.00,0,0,0.00,0.00,7.41,0.00,0.00,0.00%,0.00%,-,-,-
152,Olay Retinol Anti Aging Serum 30ml + Niacinamide Vitamin C Brightening Serum Luminous Skincare 30ml [2],Ongoing,Product Ad,6969166109,Auto Targeting,Smart Creative Disabled,Manual Bidding,Search,retinol cream,Broad Match,25/08/2023 00:00:00,Unlimited,28,2,7.14%,0,0,0.00%,0.00%,0.00,0.00,0,0,0.00,0.00,7.14,0.00,0.00,0.00%,0.00%,-,-,-
153,Olay Retinol Anti Aging Serum 30ml + Niacinamide Vitamin C Brightening Serum Luminous Skincare 30ml [2],Ongoing,Product Ad,6969166109,Auto Targeting,Smart Creative Disabled,Manual Bidding,Search,vitamin c serum,Broad Match,25/08/2023 00:00:00,Unlimited,13,0,0.00%,0,0,0.00%,0.00%,0.00,0.00,0,0,0.00,0.00,0.00,0.00,0.00,0.00%,0.00%,-,-,-
154,Olay Retinol Anti Aging Serum 30ml + Niacinamide Vitamin C Brightening Serum Luminous Skincare 30ml [2],Ongoing,Product Ad,6969166109,Auto Targeting,Smart Creative Disabled,Manual Bidding,Search,olay white radiance,Broad Match,25/08/2023 00:00:00,Unlimited,2,0,0.00%,0,0,0.00%,0.00%,0.00,0.00,0,0,0.00,0.00,0.00,0.00,0.00,0.00%,0.00%,-,-,-
155,Olay Retinol 24 Anti Aging Serum Skincare 30mL Set of 2 [4],Ongoing,Product Ad,6653950417,Auto Targeting,Smart Creative Disabled,Manual Bidding,Search,olay,Broad Match,09/02/2024 00:00:00,Unlimited,236,1,0.42%,0,0,0.00%,0.00%,0.00,0.00,0,0,0.00,0.00,5.97,0.00,0.00,0.00%,0.00%,-,-,-
156,Olay Retinol 24 Anti Aging Serum Skincare 30mL Set of 2 [4],Ongoing,Product Ad,6653950417,Auto Targeting,Smart Creative Disabled,Manual Bidding,Search,retinol,Broad Match,09/02/2024 00:00:00,Unlimited,61,1,1.64%,0,0,0.00%,0.00%,0.00,0.00,0,0,0.00,0.00,7.00,0.00,0.00,0.00%,0.00%,-,-,-
157,Olay Retinol 24 Anti Aging Serum Skincare 30mL Set of 2 [4],Ongoing,Product Ad,6653950417,Auto Targeting,Smart Creative Disabled,Manual Bidding,Search,serum,Broad Match,09/02/2024 00:00:00,Unlimited,39,0,0.00%,0,0,0.00%,0.00%,0.00,0.00,0,0,0.00,0.00,0.00,0.00,0.00,0.00%,0.00%,-,-,-
158,Olay Retinol 24 Anti Aging Serum Skincare 30mL Set of 2 [4],Ongoing,Product Ad,6653950417,Auto Targeting,Smart Creative Disabled,Manual Bidding,Search,olay retinol,Broad Match,09/02/2024 00:00:00,Unlimited,22,2,9.09%,0,0,0.00%,0.00%,0.00,0.00,0,0,0.00,0.00,13.71,0.00,0.00,0.00%,0.00%,-,-,-
159,Olay Retinol 24 Anti Aging Serum Skincare 30mL Set of 2 [4],Ongoing,Product Ad,6653950417,Auto Targeting,Smart Creative Disabled,Manual Bidding,Search,olay serum,Broad Match,09/02/2024 00:00:00,Unlimited,20,0,0.00%,0,0,0.00%,0.00%,0.00,0.00,0,0,0.00,0.00,0.00,0.00,0.00,0.00%,0.00%,-,-,-
160,Olay Total Effects 7 Benefits Gentle Cream Moisturizer with SPF15 50G (Skincare/Anti Aging),Ongoing,Product Ad,4817256687,-,Smart Creative Disabled,Auto Bidding,Search,Auto Selected,-,25/08/2023 00:00:00,Unlimited,377,11,2.92%,1,1,9.09%,9.09%,154.69,154.69,1,1,953.00,953.00,154.69,6.16,6.16,16.23%,16.23%,-,-,-
161,[LIMITED TIME ONLY] Olay Regenerist Retinol 24 Cream 50g +Luminous Vitamin C 30ml Regimen Bundle [2],Ongoing,Product Ad,23358503322,Auto Targeting,Smart Creative Disabled,Manual Bidding,Search,retinol cream,Broad Match,09/02/2024 00:00:00,Unlimited,327,6,1.83%,0,0,0.00%,0.00%,0.00,0.00,0,0,0.00,0.00,40.94,0.00,0.00,0.00%,0.00%,-,-,-
162,[LIMITED TIME ONLY] Olay Regenerist Retinol 24 Cream 50g +Luminous Vitamin C 30ml Regimen Bundle [2],Ongoing,Product Ad,23358503322,Auto Targeting,Smart Creative Disabled,Manual Bidding,Search,vitamin c serum,Broad Match,09/02/2024 00:00:00,Unlimited,15,1,6.67%,0,0,0.00%,0.00%,0.00,0.00,0,0,0.00,0.00,4.97,0.00,0.00,0.00%,0.00%,-,-,-
163,Olay Regenerist Micro Sculpting UV Cream Anti Aging Moisturizer SPF 30 Skincare 50g [4],Ongoing,Product Ad,6317251827,Auto Targeting,Smart Creative Disabled,Manual Bidding,Search,olay cream,Broad Match,09/02/2024 00:00:00,Unlimited,221,4,1.81%,0,0,0.00%,0.00%,0.00,0.00,0,0,0.00,0.00,15.93,0.00,0.00,0.00%,0.00%,-,-,-
164,Olay Regenerist Micro Sculpting UV Cream Anti Aging Moisturizer SPF 30 Skincare 50g [4],Ongoing,Product Ad,6317251827,Auto Targeting,Smart Creative Disabled,Manual Bidding,Search,moisturizer,Broad Match,09/02/2024 00:00:00,Unlimited,65,0,0.00%,0,0,0.00%,0.00%,0.00,0.00,0,0,0.00,0.00,0.00,0.00,0.00,0.00%,0.00%,-,-,-
165,Olay Regenerist Micro Sculpting UV Cream Anti Aging Moisturizer SPF 30 Skincare 50g [4],Ongoing,Product Ad,6317251827,Auto Targeting,Smart Creative Disabled,Manual Bidding,Search,olay moisturizer,Broad Match,09/02/2024 00:00:00,Unlimited,27,0,0.00%,0,0,0.00%,0.00%,0.00,0.00,0,0,0.00,0.00,0.00,0.00,0.00,0.00%,0.00%,-,-,-
166,Olay Regenerist Micro Sculpting UV Cream Anti Aging Moisturizer SPF 30 Skincare 50g [4],Ongoing,Product Ad,6317251827,Auto Targeting,Smart Creative Disabled,Manual Bidding,Search,anti aging cream,Broad Match,09/02/2024 00:00:00,Unlimited,21,1,4.76%,0,0,0.00%,0.00%,0.00,0.00,0,0,0.00,0.00,5.21,0.00,0.00,0.00%,0.00%,-,-,-
167,Olay Skin Regenerist Micro-sculpting Day & Night Ritual Duo Cream (50g/50g) + Retinol 24 Serum 30mL [4],Ongoing,Product Ad,4654277296,-,Smart Creative Disabled,Auto Bidding,Discovery,Auto Selected,-,06/10/2023 00:00:00,Unlimited,256,4,1.56%,0,0,0.00%,0.00%,0.00,0.00,0,0,0.00,0.00,10.57,0.00,0.00,0.00%,0.00%,-,-,-
168,Olay Skin Regenerist Micro-sculpting Day & Night Ritual Duo Cream (50g/50g) + Retinol 24 Serum 30mL [4],Ongoing,Product Ad,4654277296,-,Smart Creative Disabled,Auto Bidding,Search,Auto Selected,-,06/10/2023 00:00:00,Unlimited,49,2,4.08%,0,0,0.00%,0.00%,0.00,0.00,0,0,0.00,0.00,20.16,0.00,0.00,0.00%,0.00%,-,-,-
169,Olay White Radiance Niacinamide + Vitamin C Super Serum 30mL Set of 2 [5],Ongoing,Product Ad,5569165898,-,Smart Creative Disabled,Auto Bidding,Discovery,Auto Selected,-,20/12/2023 00:00:00,Unlimited,203,3,1.48%,0,0,0.00%,0.00%,0.00,0.00,0,0,0.00,0.00,9.00,0.00,0.00,0.00%,0.00%,-,-,-
170,Olay White Radiance Niacinamide + Vitamin C Super Serum 30mL Set of 2 [5],Ongoing,Product Ad,5569165898,-,Smart Creative Disabled,Auto Bidding,Search,Auto Selected,-,20/12/2023 00:00:00,Unlimited,21,2,9.52%,0,0,0.00%,0.00%,0.00,0.00,0,0,0.00,0.00,68.00,0.00,0.00,0.00%,0.00%,-,-,-
171,Olay Luminous Niacinamide + AHA Moisturizer 50g (Acne Mark / Dark Spot) [5],Ongoing,Product Ad,14632912068,-,Smart Creative Disabled,Auto Bidding,Discovery,Auto Selected,-,07/11/2023 00:00:00,Unlimited,130,1,0.77%,0,0,0.00%,0.00%,0.00,0.00,0,0,0.00,0.00,3.00,0.00,0.00,0.00%,0.00%,-,-,-
172,Olay Luminous Niacinamide + AHA Moisturizer 50g (Acne Mark / Dark Spot) [5],Ongoing,Product Ad,14632912068,-,Smart Creative Disabled,Auto Bidding,Search,Auto Selected,-,07/11/2023 00:00:00,Unlimited,75,0,0.00%,0,0,0.00%,0.00%,0.00,0.00,0,0,0.00,0.00,0.00,0.00,0.00,0.00%,0.00%,-,-,-
173,[LIMITED EDITION] Olay Regenerist Micro-Sculpting Cream 50g [5],Ongoing,Product Ad,21354612357,-,Smart Creative Disabled,Auto Bidding,Discovery,Auto Selected,-,09/11/2023 00:00:00,Unlimited,143,3,2.10%,0,0,0.00%,0.00%,0.00,0.00,0,0,0.00,0.00,7.65,0.00,0.00,0.00%,0.00%,-,-,-
174,[LIMITED EDITION] Olay Regenerist Micro-Sculpting Cream 50g [5],Ongoing,Product Ad,21354612357,-,Smart Creative Disabled,Auto Bidding,Search,Auto Selected,-,09/11/2023 00:00:00,Unlimited,57,0,0.00%,1,0,0.00%,0.00%,0.00,0.00,1,0,2299.00,0.00,0.00,0.00,0.00,0.00%,0.00%,-,-,-
175,Olay Retinol 24 Face Cream 50g Set of 2 [2],Ongoing,Product Ad,22620730145,-,Smart Creative Disabled,Auto Bidding,Discovery,Auto Selected,-,30/11/2023 00:00:00,Unlimited,157,7,4.46%,0,0,0.00%,0.00%,0.00,0.00,0,0,0.00,0.00,16.56,0.00,0.00,0.00%,0.00%,-,-,-
176,Olay Retinol 24 Face Cream 50g Set of 2 [2],Ongoing,Product Ad,22620730145,-,Smart Creative Disabled,Auto Bidding,Search,Auto Selected,-,30/11/2023 00:00:00,Unlimited,18,2,11.11%,0,0,0.00%,0.00%,0.00,0.00,0,0,0.00,0.00,55.21,0.00,0.00,0.00%,0.00%,-,-,-
177,Olay Retinol 24 Serum 30mL + White radiance Essence 30mL [5],Ongoing,Product Ad,6854282453,-,Smart Creative Disabled,Auto Bidding,Discovery,Auto Selected,-,07/11/2023 00:00:00,Unlimited,141,1,0.71%,0,0,0.00%,0.00%,0.00,0.00,0,0,0.00,0.00,3.00,0.00,0.00,0.00%,0.00%,-,-,-
178,Olay Retinol 24 Serum 30mL + White radiance Essence 30mL [5],Ongoing,Product Ad,6854282453,-,Smart Creative Disabled,Auto Bidding,Search,Auto Selected,-,07/11/2023 00:00:00,Unlimited,30,0,0.00%,0,0,0.00%,0.00%,0.00,0.00,0,0,0.00,0.00,0.00,0.00,0.00,0.00%,0.00%,-,-,-
179,Olay White Radiance Light Perfecting Essence Serum 30mL (Skincare/Brightening),Ongoing,Product Ad,3417366470,-,Smart Creative Disabled,Auto Bidding,Search,Auto Selected,-,25/08/2023 00:00:00,Unlimited,95,1,1.05%,0,0,0.00%,0.00%,0.00,0.00,0,0,0.00,0.00,0.80,0.00,0.00,0.00%,0.00%,-,-,-
180,OLAY SKIN_Shop ADS 24823,Ongoing,Shop Ad,-,-,Custom,Manual Bidding,-,cream,Broad Match,24/08/2023 00:00:00,Unlimited,603,23,3.81%,0,0,0.00%,0.00%,0.00,0.00,0,0,0.00,0.00,161.00,0.00,0.00,0.00%,0.00%,5689,16,0.28%
181,OLAY SKIN_Shop ADS 24823,Ongoing,Shop Ad,-,-,Custom,Manual Bidding,-,olay total effects moisturizer,Broad Match,24/08/2023 00:00:00,Unlimited,368,49,13.32%,4,3,8.16%,6.12%,98.00,130.67,4,3,5116.00,2431.00,392.00,13.05,6.20,7.66%,16.13%,4815,54,1.12%
182,OLAY SKIN_Shop ADS 24823,Ongoing,Shop Ad,-,-,Custom,Manual Bidding,-,moisturizer,Broad Match,24/08/2023 00:00:00,Unlimited,299,12,4.01%,0,0,0.00%,0.00%,0.00,0.00,0,0,0.00,0.00,84.00,0.00,0.00,0.00%,0.00%,2873,15,0.52%
183,OLAY SKIN_Shop ADS 24823,Ongoing,Shop Ad,-,-,Custom,Manual Bidding,-,retinol,Broad Match,24/08/2023 00:00:00,Unlimited,272,7,2.57%,0,0,0.00%,0.00%,0.00,0.00,0,0,0.00,0.00,56.00,0.00,0.00,0.00%,0.00%,2701,8,0.30%
184,OLAY SKIN_Shop ADS 24823,Ongoing,Shop Ad,-,-,Custom,Manual Bidding,-,serum,Broad Match,24/08/2023 00:00:00,Unlimited,256,7,2.73%,0,0,0.00%,0.00%,0.00,0.00,0,0,0.00,0.00,56.00,0.00,0.00,0.00%,0.00%,2140,8,0.37%
185,OLAY SKIN_Shop ADS 24823,Ongoing,Shop Ad,-,-,Custom,Manual Bidding,-,anti aging,Broad Match,24/08/2023 00:00:00,Unlimited,198,7,3.54%,1,1,14.29%,14.29%,56.00,56.00,1,1,235.00,235.00,56.00,4.20,4.20,23.83%,23.83%,1871,6,0.32%
186,OLAY SKIN_Shop ADS 24823,Ongoing,Shop Ad,-,-,Custom,Manual Bidding,-,eye cream,Broad Match,24/08/2023 00:00:00,Unlimited,179,2,1.12%,0,0,0.00%,0.00%,0.00,0.00,0,0,0.00,0.00,16.00,0.00,0.00,0.00%,0.00%,1732,1,0.06%
187,OLAY SKIN_Shop ADS 24823,Ongoing,Shop Ad,-,-,Custom,Manual Bidding,-,olay day and night cream,Broad Match,24/08/2023 00:00:00,Unlimited,178,10,5.62%,0,0,0.00%,0.00%,0.00,0.00,0,0,0.00,0.00,70.00,0.00,0.00,0.00%,0.00%,2041,14,0.69%
188,OLAY SKIN_Shop ADS 24823,Ongoing,Shop Ad,-,-,Custom,Manual Bidding,-,niacinamide,Broad Match,24/08/2023 00:00:00,Unlimited,98,5,5.10%,0,0,0.00%,0.00%,0.00,0.00,0,0,0.00,0.00,35.00,0.00,0.00,0.00%,0.00%,739,4,0.54%
189,OLAY SKIN_Shop ADS 24823,Ongoing,Shop Ad,-,-,Custom,Manual Bidding,-,face cream,Broad Match,24/08/2023 00:00:00,Unlimited,98,3,3.06%,0,0,0.00%,0.00%,0.00,0.00,0,0,0.00,0.00,21.00,0.00,0.00,0.00%,0.00%,624,2,0.32%
190,OLAY SKIN_Shop ADS 24823,Ongoing,Shop Ad,-,-,Custom,Manual Bidding,-,olay official store,Broad Match,24/08/2023 00:00:00,Unlimited,88,9,10.23%,1,1,11.11%,11.11%,72.00,72.00,2,2,140.00,140.00,72.00,1.94,1.94,51.43%,51.43%,1152,15,1.30%
191,OLAY SKIN_Shop ADS 24823,Ongoing,Shop Ad,-,-,Custom,Manual Bidding,-,collagen cream,Broad Match,24/08/2023 00:00:00,Unlimited,64,3,4.69%,0,0,0.00%,0.00%,0.00,0.00,0,0,0.00,0.00,24.00,0.00,0.00,0.00%,0.00%,384,2,0.52%
192,OLAY SKIN_Shop ADS 24823,Ongoing,Shop Ad,-,-,Custom,Manual Bidding,-,olay moisturizer for face,Broad Match,24/08/2023 00:00:00,Unlimited,49,4,8.16%,0,0,0.00%,0.00%,0.00,0.00,0,0,0.00,0.00,28.00,0.00,0.00,0.00%,0.00%,449,2,0.45%
193,OLAY SKIN_Shop ADS 24823,Ongoing,Shop Ad,-,-,Custom,Manual Bidding,-,collagen,Broad Match,24/08/2023 00:00:00,Unlimited,42,8,19.05%,0,0,0.00%,0.00%,0.00,0.00,0,0,0.00,0.00,64.00,0.00,0.00,0.00%,0.00%,403,13,3.23%
194,OLAY SKIN_Shop ADS 24823,Ongoing,Shop Ad,-,-,Custom,Manual Bidding,-,olay skin,Broad Match,24/08/2023 00:00:00,Unlimited,28,1,3.57%,0,0,0.00%,0.00%,0.00,0.00,0,0,0.00,0.00,8.00,0.00,0.00,0.00%,0.00%,259,1,0.39%
195,OLAY SKIN_Shop ADS 24823,Ongoing,Shop Ad,-,-,Custom,Manual Bidding,-,regenerist,Broad Match,24/08/2023 00:00:00,Unlimited,27,5,18.52%,0,0,0.00%,0.00%,0.00,0.00,0,0,0.00,0.00,40.00,0.00,0.00,0.00%,0.00%,345,5,1.45%
196,OLAY SKIN_Shop ADS 24823,Ongoing,Shop Ad,-,-,Custom,Manual Bidding,-,skin care,Broad Match,24/08/2023 00:00:00,Unlimited,26,1,3.85%,0,0,0.00%,0.00%,0.00,0.00,0,0,0.00,0.00,7.00,0.00,0.00,0.00%,0.00%,187,0,0.00%
197,OLAY SKIN_Shop ADS 24823,Ongoing,Shop Ad,-,-,Custom,Manual Bidding,-,cleanser,Broad Match,24/08/2023 00:00:00,Unlimited,16,1,6.25%,0,0,0.00%,0.00%,0.00,0.00,0,0,0.00,0.00,7.00,0.00,0.00,0.00%,0.00%,192,1,0.52%
198,OLAY SKIN_Shop ADS 24823,Ongoing,Shop Ad,-,-,Custom,Manual Bidding,-,retinol cream,Broad Match,24/08/2023 00:00:00,Unlimited,13,0,0.00%,0,0,0.00%,0.00%,0.00,0.00,0,0,0.00,0.00,0.00,0.00,0.00,0.00%,0.00%,130,0,0.00%
199,OLAY SKIN_Shop ADS 24823,Ongoing,Shop Ad,-,-,Custom,Manual Bidding,-,brightening cream,Broad Match,24/08/2023 00:00:00,Unlimited,10,0,0.00%,0,0,0.00%,0.00%,0.00,0.00,0,0,0.00,0.00,0.00,0.00,0.00,0.00%,0.00%,96,0,0.00%
200,OLAY SKIN_Shop ADS 24823,Ongoing,Shop Ad,-,-,Custom,Manual Bidding,-,olay cream day and night,Broad Match,24/08/2023 00:00:00,Unlimited,7,0,0.00%,0,0,0.00%,0.00%,0.00,0.00,0,0,0.00,0.00,0.00,0.00,0.00,0.00%,0.00%,70,0,0.00%
201,OLAY SKIN_Shop ADS 24823,Ongoing,Shop Ad,-,-,Custom,Manual Bidding,-,dark spot cream,Broad Match,24/08/2023 00:00:00,Unlimited,5,0,0.00%,0,0,0.00%,0.00%,0.00,0.00,0,0,0.00,0.00,0.00,0.00,0.00,0.00%,0.00%,20,0,0.00%
202,OLAY SKIN_Shop ADS 24823,Ongoing,Shop Ad,-,-,Custom,Manual Bidding,-,foaming cleanser,Broad Match,24/08/2023 00:00:00,Unlimited,4,2,50.00%,0,0,0.00%,0.00%,0.00,0.00,0,0,0.00,0.00,14.00,0.00,0.00,0.00%,0.00%,16,2,12.50%
203,OLAY SKIN_Shop ADS 24823,Ongoing,Shop Ad,-,-,Custom,Manual Bidding,-,dark spot,Broad Match,24/08/2023 00:00:00,Unlimited,4,0,0.00%,0,0,0.00%,0.00%,0.00,0.00,0,0,0.00,0.00,0.00,0.00,0.00,0.00%,0.00%,16,0,0.00%
204,OLAY SKIN_Shop ADS 24823,Ongoing,Shop Ad,-,-,Custom,Manual Bidding,-,olay white radiance,Broad Match,24/08/2023 00:00:00,Unlimited,2,1,50.00%,0,0,0.00%,0.00%,0.00,0.00,0,0,0.00,0.00,7.00,0.00,0.00,0.00%,0.00%,56,3,5.36%
